ISO-10303-21;
HEADER;
FILE_DESCRIPTION(('STEP AP242'),'1');
FILE_NAME('clema_rapida.stp','2024-04-11T18:55:38',(' '),(' '),'Spatial InterOp 3D',' ',' ');
FILE_SCHEMA(('AP242_MANAGED_MODEL_BASED_3D_ENGINEERING_MIM_LF  {1 0 10303 442 1 1 4}'));
ENDSEC;
DATA;
#1=MECHANICAL_DESIGN_GEOMETRIC_PRESENTATION_REPRESENTATION(' ',(#13,#14,#15,#16),#9);
#2=PRODUCT_DEFINITION_CONTEXT('',#17,'design');
#3=APPLICATION_PROTOCOL_DEFINITION('INTERNATIONAL STANDARD','ap242_managed_model_based_3d_engineering',2014,#17);
#4=PRODUCT_CATEGORY_RELATIONSHIP('NONE','NONE',#18,#19);
#5=SHAPE_DEFINITION_REPRESENTATION(#20,#21);
#6=SHAPE_DEFINITION_REPRESENTATION(#20,#22);
#7=SHAPE_DEFINITION_REPRESENTATION(#20,#23);
#8=SHAPE_DEFINITION_REPRESENTATION(#20,#24);
#9= (GEOMETRIC_REPRESENTATION_CONTEXT(3)GLOBAL_UNCERTAINTY_ASSIGNED_CONTEXT((#27))GLOBAL_UNIT_ASSIGNED_CONTEXT((#29,#30,#31))REPRESENTATION_CONTEXT('NONE','WORKSPACE'));
#13=STYLED_ITEM('',(#33),#34);
#14=STYLED_ITEM('',(#35),#36);
#15=STYLED_ITEM('',(#37),#38);
#16=STYLED_ITEM('',(#39),#40);
#17=APPLICATION_CONTEXT('managed model based 3d engineering');
#18=PRODUCT_CATEGORY('part','NONE');
#19=PRODUCT_RELATED_PRODUCT_CATEGORY('detail',' ',(#41));
#20=PRODUCT_DEFINITION_SHAPE('NONE','NONE',#42);
#21=ADVANCED_BREP_SHAPE_REPRESENTATION('Solid',(#34,#43),#9);
#22=ADVANCED_BREP_SHAPE_REPRESENTATION('Solid',(#36,#44),#9);
#23=ADVANCED_BREP_SHAPE_REPRESENTATION('Solid',(#38,#45),#9);
#24=ADVANCED_BREP_SHAPE_REPRESENTATION('Solid',(#40,#46),#9);
#27=UNCERTAINTY_MEASURE_WITH_UNIT(LENGTH_MEASURE(1.0E-08),#29,'','');
#29= (CONVERSION_BASED_UNIT('METRE',#49)LENGTH_UNIT()NAMED_UNIT(#52));
#30= (NAMED_UNIT(#54)PLANE_ANGLE_UNIT()SI_UNIT($,.RADIAN.));
#31= (NAMED_UNIT(#54)SOLID_ANGLE_UNIT()SI_UNIT($,.STERADIAN.));
#33=PRESENTATION_STYLE_ASSIGNMENT((#60));
#34=MANIFOLD_SOLID_BREP('Solid',#61);
#35=PRESENTATION_STYLE_ASSIGNMENT((#62));
#36=MANIFOLD_SOLID_BREP('Solid',#63);
#37=PRESENTATION_STYLE_ASSIGNMENT((#64));
#38=MANIFOLD_SOLID_BREP('Solid',#65);
#39=PRESENTATION_STYLE_ASSIGNMENT((#66));
#40=MANIFOLD_SOLID_BREP('Solid',#67);
#41=PRODUCT('Solid','','PART--DESC',(#68));
#42=PRODUCT_DEFINITION('','NONE',#69,#2);
#43=AXIS2_PLACEMENT_3D('',#70,#71,#72);
#44=AXIS2_PLACEMENT_3D('',#73,#74,#75);
#45=AXIS2_PLACEMENT_3D('',#76,#77,#78);
#46=AXIS2_PLACEMENT_3D('',#79,#80,#81);
#49=LENGTH_MEASURE_WITH_UNIT(LENGTH_MEASURE(1.0),#82);
#52=DIMENSIONAL_EXPONENTS(1.0,0.0,0.0,0.0,0.0,0.0,0.0);
#54=DIMENSIONAL_EXPONENTS(0.0,0.0,0.0,0.0,0.0,0.0,0.0);
#60=SURFACE_STYLE_USAGE(.BOTH.,#83);
#61=CLOSED_SHELL('',(#84,#85,#86,#87,#88,#89,#90,#91,#92,#93,#94,#95,#96,#97,#98,#99,#100,#101,#102,#103,#104,#105,#106,#107,#108,#109,#110,#111,#112,#113,#114,#115,#116,#117));
#62=SURFACE_STYLE_USAGE(.BOTH.,#118);
#63=CLOSED_SHELL('',(#119,#120,#121,#122,#123,#124,#125,#126));
#64=SURFACE_STYLE_USAGE(.BOTH.,#127);
#65=CLOSED_SHELL('',(#128,#129,#130,#131,#132,#133,#134,#135,#136,#137,#138,#139,#140,#141,#142,#143,#144,#145,#146,#147,#148,#149,#150));
#66=SURFACE_STYLE_USAGE(.BOTH.,#151);
#67=CLOSED_SHELL('',(#152,#153,#154,#155,#156,#157,#158,#159,#160,#161,#162,#163,#164,#165,#166,#167,#168,#169,#170,#171,#172,#173,#174,#175,#176,#177,#178,#179,#180,#181,#182,#183,#184,#185,#186,#187,#188,#189,#190,#191,#192,#193,#194,#195,#196,#197,#198,#199,#200,#201,#202,#203,#204,#205,#206,#207,#208,#209,#210,#211,#212,#213,#214,#215,#216,#217,#218,#219,#220,#221,#222,#223,#224,#225,#226,#227,#228,#229,#230,#231,#232));
#68=PRODUCT_CONTEXT('',#17,'mechanical');
#69=PRODUCT_DEFINITION_FORMATION_WITH_SPECIFIED_SOURCE(' ','NONE',#41,.NOT_KNOWN.);
#70=CARTESIAN_POINT('',(0.0,0.0,0.0));
#71=DIRECTION('',(0.0,0.0,1.0));
#72=DIRECTION('',(1.0,0.0,0.0));
#73=CARTESIAN_POINT('',(0.0,0.0,0.0));
#74=DIRECTION('',(0.0,0.0,1.0));
#75=DIRECTION('',(1.0,0.0,0.0));
#76=CARTESIAN_POINT('',(0.0,0.0,0.0));
#77=DIRECTION('',(0.0,0.0,1.0));
#78=DIRECTION('',(1.0,0.0,0.0));
#79=CARTESIAN_POINT('',(0.0,0.0,0.0));
#80=DIRECTION('',(0.0,0.0,1.0));
#81=DIRECTION('',(1.0,0.0,0.0));
#82= (NAMED_UNIT(#52)LENGTH_UNIT()SI_UNIT($,.METRE.));
#83=SURFACE_SIDE_STYLE('',(#234));
#84=ADVANCED_FACE('0:5981',(#235),#236,.T.);
#85=ADVANCED_FACE('1:2103',(#237),#238,.F.);
#86=ADVANCED_FACE('1:2100',(#239),#240,.F.);
#87=ADVANCED_FACE('2:8983',(#241),#242,.T.);
#88=ADVANCED_FACE('2:8986',(#243),#244,.T.);
#89=ADVANCED_FACE('2:8986',(#245),#246,.T.);
#90=ADVANCED_FACE('0:5984',(#247,#248,#249),#250,.F.);
#91=ADVANCED_FACE('0:5936',(#251),#252,.T.);
#92=ADVANCED_FACE('2:8983',(#253),#254,.T.);
#93=ADVANCED_FACE('0:5987',(#255,#256,#257),#258,.T.);
#94=ADVANCED_FACE('0:5942',(#259),#260,.T.);
#95=ADVANCED_FACE('2:3020',(#261),#262,.T.);
#96=ADVANCED_FACE('2:3023',(#263),#264,.T.);
#97=ADVANCED_FACE('0:5939',(#265),#266,.T.);
#98=ADVANCED_FACE('1:11258',(#267),#268,.F.);
#99=ADVANCED_FACE('1:11264',(#269),#270,.F.);
#100=ADVANCED_FACE('0:5981',(#271),#272,.T.);
#101=ADVANCED_FACE('1:2100',(#273),#274,.F.);
#102=ADVANCED_FACE('0:5957',(#275),#276,.T.);
#103=ADVANCED_FACE('1:11331',(#277),#278,.T.);
#104=ADVANCED_FACE('1:2103',(#279),#280,.F.);
#105=ADVANCED_FACE('1:11328',(#281),#282,.T.);
#106=ADVANCED_FACE('0:5933',(#283),#284,.T.);
#107=ADVANCED_FACE('0:5945',(#285),#286,.T.);
#108=ADVANCED_FACE('0:5948',(#287),#288,.T.);
#109=ADVANCED_FACE('0:5951',(#289),#290,.T.);
#110=ADVANCED_FACE('0:5930',(#291),#292,.T.);
#111=ADVANCED_FACE('0:5963',(#293),#294,.T.);
#112=ADVANCED_FACE('0:5966',(#295),#296,.T.);
#113=ADVANCED_FACE('0:5969',(#297),#298,.T.);
#114=ADVANCED_FACE('0:5972',(#299),#300,.T.);
#115=ADVANCED_FACE('0:5975',(#301),#302,.T.);
#116=ADVANCED_FACE('0:5978',(#303),#304,.T.);
#117=ADVANCED_FACE('0:5960',(#305),#306,.T.);
#118=SURFACE_SIDE_STYLE('',(#307));
#119=ADVANCED_FACE('1:2173',(#308),#309,.F.);
#120=ADVANCED_FACE('1:2173',(#310),#311,.F.);
#121=ADVANCED_FACE('0:6419',(#312,#313),#314,.T.);
#122=ADVANCED_FACE('0:6422',(#315),#316,.T.);
#123=ADVANCED_FACE('0:6425',(#317,#318),#319,.T.);
#124=ADVANCED_FACE('0:6416',(#320),#321,.T.);
#125=ADVANCED_FACE('0:6428',(#322),#323,.F.);
#126=ADVANCED_FACE('0:6431',(#324),#325,.T.);
#127=SURFACE_SIDE_STYLE('',(#326));
#128=ADVANCED_FACE('1:2239',(#327),#328,.F.);
#129=ADVANCED_FACE('1:2242',(#329),#330,.F.);
#130=ADVANCED_FACE('3:2790',(#331),#332,.T.);
#131=ADVANCED_FACE('3:2787',(#333),#334,.T.);
#132=ADVANCED_FACE('3:2784',(#335),#336,.T.);
#133=ADVANCED_FACE('3:2781',(#337),#338,.T.);
#134=ADVANCED_FACE('0:15473',(#339),#340,.F.);
#135=ADVANCED_FACE('0:15173',(#341,#342),#343,.T.);
#136=ADVANCED_FACE('0:15191',(#344,#345),#346,.T.);
#137=ADVANCED_FACE('0:15167',(#347,#348),#349,.T.);
#138=ADVANCED_FACE('3:1479',(#350),#351,.T.);
#139=ADVANCED_FACE('3:1476',(#352),#353,.T.);
#140=ADVANCED_FACE('0:22861',(#354),#355,.T.);
#141=ADVANCED_FACE('0:20206',(#356),#357,.T.);
#142=ADVANCED_FACE('1:2242',(#358),#359,.F.);
#143=ADVANCED_FACE('1:2239',(#360),#361,.F.);
#144=ADVANCED_FACE('0:15170',(#362),#363,.T.);
#145=ADVANCED_FACE('0:15176',(#364),#365,.T.);
#146=ADVANCED_FACE('0:15179',(#366),#367,.T.);
#147=ADVANCED_FACE('0:15185',(#368,#369),#370,.T.);
#148=ADVANCED_FACE('0:15188',(#371),#372,.T.);
#149=ADVANCED_FACE('0:15332',(#373),#374,.T.);
#150=ADVANCED_FACE('0:15476',(#375),#376,.T.);
#151=SURFACE_SIDE_STYLE('',(#377));
#152=ADVANCED_FACE('4:24141',(#378),#379,.F.);
#153=ADVANCED_FACE('4:24135',(#380),#381,.F.);
#154=ADVANCED_FACE('4:24129',(#382),#383,.F.);
#155=ADVANCED_FACE('4:24123',(#384),#385,.F.);
#156=ADVANCED_FACE('4:24117',(#386),#387,.F.);
#157=ADVANCED_FACE('4:24050',(#388),#389,.F.);
#158=ADVANCED_FACE('4:24171',(#390),#391,.F.);
#159=ADVANCED_FACE('4:24165',(#392),#393,.F.);
#160=ADVANCED_FACE('4:24159',(#394),#395,.F.);
#161=ADVANCED_FACE('4:24153',(#396),#397,.F.);
#162=ADVANCED_FACE('4:24147',(#398),#399,.F.);
#163=ADVANCED_FACE('4:30077',(#400),#401,.T.);
#164=ADVANCED_FACE('4:30071',(#402),#403,.T.);
#165=ADVANCED_FACE('4:30065',(#404),#405,.T.);
#166=ADVANCED_FACE('4:30059',(#406),#407,.T.);
#167=ADVANCED_FACE('4:30053',(#408),#409,.T.);
#168=ADVANCED_FACE('4:30047',(#410),#411,.T.);
#169=ADVANCED_FACE('4:30041',(#412),#413,.T.);
#170=ADVANCED_FACE('4:30035',(#414),#415,.T.);
#171=ADVANCED_FACE('4:30029',(#416),#417,.T.);
#172=ADVANCED_FACE('4:30023',(#418),#419,.T.);
#173=ADVANCED_FACE('5:9620',(#420),#421,.F.);
#174=ADVANCED_FACE('5:9930',(#422),#423,.T.);
#175=ADVANCED_FACE('4:24469',(#424),#425,.F.);
#176=ADVANCED_FACE('4:24469',(#426),#427,.F.);
#177=ADVANCED_FACE('6:1742',(#428),#429,.T.);
#178=ADVANCED_FACE('6:1739',(#430),#431,.T.);
#179=ADVANCED_FACE('6:1736',(#432),#433,.T.);
#180=ADVANCED_FACE('6:1733',(#434),#435,.T.);
#181=ADVANCED_FACE('6:1730',(#436),#437,.T.);
#182=ADVANCED_FACE('6:1727',(#438),#439,.T.);
#183=ADVANCED_FACE('6:159',(#440,#441),#442,.T.);
#184=ADVANCED_FACE('6:162',(#443,#444),#445,.T.);
#185=ADVANCED_FACE('5:9930',(#446),#447,.T.);
#186=ADVANCED_FACE('5:9620',(#448),#449,.F.);
#187=ADVANCED_FACE('5:5245',(#450,#451),#452,.F.);
#188=ADVANCED_FACE('5:5248',(#453,#454),#455,.F.);
#189=ADVANCED_FACE('4:30080',(#456),#457,.T.);
#190=ADVANCED_FACE('4:30017',(#458),#459,.T.);
#191=ADVANCED_FACE('4:30020',(#460),#461,.T.);
#192=ADVANCED_FACE('4:30023',(#462),#463,.T.);
#193=ADVANCED_FACE('4:30026',(#464),#465,.T.);
#194=ADVANCED_FACE('4:30029',(#466),#467,.T.);
#195=ADVANCED_FACE('4:30032',(#468),#469,.T.);
#196=ADVANCED_FACE('4:30035',(#470),#471,.T.);
#197=ADVANCED_FACE('4:30038',(#472),#473,.T.);
#198=ADVANCED_FACE('4:30041',(#474),#475,.T.);
#199=ADVANCED_FACE('4:30044',(#476),#477,.T.);
#200=ADVANCED_FACE('4:30047',(#478),#479,.T.);
#201=ADVANCED_FACE('4:30050',(#480),#481,.T.);
#202=ADVANCED_FACE('4:30053',(#482),#483,.T.);
#203=ADVANCED_FACE('4:30056',(#484),#485,.T.);
#204=ADVANCED_FACE('4:30059',(#486),#487,.T.);
#205=ADVANCED_FACE('4:30062',(#488),#489,.T.);
#206=ADVANCED_FACE('4:30065',(#490),#491,.T.);
#207=ADVANCED_FACE('4:30068',(#492),#493,.T.);
#208=ADVANCED_FACE('4:30071',(#494),#495,.T.);
#209=ADVANCED_FACE('4:30074',(#496),#497,.T.);
#210=ADVANCED_FACE('4:30077',(#498),#499,.T.);
#211=ADVANCED_FACE('4:24150',(#500),#501,.T.);
#212=ADVANCED_FACE('4:24147',(#502),#503,.F.);
#213=ADVANCED_FACE('4:24156',(#504),#505,.T.);
#214=ADVANCED_FACE('4:24153',(#506),#507,.F.);
#215=ADVANCED_FACE('4:24162',(#508),#509,.T.);
#216=ADVANCED_FACE('4:24159',(#510),#511,.F.);
#217=ADVANCED_FACE('4:24168',(#512),#513,.T.);
#218=ADVANCED_FACE('4:24165',(#514),#515,.F.);
#219=ADVANCED_FACE('4:24174',(#516),#517,.T.);
#220=ADVANCED_FACE('4:24171',(#518),#519,.F.);
#221=ADVANCED_FACE('4:24047',(#520),#521,.T.);
#222=ADVANCED_FACE('4:24050',(#522),#523,.F.);
#223=ADVANCED_FACE('4:24120',(#524),#525,.T.);
#224=ADVANCED_FACE('4:24117',(#526),#527,.F.);
#225=ADVANCED_FACE('4:24123',(#528),#529,.F.);
#226=ADVANCED_FACE('4:24129',(#530),#531,.F.);
#227=ADVANCED_FACE('4:24135',(#532),#533,.F.);
#228=ADVANCED_FACE('4:24141',(#534),#535,.F.);
#229=ADVANCED_FACE('4:24126',(#536),#537,.T.);
#230=ADVANCED_FACE('4:24132',(#538),#539,.T.);
#231=ADVANCED_FACE('4:24138',(#540),#541,.T.);
#232=ADVANCED_FACE('4:24144',(#542),#543,.T.);
#234=SURFACE_STYLE_FILL_AREA(#544);
#235=FACE_OUTER_BOUND('',#545,.T.);
#236=SURFACE_OF_LINEAR_EXTRUSION('',#546,#547);
#237=FACE_OUTER_BOUND('',#548,.T.);
#238=CYLINDRICAL_SURFACE('',#549,0.00325);
#239=FACE_OUTER_BOUND('',#550,.T.);
#240=CYLINDRICAL_SURFACE('',#551,0.00325);
#241=FACE_OUTER_BOUND('',#552,.T.);
#242=CYLINDRICAL_SURFACE('',#553,0.01);
#243=FACE_OUTER_BOUND('',#554,.T.);
#244=CYLINDRICAL_SURFACE('',#555,0.01);
#245=FACE_OUTER_BOUND('',#556,.T.);
#246=CYLINDRICAL_SURFACE('',#557,0.01);
#247=FACE_BOUND('',#558,.T.);
#248=FACE_BOUND('',#559,.T.);
#249=FACE_OUTER_BOUND('',#560,.T.);
#250=PLANE('',#561);
#251=FACE_OUTER_BOUND('',#562,.T.);
#252=SURFACE_OF_LINEAR_EXTRUSION('',#563,#564);
#253=FACE_OUTER_BOUND('',#565,.T.);
#254=CYLINDRICAL_SURFACE('',#566,0.01);
#255=FACE_BOUND('',#567,.T.);
#256=FACE_BOUND('',#568,.T.);
#257=FACE_OUTER_BOUND('',#569,.T.);
#258=PLANE('',#570);
#259=FACE_OUTER_BOUND('',#571,.T.);
#260=SURFACE_OF_LINEAR_EXTRUSION('',#572,#573);
#261=FACE_OUTER_BOUND('',#574,.T.);
#262=CYLINDRICAL_SURFACE('',#575,0.0470000000000002);
#263=FACE_OUTER_BOUND('',#576,.T.);
#264=CYLINDRICAL_SURFACE('',#577,0.0470000000000003);
#265=FACE_OUTER_BOUND('',#578,.T.);
#266=SURFACE_OF_LINEAR_EXTRUSION('',#579,#580);
#267=FACE_OUTER_BOUND('',#581,.T.);
#268=PLANE('',#582);
#269=FACE_OUTER_BOUND('',#583,.T.);
#270=PLANE('',#584);
#271=FACE_OUTER_BOUND('',#585,.T.);
#272=SURFACE_OF_LINEAR_EXTRUSION('',#586,#587);
#273=FACE_OUTER_BOUND('',#588,.T.);
#274=CYLINDRICAL_SURFACE('',#589,0.00325);
#275=FACE_OUTER_BOUND('',#590,.T.);
#276=SURFACE_OF_LINEAR_EXTRUSION('',#591,#592);
#277=FACE_OUTER_BOUND('',#593,.T.);
#278=SURFACE_OF_LINEAR_EXTRUSION('',#594,#595);
#279=FACE_OUTER_BOUND('',#596,.T.);
#280=CYLINDRICAL_SURFACE('',#597,0.00325);
#281=FACE_OUTER_BOUND('',#598,.T.);
#282=SURFACE_OF_LINEAR_EXTRUSION('',#599,#600);
#283=FACE_OUTER_BOUND('',#601,.T.);
#284=SURFACE_OF_LINEAR_EXTRUSION('',#602,#603);
#285=FACE_OUTER_BOUND('',#604,.T.);
#286=SURFACE_OF_LINEAR_EXTRUSION('',#605,#606);
#287=FACE_OUTER_BOUND('',#607,.T.);
#288=SURFACE_OF_LINEAR_EXTRUSION('',#608,#609);
#289=FACE_OUTER_BOUND('',#610,.T.);
#290=SURFACE_OF_LINEAR_EXTRUSION('',#611,#612);
#291=FACE_OUTER_BOUND('',#613,.T.);
#292=SURFACE_OF_LINEAR_EXTRUSION('',#614,#615);
#293=FACE_OUTER_BOUND('',#616,.T.);
#294=SURFACE_OF_LINEAR_EXTRUSION('',#617,#618);
#295=FACE_OUTER_BOUND('',#619,.T.);
#296=SURFACE_OF_LINEAR_EXTRUSION('',#620,#621);
#297=FACE_OUTER_BOUND('',#622,.T.);
#298=SURFACE_OF_LINEAR_EXTRUSION('',#623,#624);
#299=FACE_OUTER_BOUND('',#625,.T.);
#300=SURFACE_OF_LINEAR_EXTRUSION('',#626,#627);
#301=FACE_OUTER_BOUND('',#628,.T.);
#302=SURFACE_OF_LINEAR_EXTRUSION('',#629,#630);
#303=FACE_OUTER_BOUND('',#631,.T.);
#304=SURFACE_OF_LINEAR_EXTRUSION('',#632,#633);
#305=FACE_OUTER_BOUND('',#634,.T.);
#306=SURFACE_OF_LINEAR_EXTRUSION('',#635,#636);
#307=SURFACE_STYLE_FILL_AREA(#637);
#308=FACE_OUTER_BOUND('',#638,.T.);
#309=CYLINDRICAL_SURFACE('',#639,0.00325);
#310=FACE_OUTER_BOUND('',#640,.T.);
#311=CYLINDRICAL_SURFACE('',#641,0.00325);
#312=FACE_BOUND('',#642,.T.);
#313=FACE_OUTER_BOUND('',#643,.T.);
#314=SURFACE_OF_LINEAR_EXTRUSION('',#644,#645);
#315=FACE_OUTER_BOUND('',#646,.T.);
#316=SURFACE_OF_LINEAR_EXTRUSION('',#647,#648);
#317=FACE_BOUND('',#649,.T.);
#318=FACE_OUTER_BOUND('',#650,.T.);
#319=SURFACE_OF_LINEAR_EXTRUSION('',#651,#652);
#320=FACE_OUTER_BOUND('',#653,.T.);
#321=SURFACE_OF_LINEAR_EXTRUSION('',#654,#655);
#322=FACE_OUTER_BOUND('',#656,.T.);
#323=PLANE('',#657);
#324=FACE_OUTER_BOUND('',#658,.T.);
#325=PLANE('',#659);
#326=SURFACE_STYLE_FILL_AREA(#660);
#327=FACE_OUTER_BOUND('',#661,.T.);
#328=CYLINDRICAL_SURFACE('',#662,0.00325);
#329=FACE_OUTER_BOUND('',#663,.T.);
#330=CYLINDRICAL_SURFACE('',#664,0.00325);
#331=FACE_OUTER_BOUND('',#665,.T.);
#332=B_SPLINE_SURFACE_WITH_KNOTS('',3,3,((#666,#667,#668,#669,#670,#671,#672,#673,#674,#675,#676,#677,#678,#679),(#680,#681,#682,#683,#684,#685,#686,#687,#688,#689,#690,#691,#692,#693),(#694,#695,#696,#697,#698,#699,#700,#701,#702,#703,#704,#705,#706,#707),(#708,#709,#710,#711,#712,#713,#714,#715,#716,#717,#718,#719,#720,#721),(#722,#723,#724,#725,#726,#727,#728,#729,#730,#731,#732,#733,#734,#735),(#736,#737,#738,#739,#740,#741,#742,#743,#744,#745,#746,#747,#748,#749),(#750,#751,#752,#753,#754,#755,#756,#757,#758,#759,#760,#761,#762,#763),(#764,#765,#766,#767,#768,#769,#770,#771,#772,#773,#774,#775,#776,#777),(#778,#779,#780,#781,#782,#783,#784,#785,#786,#787,#788,#789,#790,#791),(#792,#793,#794,#795,#796,#797,#798,#799,#800,#801,#802,#803,#804,#805)),.UNSPECIFIED.,.F.,.F.,.F.,(4,2,2,2,4),(4,2,2,2,2,2,4),(-0.0434224325096694,-0.0425990619840886,-0.0348695453194619,-0.0225023186560591,-0.0072811011047684),(0.0,0.166666666666667,0.333333333333333,0.5,0.666666666666667,0.833333333333333,1.0),.UNSPECIFIED.);
#333=FACE_OUTER_BOUND('',#806,.T.);
#334=B_SPLINE_SURFACE_WITH_KNOTS('',3,3,((#807,#808,#809,#810,#811,#812,#813,#814,#815,#816,#817,#818,#819,#820),(#821,#822,#823,#824,#825,#826,#827,#828,#829,#830,#831,#832,#833,#834),(#835,#836,#837,#838,#839,#840,#841,#842,#843,#844,#845,#846,#847,#848),(#849,#850,#851,#852,#853,#854,#855,#856,#857,#858,#859,#860,#861,#862),(#863,#864,#865,#866,#867,#868,#869,#870,#871,#872,#873,#874,#875,#876),(#877,#878,#879,#880,#881,#882,#883,#884,#885,#886,#887,#888,#889,#890)),.UNSPECIFIED.,.F.,.F.,.F.,(4,2,4),(4,2,2,2,2,2,4),(0.0363779340921079,0.0465035693439405,0.0531220659078919),(0.0,0.166666666666667,0.333333333333333,0.5,0.666666666666667,0.833333333333333,1.0),.UNSPECIFIED.);
#335=FACE_OUTER_BOUND('',#891,.T.);
#336=B_SPLINE_SURFACE_WITH_KNOTS('',3,3,((#892,#893,#894,#895,#896,#897,#898,#899,#900,#901,#902,#903,#904,#905),(#906,#907,#908,#909,#910,#911,#912,#913,#914,#915,#916,#917,#918,#919),(#920,#921,#922,#923,#924,#925,#926,#927,#928,#929,#930,#931,#932,#933),(#934,#935,#936,#937,#938,#939,#940,#941,#942,#943,#944,#945,#946,#947),(#948,#949,#950,#951,#952,#953,#954,#955,#956,#957,#958,#959,#960,#961),(#962,#963,#964,#965,#966,#967,#968,#969,#970,#971,#972,#973,#974,#975)),.UNSPECIFIED.,.F.,.F.,.F.,(4,2,4),(4,2,2,2,2,2,4),(-0.035622065907892,-0.0254964306560595,-0.0188779340921081),(0.0,0.166666666666667,0.333333333333333,0.5,0.666666666666667,0.833333333333333,1.0),.UNSPECIFIED.);
#337=FACE_OUTER_BOUND('',#976,.T.);
#338=B_SPLINE_SURFACE_WITH_KNOTS('',3,3,((#977,#978,#979,#980,#981,#982,#983,#984,#985,#986,#987,#988,#989,#990),(#991,#992,#993,#994,#995,#996,#997,#998,#999,#1000,#1001,#1002,#1003,#1004),(#1005,#1006,#1007,#1008,#1009,#1010,#1011,#1012,#1013,#1014,#1015,#1016,#1017,#1018),(#1019,#1020,#1021,#1022,#1023,#1024,#1025,#1026,#1027,#1028,#1029,#1030,#1031,#1032),(#1033,#1034,#1035,#1036,#1037,#1038,#1039,#1040,#1041,#1042,#1043,#1044,#1045,#1046),(#1047,#1048,#1049,#1050,#1051,#1052,#1053,#1054,#1055,#1056,#1057,#1058,#1059,#1060),(#1061,#1062,#1063,#1064,#1065,#1066,#1067,#1068,#1069,#1070,#1071,#1072,#1073,#1074),(#1075,#1076,#1077,#1078,#1079,#1080,#1081,#1082,#1083,#1084,#1085,#1086,#1087,#1088),(#1089,#1090,#1091,#1092,#1093,#1094,#1095,#1096,#1097,#1098,#1099,#1100,#1101,#1102),(#1103,#1104,#1105,#1106,#1107,#1108,#1109,#1110,#1111,#1112,#1113,#1114,#1115,#1116)),.UNSPECIFIED.,.F.,.F.,.F.,(4,2,2,2,4),(4,2,2,2,2,2,4),(0.0285278629268304,0.0294009380159115,0.0371304546805382,0.049497681343941,0.0647686034587318),(0.0,0.166666666666667,0.333333333333333,0.5,0.666666666666667,0.833333333333333,1.0),.UNSPECIFIED.);
#339=FACE_OUTER_BOUND('',#1117,.T.);
#340=PLANE('',#1118);
#341=FACE_BOUND('',#1119,.T.);
#342=FACE_OUTER_BOUND('',#1120,.T.);
#343=SURFACE_OF_LINEAR_EXTRUSION('',#1121,#1122);
#344=FACE_BOUND('',#1123,.T.);
#345=FACE_OUTER_BOUND('',#1124,.T.);
#346=SURFACE_OF_LINEAR_EXTRUSION('',#1125,#1126);
#347=FACE_OUTER_BOUND('',#1127,.T.);
#348=FACE_BOUND('',#1128,.T.);
#349=SURFACE_OF_LINEAR_EXTRUSION('',#1129,#1130);
#350=FACE_OUTER_BOUND('',#1131,.T.);
#351=B_SPLINE_SURFACE_WITH_KNOTS('',3,3,((#1132,#1133,#1134,#1135,#1136,#1137,#1138,#1139,#1140,#1141,#1142,#1143,#1144,#1145),(#1146,#1147,#1148,#1149,#1150,#1151,#1152,#1153,#1154,#1155,#1156,#1157,#1158,#1159),(#1160,#1161,#1162,#1163,#1164,#1165,#1166,#1167,#1168,#1169,#1170,#1171,#1172,#1173),(#1174,#1175,#1176,#1177,#1178,#1179,#1180,#1181,#1182,#1183,#1184,#1185,#1186,#1187),(#1188,#1189,#1190,#1191,#1192,#1193,#1194,#1195,#1196,#1197,#1198,#1199,#1200,#1201),(#1202,#1203,#1204,#1205,#1206,#1207,#1208,#1209,#1210,#1211,#1212,#1213,#1214,#1215),(#1216,#1217,#1218,#1219,#1220,#1221,#1222,#1223,#1224,#1225,#1226,#1227,#1228,#1229),(#1230,#1231,#1232,#1233,#1234,#1235,#1236,#1237,#1238,#1239,#1240,#1241,#1242,#1243),(#1244,#1245,#1246,#1247,#1248,#1249,#1250,#1251,#1252,#1253,#1254,#1255,#1256,#1257),(#1258,#1259,#1260,#1261,#1262,#1263,#1264,#1265,#1266,#1267,#1268,#1269,#1270,#1271),(#1272,#1273,#1274,#1275,#1276,#1277,#1278,#1279,#1280,#1281,#1282,#1283,#1284,#1285),(#1286,#1287,#1288,#1289,#1290,#1291,#1292,#1293,#1294,#1295,#1296,#1297,#1298,#1299),(#1300,#1301,#1302,#1303,#1304,#1305,#1306,#1307,#1308,#1309,#1310,#1311,#1312,#1313),(#1314,#1315,#1316,#1317,#1318,#1319,#1320,#1321,#1322,#1323,#1324,#1325,#1326,#1327)),.UNSPECIFIED.,.F.,.F.,.F.,(4,2,2,2,2,2,4),(4,2,2,2,2,2,4),(-0.0200000197643512,-0.0190307006791744,-0.0157024890654091,-0.0136223568068058,-0.0115422245482025,-0.0082140129344372,-0.0049999802356588),(0.0,0.166666666666667,0.333333333333333,0.5,0.666666666666667,0.833333333333333,1.0),.UNSPECIFIED.);
#352=FACE_OUTER_BOUND('',#1328,.T.);
#353=B_SPLINE_SURFACE_WITH_KNOTS('',3,3,((#1329,#1330,#1331,#1332,#1333,#1334,#1335,#1336,#1337,#1338,#1339,#1340,#1341,#1342),(#1343,#1344,#1345,#1346,#1347,#1348,#1349,#1350,#1351,#1352,#1353,#1354,#1355,#1356),(#1357,#1358,#1359,#1360,#1361,#1362,#1363,#1364,#1365,#1366,#1367,#1368,#1369,#1370),(#1371,#1372,#1373,#1374,#1375,#1376,#1377,#1378,#1379,#1380,#1381,#1382,#1383,#1384),(#1385,#1386,#1387,#1388,#1389,#1390,#1391,#1392,#1393,#1394,#1395,#1396,#1397,#1398),(#1399,#1400,#1401,#1402,#1403,#1404,#1405,#1406,#1407,#1408,#1409,#1410,#1411,#1412),(#1413,#1414,#1415,#1416,#1417,#1418,#1419,#1420,#1421,#1422,#1423,#1424,#1425,#1426),(#1427,#1428,#1429,#1430,#1431,#1432,#1433,#1434,#1435,#1436,#1437,#1438,#1439,#1440),(#1441,#1442,#1443,#1444,#1445,#1446,#1447,#1448,#1449,#1450,#1451,#1452,#1453,#1454),(#1455,#1456,#1457,#1458,#1459,#1460,#1461,#1462,#1463,#1464,#1465,#1466,#1467,#1468),(#1469,#1470,#1471,#1472,#1473,#1474,#1475,#1476,#1477,#1478,#1479,#1480,#1481,#1482),(#1483,#1484,#1485,#1486,#1487,#1488,#1489,#1490,#1491,#1492,#1493,#1494,#1495,#1496),(#1497,#1498,#1499,#1500,#1501,#1502,#1503,#1504,#1505,#1506,#1507,#1508,#1509,#1510),(#1511,#1512,#1513,#1514,#1515,#1516,#1517,#1518,#1519,#1520,#1521,#1522,#1523,#1524)),.UNSPECIFIED.,.F.,.F.,.F.,(4,2,2,2,2,2,4),(4,2,2,2,2,2,4),(0.0038052852138272,0.00672187719755457,0.00954245424184768,0.0113053148945309,0.0130681755472141,0.0158887525915072,0.0188053389642409),(0.0,0.166666666666667,0.333333333333333,0.5,0.666666666666667,0.833333333333333,1.0),.UNSPECIFIED.);
#354=FACE_OUTER_BOUND('',#1525,.T.);
#355=B_SPLINE_SURFACE_WITH_KNOTS('',3,3,((#1526,#1527,#1528,#1529,#1530,#1531,#1532,#1533,#1534,#1535,#1536,#1537,#1538),(#1539,#1540,#1541,#1542,#1543,#1544,#1545,#1546,#1547,#1548,#1549,#1550,#1551),(#1552,#1553,#1554,#1555,#1556,#1557,#1558,#1559,#1560,#1561,#1562,#1563,#1564),(#1565,#1566,#1567,#1568,#1569,#1570,#1571,#1572,#1573,#1574,#1575,#1576,#1577),(#1578,#1579,#1580,#1581,#1582,#1583,#1584,#1585,#1586,#1587,#1588,#1589,#1590),(#1591,#1592,#1593,#1594,#1595,#1596,#1597,#1598,#1599,#1600,#1601,#1602,#1603),(#1604,#1605,#1606,#1607,#1608,#1609,#1610,#1611,#1612,#1613,#1614,#1615,#1616),(#1617,#1618,#1619,#1620,#1621,#1622,#1623,#1624,#1625,#1626,#1627,#1628,#1629),(#1630,#1631,#1632,#1633,#1634,#1635,#1636,#1637,#1638,#1639,#1640,#1641,#1642),(#1643,#1644,#1645,#1646,#1647,#1648,#1649,#1650,#1651,#1652,#1653,#1654,#1655),(#1656,#1657,#1658,#1659,#1660,#1661,#1662,#1663,#1664,#1665,#1666,#1667,#1668),(#1669,#1670,#1671,#1672,#1673,#1674,#1675,#1676,#1677,#1678,#1679,#1680,#1681)),.UNSPECIFIED.,.F.,.F.,.F.,(4,3,1,1,3,4),(4,1,1,1,1,1,1,1,1,1,4),(0.0778186655852987,0.0827777661308489,0.0833333329671496,0.916666669111034,0.917222243856223,0.922180510327169),(0.0737773447079151,0.104945809770399,0.169665145502982,0.235491226341713,0.302435594147869,0.369813852618221,0.438014279054572,0.506631231615222,0.574572695815859,0.643319132307679,0.691466447394026),.UNSPECIFIED.);
#356=FACE_OUTER_BOUND('',#1682,.T.);
#357=B_SPLINE_SURFACE_WITH_KNOTS('',3,3,((#1683,#1684,#1685,#1686,#1687,#1688,#1689,#1690,#1691,#1692,#1693,#1694,#1695,#1696),(#1697,#1698,#1699,#1700,#1701,#1702,#1703,#1704,#1705,#1706,#1707,#1708,#1709,#1710),(#1711,#1712,#1713,#1714,#1715,#1716,#1717,#1718,#1719,#1720,#1721,#1722,#1723,#1724),(#1725,#1726,#1727,#1728,#1729,#1730,#1731,#1732,#1733,#1734,#1735,#1736,#1737,#1738),(#1739,#1740,#1741,#1742,#1743,#1744,#1745,#1746,#1747,#1748,#1749,#1750,#1751,#1752),(#1753,#1754,#1755,#1756,#1757,#1758,#1759,#1760,#1761,#1762,#1763,#1764,#1765,#1766),(#1767,#1768,#1769,#1770,#1771,#1772,#1773,#1774,#1775,#1776,#1777,#1778,#1779,#1780),(#1781,#1782,#1783,#1784,#1785,#1786,#1787,#1788,#1789,#1790,#1791,#1792,#1793,#1794),(#1795,#1796,#1797,#1798,#1799,#1800,#1801,#1802,#1803,#1804,#1805,#1806,#1807,#1808),(#1809,#1810,#1811,#1812,#1813,#1814,#1815,#1816,#1817,#1818,#1819,#1820,#1821,#1822),(#1823,#1824,#1825,#1826,#1827,#1828,#1829,#1830,#1831,#1832,#1833,#1834,#1835,#1836),(#1837,#1838,#1839,#1840,#1841,#1842,#1843,#1844,#1845,#1846,#1847,#1848,#1849,#1850)),.UNSPECIFIED.,.F.,.F.,.F.,(4,3,1,1,3,4),(4,1,1,1,1,1,1,1,1,1,1,4),(0.0778714458324844,0.0827777691112806,0.083333332807452,0.916666653509424,0.917222230960429,0.92212907975243),(0.202328020708456,0.216374032707834,0.285431405206881,0.354007341566177,0.422833061362623,0.491066043595965,0.558415680998308,0.625223099748878,0.691697044615637,0.755987310679199,0.819323830420169,0.819476162297834),.UNSPECIFIED.);
#358=FACE_OUTER_BOUND('',#1851,.T.);
#359=CYLINDRICAL_SURFACE('',#1852,0.00325);
#360=FACE_OUTER_BOUND('',#1853,.T.);
#361=CYLINDRICAL_SURFACE('',#1854,0.00325);
#362=FACE_OUTER_BOUND('',#1855,.T.);
#363=SURFACE_OF_LINEAR_EXTRUSION('',#1856,#1857);
#364=FACE_OUTER_BOUND('',#1858,.T.);
#365=SURFACE_OF_LINEAR_EXTRUSION('',#1859,#1860);
#366=FACE_OUTER_BOUND('',#1861,.T.);
#367=SURFACE_OF_LINEAR_EXTRUSION('',#1862,#1863);
#368=FACE_OUTER_BOUND('',#1864,.T.);
#369=FACE_BOUND('',#1865,.T.);
#370=SURFACE_OF_LINEAR_EXTRUSION('',#1866,#1867);
#371=FACE_OUTER_BOUND('',#1868,.T.);
#372=SURFACE_OF_LINEAR_EXTRUSION('',#1869,#1870);
#373=FACE_OUTER_BOUND('',#1871,.T.);
#374=SURFACE_OF_LINEAR_EXTRUSION('',#1872,#1873);
#375=FACE_OUTER_BOUND('',#1874,.T.);
#376=PLANE('',#1875);
#377=SURFACE_STYLE_FILL_AREA(#1876);
#378=FACE_OUTER_BOUND('',#1877,.T.);
#379=CYLINDRICAL_SURFACE('',#1878,0.0015);
#380=FACE_OUTER_BOUND('',#1879,.T.);
#381=CYLINDRICAL_SURFACE('',#1880,0.0015);
#382=FACE_OUTER_BOUND('',#1881,.T.);
#383=CYLINDRICAL_SURFACE('',#1882,0.0015);
#384=FACE_OUTER_BOUND('',#1883,.T.);
#385=CYLINDRICAL_SURFACE('',#1884,0.0015);
#386=FACE_OUTER_BOUND('',#1885,.T.);
#387=CYLINDRICAL_SURFACE('',#1886,0.0015);
#388=FACE_OUTER_BOUND('',#1887,.T.);
#389=CYLINDRICAL_SURFACE('',#1888,0.0015);
#390=FACE_OUTER_BOUND('',#1889,.T.);
#391=CYLINDRICAL_SURFACE('',#1890,0.0015);
#392=FACE_OUTER_BOUND('',#1891,.T.);
#393=CYLINDRICAL_SURFACE('',#1892,0.0015);
#394=FACE_OUTER_BOUND('',#1893,.T.);
#395=CYLINDRICAL_SURFACE('',#1894,0.0015);
#396=FACE_OUTER_BOUND('',#1895,.T.);
#397=CYLINDRICAL_SURFACE('',#1896,0.0015);
#398=FACE_OUTER_BOUND('',#1897,.T.);
#399=CYLINDRICAL_SURFACE('',#1898,0.0015);
#400=FACE_OUTER_BOUND('',#1899,.T.);
#401=TOROIDAL_SURFACE('',#1900,0.0025,0.001);
#402=FACE_OUTER_BOUND('',#1901,.T.);
#403=TOROIDAL_SURFACE('',#1902,0.0025,0.001);
#404=FACE_OUTER_BOUND('',#1903,.T.);
#405=TOROIDAL_SURFACE('',#1904,0.0025,0.001);
#406=FACE_OUTER_BOUND('',#1905,.T.);
#407=TOROIDAL_SURFACE('',#1906,0.0025,0.001);
#408=FACE_OUTER_BOUND('',#1907,.T.);
#409=TOROIDAL_SURFACE('',#1908,0.0025,0.001);
#410=FACE_OUTER_BOUND('',#1909,.T.);
#411=TOROIDAL_SURFACE('',#1910,0.0025,0.001);
#412=FACE_OUTER_BOUND('',#1911,.T.);
#413=TOROIDAL_SURFACE('',#1912,0.0025,0.001);
#414=FACE_OUTER_BOUND('',#1913,.T.);
#415=TOROIDAL_SURFACE('',#1914,0.0025,0.001);
#416=FACE_OUTER_BOUND('',#1915,.T.);
#417=TOROIDAL_SURFACE('',#1916,0.0025,0.001);
#418=FACE_OUTER_BOUND('',#1917,.T.);
#419=TOROIDAL_SURFACE('',#1918,0.0025,0.001);
#420=FACE_OUTER_BOUND('',#1919,.T.);
#421=CYLINDRICAL_SURFACE('',#1920,0.006);
#422=FACE_OUTER_BOUND('',#1921,.T.);
#423=TOROIDAL_SURFACE('',#1922,0.0068,0.0008);
#424=FACE_OUTER_BOUND('',#1923,.T.);
#425=CYLINDRICAL_SURFACE('',#1924,0.00325);
#426=FACE_OUTER_BOUND('',#1925,.T.);
#427=CYLINDRICAL_SURFACE('',#1926,0.00325);
#428=FACE_OUTER_BOUND('',#1927,.T.);
#429=PLANE('',#1928);
#430=FACE_OUTER_BOUND('',#1929,.T.);
#431=PLANE('',#1930);
#432=FACE_OUTER_BOUND('',#1931,.T.);
#433=PLANE('',#1932);
#434=FACE_OUTER_BOUND('',#1933,.T.);
#435=PLANE('',#1934);
#436=FACE_OUTER_BOUND('',#1935,.T.);
#437=PLANE('',#1936);
#438=FACE_OUTER_BOUND('',#1937,.T.);
#439=PLANE('',#1938);
#440=FACE_OUTER_BOUND('',#1939,.T.);
#441=FACE_BOUND('',#1940,.T.);
#442=PLANE('',#1941);
#443=FACE_OUTER_BOUND('',#1942,.T.);
#444=FACE_BOUND('',#1943,.T.);
#445=PLANE('',#1944);
#446=FACE_OUTER_BOUND('',#1945,.T.);
#447=TOROIDAL_SURFACE('',#1946,0.0068,0.0008);
#448=FACE_OUTER_BOUND('',#1947,.T.);
#449=CYLINDRICAL_SURFACE('',#1948,0.006);
#450=FACE_OUTER_BOUND('',#1949,.T.);
#451=FACE_BOUND('',#1950,.T.);
#452=PLANE('',#1951);
#453=FACE_BOUND('',#1952,.T.);
#454=FACE_OUTER_BOUND('',#1953,.T.);
#455=PLANE('',#1954);
#456=FACE_OUTER_BOUND('',#1955,.T.);
#457=TOROIDAL_SURFACE('',#1956,0.009,0.001);
#458=FACE_OUTER_BOUND('',#1957,.T.);
#459=TOROIDAL_SURFACE('',#1958,0.0025,0.001);
#460=FACE_OUTER_BOUND('',#1959,.T.);
#461=TOROIDAL_SURFACE('',#1960,0.009,0.001);
#462=FACE_OUTER_BOUND('',#1961,.T.);
#463=TOROIDAL_SURFACE('',#1962,0.0025,0.001);
#464=FACE_OUTER_BOUND('',#1963,.T.);
#465=TOROIDAL_SURFACE('',#1964,0.009,0.001);
#466=FACE_OUTER_BOUND('',#1965,.T.);
#467=TOROIDAL_SURFACE('',#1966,0.0025,0.001);
#468=FACE_OUTER_BOUND('',#1967,.T.);
#469=TOROIDAL_SURFACE('',#1968,0.009,0.001);
#470=FACE_OUTER_BOUND('',#1969,.T.);
#471=TOROIDAL_SURFACE('',#1970,0.0025,0.001);
#472=FACE_OUTER_BOUND('',#1971,.T.);
#473=TOROIDAL_SURFACE('',#1972,0.009,0.001);
#474=FACE_OUTER_BOUND('',#1973,.T.);
#475=TOROIDAL_SURFACE('',#1974,0.0025,0.001);
#476=FACE_OUTER_BOUND('',#1975,.T.);
#477=TOROIDAL_SURFACE('',#1976,0.009,0.001);
#478=FACE_OUTER_BOUND('',#1977,.T.);
#479=TOROIDAL_SURFACE('',#1978,0.0025,0.001);
#480=FACE_OUTER_BOUND('',#1979,.T.);
#481=TOROIDAL_SURFACE('',#1980,0.009,0.001);
#482=FACE_OUTER_BOUND('',#1981,.T.);
#483=TOROIDAL_SURFACE('',#1982,0.0025,0.001);
#484=FACE_OUTER_BOUND('',#1983,.T.);
#485=TOROIDAL_SURFACE('',#1984,0.009,0.001);
#486=FACE_OUTER_BOUND('',#1985,.T.);
#487=TOROIDAL_SURFACE('',#1986,0.0025,0.001);
#488=FACE_OUTER_BOUND('',#1987,.T.);
#489=TOROIDAL_SURFACE('',#1988,0.009,0.001);
#490=FACE_OUTER_BOUND('',#1989,.T.);
#491=TOROIDAL_SURFACE('',#1990,0.0025,0.001);
#492=FACE_OUTER_BOUND('',#1991,.T.);
#493=TOROIDAL_SURFACE('',#1992,0.009,0.001);
#494=FACE_OUTER_BOUND('',#1993,.T.);
#495=TOROIDAL_SURFACE('',#1994,0.0025,0.001);
#496=FACE_OUTER_BOUND('',#1995,.T.);
#497=TOROIDAL_SURFACE('',#1996,0.009,0.001);
#498=FACE_OUTER_BOUND('',#1997,.T.);
#499=TOROIDAL_SURFACE('',#1998,0.0025,0.001);
#500=FACE_OUTER_BOUND('',#1999,.T.);
#501=CYLINDRICAL_SURFACE('',#2000,0.01);
#502=FACE_OUTER_BOUND('',#2001,.T.);
#503=CYLINDRICAL_SURFACE('',#2002,0.0015);
#504=FACE_OUTER_BOUND('',#2003,.T.);
#505=CYLINDRICAL_SURFACE('',#2004,0.01);
#506=FACE_OUTER_BOUND('',#2005,.T.);
#507=CYLINDRICAL_SURFACE('',#2006,0.0015);
#508=FACE_OUTER_BOUND('',#2007,.T.);
#509=CYLINDRICAL_SURFACE('',#2008,0.01);
#510=FACE_OUTER_BOUND('',#2009,.T.);
#511=CYLINDRICAL_SURFACE('',#2010,0.0015);
#512=FACE_OUTER_BOUND('',#2011,.T.);
#513=CYLINDRICAL_SURFACE('',#2012,0.01);
#514=FACE_OUTER_BOUND('',#2013,.T.);
#515=CYLINDRICAL_SURFACE('',#2014,0.0015);
#516=FACE_OUTER_BOUND('',#2015,.T.);
#517=CYLINDRICAL_SURFACE('',#2016,0.01);
#518=FACE_OUTER_BOUND('',#2017,.T.);
#519=CYLINDRICAL_SURFACE('',#2018,0.0015);
#520=FACE_OUTER_BOUND('',#2019,.T.);
#521=CYLINDRICAL_SURFACE('',#2020,0.01);
#522=FACE_OUTER_BOUND('',#2021,.T.);
#523=CYLINDRICAL_SURFACE('',#2022,0.0015);
#524=FACE_OUTER_BOUND('',#2023,.T.);
#525=CYLINDRICAL_SURFACE('',#2024,0.01);
#526=FACE_OUTER_BOUND('',#2025,.T.);
#527=CYLINDRICAL_SURFACE('',#2026,0.0015);
#528=FACE_OUTER_BOUND('',#2027,.T.);
#529=CYLINDRICAL_SURFACE('',#2028,0.0015);
#530=FACE_OUTER_BOUND('',#2029,.T.);
#531=CYLINDRICAL_SURFACE('',#2030,0.0015);
#532=FACE_OUTER_BOUND('',#2031,.T.);
#533=CYLINDRICAL_SURFACE('',#2032,0.0015);
#534=FACE_OUTER_BOUND('',#2033,.T.);
#535=CYLINDRICAL_SURFACE('',#2034,0.0015);
#536=FACE_OUTER_BOUND('',#2035,.T.);
#537=CYLINDRICAL_SURFACE('',#2036,0.01);
#538=FACE_OUTER_BOUND('',#2037,.T.);
#539=CYLINDRICAL_SURFACE('',#2038,0.01);
#540=FACE_OUTER_BOUND('',#2039,.T.);
#541=CYLINDRICAL_SURFACE('',#2040,0.01);
#542=FACE_OUTER_BOUND('',#2041,.T.);
#543=CYLINDRICAL_SURFACE('',#2042,0.01);
#544=FILL_AREA_STYLE('',(#2043));
#545=EDGE_LOOP('',(#2044,#2045,#2046,#2047,#2048,#2049,#2050,#2051,#2052));
#546=B_SPLINE_CURVE_WITH_KNOTS('',3,(#2053,#2054,#2055,#2056,#2057,#2058,#2059,#2060,#2061,#2062,#2063,#2064,#2065),.UNSPECIFIED.,.T.,.F.,(4,3,3,3,4),(0.0,0.25,0.5,0.75,1.0),.UNSPECIFIED.);
#547=VECTOR('',#2066,1.0);
#548=EDGE_LOOP('',(#2067,#2068,#2069,#2070));
#549=AXIS2_PLACEMENT_3D('',#2071,#2072,#2073);
#550=EDGE_LOOP('',(#2074,#2075,#2076,#2077));
#551=AXIS2_PLACEMENT_3D('',#2078,#2079,#2080);
#552=EDGE_LOOP('',(#2081,#2082,#2083,#2084));
#553=AXIS2_PLACEMENT_3D('',#2085,#2086,#2087);
#554=EDGE_LOOP('',(#2088,#2089,#2090,#2091));
#555=AXIS2_PLACEMENT_3D('',#2092,#2093,#2094);
#556=EDGE_LOOP('',(#2095,#2096,#2097,#2098));
#557=AXIS2_PLACEMENT_3D('',#2099,#2100,#2101);
#558=EDGE_LOOP('',(#2102,#2103));
#559=EDGE_LOOP('',(#2104,#2105,#2106,#2107,#2108,#2109,#2110));
#560=EDGE_LOOP('',(#2111,#2112,#2113,#2114,#2115,#2116,#2117,#2118,#2119,#2120));
#561=AXIS2_PLACEMENT_3D('',#2121,#2122,#2123);
#562=EDGE_LOOP('',(#2124,#2125,#2126,#2127,#2128,#2129,#2130,#2131,#2132,#2133));
#563=B_SPLINE_CURVE_WITH_KNOTS('',3,(#2134,#2135,#2136,#2137,#2138,#2139,#2140,#2141,#2142,#2143),.UNSPECIFIED.,.F.,.F.,(4,3,3,4),(-0.586239086248259,-0.454545454545455,-0.363636363636364,-0.303969231516857),.UNSPECIFIED.);
#564=VECTOR('',#2144,1.0);
#565=EDGE_LOOP('',(#2145,#2146,#2147,#2148));
#566=AXIS2_PLACEMENT_3D('',#2149,#2150,#2151);
#567=EDGE_LOOP('',(#2152,#2153,#2154,#2155,#2156,#2157,#2158));
#568=EDGE_LOOP('',(#2159,#2160));
#569=EDGE_LOOP('',(#2161,#2162,#2163,#2164,#2165,#2166,#2167,#2168,#2169,#2170));
#570=AXIS2_PLACEMENT_3D('',#2171,#2172,#2173);
#571=EDGE_LOOP('',(#2174,#2175,#2176,#2177,#2178,#2179,#2180,#2181,#2182,#2183));
#572=B_SPLINE_CURVE_WITH_KNOTS('',3,(#2184,#2185,#2186,#2187,#2188,#2189,#2190,#2191,#2192,#2193),.UNSPECIFIED.,.F.,.F.,(4,3,3,4),(-0.722231401559748,-0.636363636363636,-0.545454545454545,-0.433025481730671),.UNSPECIFIED.);
#573=VECTOR('',#2194,1.0);
#574=EDGE_LOOP('',(#2195,#2196,#2197,#2198));
#575=AXIS2_PLACEMENT_3D('',#2199,#2200,#2201);
#576=EDGE_LOOP('',(#2202,#2203,#2204,#2205));
#577=AXIS2_PLACEMENT_3D('',#2206,#2207,#2208);
#578=EDGE_LOOP('',(#2209,#2210,#2211,#2212));
#579=B_SPLINE_CURVE_WITH_KNOTS('',3,(#2213,#2214,#2215,#2216,#2217,#2218,#2219,#2220,#2221,#2222),.UNSPECIFIED.,.F.,.F.,(4,3,3,4),(-0.720454545454545,-0.545454545454545,-0.454545454545455,-0.279545454545455),.UNSPECIFIED.);
#580=VECTOR('',#2223,1.0);
#581=EDGE_LOOP('',(#2224,#2225,#2226,#2227,#2228,#2229,#2230));
#582=AXIS2_PLACEMENT_3D('',#2231,#2232,#2233);
#583=EDGE_LOOP('',(#2234,#2235,#2236,#2237,#2238,#2239,#2240));
#584=AXIS2_PLACEMENT_3D('',#2241,#2242,#2243);
#585=EDGE_LOOP('',(#2244,#2245,#2246,#2247,#2248,#2249,#2250,#2251,#2252));
#586=B_SPLINE_CURVE_WITH_KNOTS('',3,(#2253,#2254,#2255,#2256,#2257,#2258,#2259,#2260,#2261,#2262,#2263,#2264,#2265),.UNSPECIFIED.,.T.,.F.,(4,3,3,3,4),(0.0,0.25,0.5,0.75,1.0),.UNSPECIFIED.);
#587=VECTOR('',#2266,1.0);
#588=EDGE_LOOP('',(#2267,#2268,#2269,#2270));
#589=AXIS2_PLACEMENT_3D('',#2271,#2272,#2273);
#590=EDGE_LOOP('',(#2274,#2275,#2276,#2277,#2278,#2279,#2280,#2281,#2282));
#591=B_SPLINE_CURVE_WITH_KNOTS('',3,(#2283,#2284,#2285,#2286,#2287,#2288,#2289,#2290,#2291,#2292,#2293,#2294,#2295),.UNSPECIFIED.,.F.,.F.,(4,3,3,3,4),(-0.378822873853181,-0.181818181818182,-0.0909090909090909,-0.0,0.128931047311565),.UNSPECIFIED.);
#592=VECTOR('',#2296,1.0);
#593=EDGE_LOOP('',(#2297,#2298,#2299,#2300));
#594=B_SPLINE_CURVE_WITH_KNOTS('',3,(#2301,#2302,#2303,#2304,#2305,#2306,#2307,#2308,#2309,#2310),.UNSPECIFIED.,.F.,.F.,(4,3,3,4),(-1.10308095749243,-1.0,-0.909090909090909,-0.800824080644899),.UNSPECIFIED.);
#595=VECTOR('',#2311,1.0);
#596=EDGE_LOOP('',(#2312,#2313,#2314,#2315));
#597=AXIS2_PLACEMENT_3D('',#2316,#2317,#2318);
#598=EDGE_LOOP('',(#2319,#2320,#2321,#2322));
#599=B_SPLINE_CURVE_WITH_KNOTS('',3,(#2323,#2324,#2325,#2326,#2327,#2328,#2329,#2330,#2331,#2332),.UNSPECIFIED.,.F.,.F.,(4,3,3,4),(-1.10308095749243,-1.0,-0.909090909090909,-0.800824080644899),.UNSPECIFIED.);
#600=VECTOR('',#2333,1.0);
#601=EDGE_LOOP('',(#2334,#2335,#2336,#2337));
#602=B_SPLINE_CURVE_WITH_KNOTS('',3,(#2338,#2339,#2340,#2341,#2342,#2343,#2344,#2345,#2346,#2347),.UNSPECIFIED.,.F.,.F.,(4,3,3,4),(-0.449658974373797,-0.363636363636364,-0.272727272727273,-0.200512523316052),.UNSPECIFIED.);
#603=VECTOR('',#2348,1.0);
#604=EDGE_LOOP('',(#2349,#2350,#2351,#2352));
#605=B_SPLINE_CURVE_WITH_KNOTS('',3,(#2353,#2354,#2355,#2356,#2357,#2358,#2359,#2360,#2361,#2362),.UNSPECIFIED.,.F.,.F.,(4,3,3,4),(-0.848577898350082,-0.727272727272727,-0.636363636363636,-0.514626556084782),.UNSPECIFIED.);
#606=VECTOR('',#2363,1.0);
#607=EDGE_LOOP('',(#2364,#2365,#2366,#2367));
#608=B_SPLINE_CURVE_WITH_KNOTS('',3,(#2368,#2369,#2370,#2371,#2372,#2373,#2374,#2375,#2376,#2377),.UNSPECIFIED.,.F.,.F.,(4,3,3,4),(-0.901551692552441,-0.818181818181818,-0.727272727272727,-0.624438048808219),.UNSPECIFIED.);
#609=VECTOR('',#2378,1.0);
#610=EDGE_LOOP('',(#2379,#2380,#2381,#2382,#2383,#2384,#2385,#2386,#2387));
#611=B_SPLINE_CURVE_WITH_KNOTS('',3,(#2388,#2389,#2390,#2391,#2392,#2393,#2394,#2395,#2396,#2397),.UNSPECIFIED.,.F.,.F.,(4,3,3,4),(-1.08409090909091,-0.909090909090909,-0.818181818181818,-0.643181818181818),.UNSPECIFIED.);
#612=VECTOR('',#2398,1.0);
#613=EDGE_LOOP('',(#2399,#2400,#2401,#2402));
#614=B_SPLINE_CURVE_WITH_KNOTS('',3,(#2403,#2404,#2405,#2406,#2407,#2408,#2409,#2410,#2411,#2412),.UNSPECIFIED.,.F.,.F.,(4,3,3,4),(-0.447727272727273,-0.272727272727273,-0.181818181818182,-0.0068181818181817),.UNSPECIFIED.);
#615=VECTOR('',#2413,1.0);
#616=EDGE_LOOP('',(#2414,#2415,#2416,#2417));
#617=B_SPLINE_CURVE_WITH_KNOTS('',3,(#2418,#2419,#2420,#2421,#2422,#2423,#2424,#2425,#2426,#2427),.UNSPECIFIED.,.F.,.F.,(4,3,3,4),(-0.615625,-0.375,-0.25,-0.00937499999999999),.UNSPECIFIED.);
#618=VECTOR('',#2428,1.0);
#619=EDGE_LOOP('',(#2429,#2430,#2431,#2432));
#620=B_SPLINE_CURVE_WITH_KNOTS('',3,(#2433,#2434,#2435,#2436,#2437,#2438,#2439,#2440,#2441,#2442),.UNSPECIFIED.,.F.,.F.,(4,3,3,4),(-0.740625,-0.5,-0.375,-0.134375),.UNSPECIFIED.);
#621=VECTOR('',#2443,1.0);
#622=EDGE_LOOP('',(#2444,#2445,#2446,#2447));
#623=B_SPLINE_CURVE_WITH_KNOTS('',3,(#2448,#2449,#2450,#2451,#2452,#2453,#2454,#2455,#2456,#2457,#2458,#2459,#2460),.UNSPECIFIED.,.F.,.F.,(4,3,3,3,4),(-1.02342184193629,-0.75,-0.625,-0.5,-0.0187500000000001),.UNSPECIFIED.);
#624=VECTOR('',#2461,1.0);
#625=EDGE_LOOP('',(#2462,#2463,#2464,#2465));
#626=B_SPLINE_CURVE_WITH_KNOTS('',3,(#2466,#2467,#2468,#2469,#2470,#2471,#2472,#2473,#2474,#2475),.UNSPECIFIED.,.F.,.F.,(4,3,3,4),(-1.115625,-0.875,-0.75,-0.509375),.UNSPECIFIED.);
#627=VECTOR('',#2476,1.0);
#628=EDGE_LOOP('',(#2477,#2478,#2479,#2480));
#629=B_SPLINE_CURVE_WITH_KNOTS('',3,(#2481,#2482,#2483,#2484,#2485,#2486,#2487,#2488,#2489,#2490),.UNSPECIFIED.,.F.,.F.,(4,3,3,4),(-1.12999606098232,-1.0,-0.875,-0.734968705118342),.UNSPECIFIED.);
#630=VECTOR('',#2491,1.0);
#631=EDGE_LOOP('',(#2492,#2493,#2494,#2495));
#632=B_SPLINE_CURVE_WITH_KNOTS('',3,(#2496,#2497,#2498,#2499,#2500,#2501,#2502,#2503,#2504,#2505),.UNSPECIFIED.,.F.,.F.,(4,3,3,4),(-0.353298855570348,-0.125,-0.0,0.240625),.UNSPECIFIED.);
#633=VECTOR('',#2506,1.0);
#634=EDGE_LOOP('',(#2507,#2508,#2509,#2510));
#635=B_SPLINE_CURVE_WITH_KNOTS('',3,(#2511,#2512,#2513,#2514,#2515,#2516,#2517,#2518,#2519,#2520),.UNSPECIFIED.,.F.,.F.,(4,3,3,4),(-0.388571826435694,-0.25,-0.125,0.0659524220226237),.UNSPECIFIED.);
#636=VECTOR('',#2521,1.0);
#637=FILL_AREA_STYLE('',(#2522));
#638=EDGE_LOOP('',(#2523,#2524,#2525,#2526,#2527,#2528));
#639=AXIS2_PLACEMENT_3D('',#2529,#2530,#2531);
#640=EDGE_LOOP('',(#2532,#2533,#2534,#2535));
#641=AXIS2_PLACEMENT_3D('',#2536,#2537,#2538);
#642=EDGE_LOOP('',(#2539,#2540,#2541));
#643=EDGE_LOOP('',(#2542,#2543,#2544,#2545));
#644=B_SPLINE_CURVE_WITH_KNOTS('',3,(#2546,#2547,#2548,#2549,#2550,#2551,#2552,#2553,#2554,#2555,#2556,#2557,#2558),.UNSPECIFIED.,.F.,.F.,(4,3,3,3,4),(0.20292005182457,0.5,0.666666666666667,0.833333333333333,1.13040475989121),.UNSPECIFIED.);
#645=VECTOR('',#2559,1.0);
#646=EDGE_LOOP('',(#2560,#2561,#2562,#2563));
#647=B_SPLINE_CURVE_WITH_KNOTS('',3,(#2564,#2565,#2566,#2567,#2568,#2569,#2570,#2571,#2572,#2573),.UNSPECIFIED.,.F.,.F.,(4,3,3,4),(0.0125,0.333333333333333,0.5,0.820833333333333),.UNSPECIFIED.);
#648=VECTOR('',#2574,1.0);
#649=EDGE_LOOP('',(#2575,#2576,#2577));
#650=EDGE_LOOP('',(#2578,#2579,#2580,#2581));
#651=B_SPLINE_CURVE_WITH_KNOTS('',3,(#2582,#2583,#2584,#2585,#2586,#2587,#2588,#2589,#2590,#2591,#2592,#2593,#2594),.UNSPECIFIED.,.F.,.F.,(4,3,3,3,4),(-0.319593286313684,0.0,0.166666666666667,0.333333333333333,0.652918163725682),.UNSPECIFIED.);
#652=VECTOR('',#2595,1.0);
#653=EDGE_LOOP('',(#2596,#2597,#2598,#2599));
#654=B_SPLINE_CURVE_WITH_KNOTS('',3,(#2600,#2601,#2602,#2603,#2604,#2605,#2606,#2607,#2608,#2609),.UNSPECIFIED.,.F.,.F.,(4,3,3,4),(0.5125,0.833333333333333,1.0,1.32083333333333),.UNSPECIFIED.);
#655=VECTOR('',#2610,1.0);
#656=EDGE_LOOP('',(#2611,#2612,#2613,#2614));
#657=AXIS2_PLACEMENT_3D('',#2615,#2616,#2617);
#658=EDGE_LOOP('',(#2618,#2619,#2620,#2621));
#659=AXIS2_PLACEMENT_3D('',#2622,#2623,#2624);
#660=FILL_AREA_STYLE('',(#2625));
#661=EDGE_LOOP('',(#2626,#2627,#2628,#2629));
#662=AXIS2_PLACEMENT_3D('',#2630,#2631,#2632);
#663=EDGE_LOOP('',(#2633,#2634,#2635,#2636,#2637));
#664=AXIS2_PLACEMENT_3D('',#2638,#2639,#2640);
#665=EDGE_LOOP('',(#2641,#2642,#2643,#2644));
#666=CARTESIAN_POINT('',(-0.00226896749033069,0.0703426,0.012));
#667=CARTESIAN_POINT('',(-0.00226896749033069,0.0703426,0.0122617993877992));
#668=CARTESIAN_POINT('',(-0.00226896749033069,0.0703081361464258,0.0125235783453257));
#669=CARTESIAN_POINT('',(-0.00226896749033069,0.0701726188113086,0.0130293359252894));
#670=CARTESIAN_POINT('',(-0.00226896749033069,0.0700715759052529,0.0132732750794707));
#671=CARTESIAN_POINT('',(-0.00226896749033069,0.0698097765174537,0.0137267249205293));
#672=CARTESIAN_POINT('',(-0.00226896749033069,0.0696490404659829,0.0139362002211364));
#673=CARTESIAN_POINT('',(-0.00226896749033069,0.0692788002211364,0.0143064404659829));
#674=CARTESIAN_POINT('',(-0.00226896749033069,0.0690693249205293,0.0144671765174537));
#675=CARTESIAN_POINT('',(-0.00226896749033069,0.0686158750794707,0.0147289759052529));
#676=CARTESIAN_POINT('',(-0.00226896749033069,0.0683719359252894,0.0148300188113086));
#677=CARTESIAN_POINT('',(-0.00226896749033069,0.0678661783453257,0.0149655361464258));
#678=CARTESIAN_POINT('',(-0.00226896749033069,0.0676043993877991,0.015));
#679=CARTESIAN_POINT('',(-0.00226896749033069,0.0673426,0.015));
#680=CARTESIAN_POINT('',(-0.00254342433219096,0.0703426,0.012));
#681=CARTESIAN_POINT('',(-0.00254342433219096,0.0703426,0.0122617993877992));
#682=CARTESIAN_POINT('',(-0.00254342433219096,0.0703081361464258,0.0125235783453257));
#683=CARTESIAN_POINT('',(-0.00254342433219096,0.0701726188113086,0.0130293359252894));
#684=CARTESIAN_POINT('',(-0.00254342433219096,0.0700715759052529,0.0132732750794707));
#685=CARTESIAN_POINT('',(-0.00254342433219096,0.0698097765174537,0.0137267249205293));
#686=CARTESIAN_POINT('',(-0.00254342433219096,0.0696490404659829,0.0139362002211364));
#687=CARTESIAN_POINT('',(-0.00254342433219096,0.0692788002211364,0.0143064404659829));
#688=CARTESIAN_POINT('',(-0.00254342433219096,0.0690693249205293,0.0144671765174537));
#689=CARTESIAN_POINT('',(-0.00254342433219096,0.0686158750794707,0.0147289759052529));
#690=CARTESIAN_POINT('',(-0.00254342433219096,0.0683719359252894,0.0148300188113086));
#691=CARTESIAN_POINT('',(-0.00254342433219096,0.0678661783453257,0.0149655361464258));
#692=CARTESIAN_POINT('',(-0.00254342433219096,0.0676043993877991,0.015));
#693=CARTESIAN_POINT('',(-0.00254342433219096,0.0673426,0.015));
#694=CARTESIAN_POINT('',(-0.00281788117405122,0.0703426,0.012));
#695=CARTESIAN_POINT('',(-0.00281788117405122,0.0703426,0.0122617993877992));
#696=CARTESIAN_POINT('',(-0.00281788117405122,0.0703081361464258,0.0125235783453257));
#697=CARTESIAN_POINT('',(-0.00281788117405122,0.0701726188113086,0.0130293359252894));
#698=CARTESIAN_POINT('',(-0.00281788117405122,0.0700715759052529,0.0132732750794707));
#699=CARTESIAN_POINT('',(-0.00281788117405122,0.0698097765174537,0.0137267249205293));
#700=CARTESIAN_POINT('',(-0.00281788117405122,0.0696490404659829,0.0139362002211364));
#701=CARTESIAN_POINT('',(-0.00281788117405122,0.0692788002211364,0.0143064404659829));
#702=CARTESIAN_POINT('',(-0.00281788117405122,0.0690693249205293,0.0144671765174537));
#703=CARTESIAN_POINT('',(-0.00281788117405122,0.0686158750794707,0.0147289759052529));
#704=CARTESIAN_POINT('',(-0.00281788117405122,0.0683719359252894,0.0148300188113086));
#705=CARTESIAN_POINT('',(-0.00281788117405122,0.0678661783453257,0.0149655361464258));
#706=CARTESIAN_POINT('',(-0.00281788117405122,0.0676043993877991,0.015));
#707=CARTESIAN_POINT('',(-0.00281788117405122,0.0673426,0.015));
#708=CARTESIAN_POINT('',(-0.00566884357078706,0.0703426,0.012));
#709=CARTESIAN_POINT('',(-0.00566884357078706,0.0703426,0.0122617993877992));
#710=CARTESIAN_POINT('',(-0.00566884357078706,0.0703081361464258,0.0125235783453257));
#711=CARTESIAN_POINT('',(-0.00566884357078706,0.0701726188113086,0.0130293359252894));
#712=CARTESIAN_POINT('',(-0.00566884357078706,0.0700715759052529,0.0132732750794707));
#713=CARTESIAN_POINT('',(-0.00566884357078706,0.0698097765174537,0.0137267249205293));
#714=CARTESIAN_POINT('',(-0.00566884357078706,0.0696490404659829,0.0139362002211364));
#715=CARTESIAN_POINT('',(-0.00566884357078706,0.0692788002211364,0.0143064404659829));
#716=CARTESIAN_POINT('',(-0.00566884357078706,0.0690693249205293,0.0144671765174537));
#717=CARTESIAN_POINT('',(-0.00566884357078706,0.0686158750794707,0.0147289759052529));
#718=CARTESIAN_POINT('',(-0.00566884357078706,0.0683719359252894,0.0148300188113086));
#719=CARTESIAN_POINT('',(-0.00566884357078706,0.0678661783453257,0.0149655361464258));
#720=CARTESIAN_POINT('',(-0.00566884357078706,0.0676043993877991,0.015));
#721=CARTESIAN_POINT('',(-0.00566884357078706,0.0673426,0.015));
#722=CARTESIAN_POINT('',(-0.00824534912566255,0.0703426,0.012));
#723=CARTESIAN_POINT('',(-0.00824534912566255,0.0703426,0.0122617993877992));
#724=CARTESIAN_POINT('',(-0.00824534912566255,0.0703081361464258,0.0125235783453257));
#725=CARTESIAN_POINT('',(-0.00824534912566255,0.0701726188113086,0.0130293359252894));
#726=CARTESIAN_POINT('',(-0.00824534912566255,0.0700715759052529,0.0132732750794707));
#727=CARTESIAN_POINT('',(-0.00824534912566255,0.0698097765174537,0.0137267249205293));
#728=CARTESIAN_POINT('',(-0.00824534912566255,0.0696490404659829,0.0139362002211364));
#729=CARTESIAN_POINT('',(-0.00824534912566255,0.0692788002211364,0.0143064404659829));
#730=CARTESIAN_POINT('',(-0.00824534912566255,0.0690693249205293,0.0144671765174537));
#731=CARTESIAN_POINT('',(-0.00824534912566255,0.0686158750794707,0.0147289759052529));
#732=CARTESIAN_POINT('',(-0.00824534912566255,0.0683719359252894,0.0148300188113086));
#733=CARTESIAN_POINT('',(-0.00824534912566255,0.0678661783453257,0.0149655361464258));
#734=CARTESIAN_POINT('',(-0.00824534912566255,0.0676043993877991,0.015));
#735=CARTESIAN_POINT('',(-0.00824534912566255,0.0673426,0.015));
#736=CARTESIAN_POINT('',(-0.014944263568339,0.0703426,0.012));
#737=CARTESIAN_POINT('',(-0.014944263568339,0.0703426,0.0122617993877992));
#738=CARTESIAN_POINT('',(-0.014944263568339,0.0703081361464258,0.0125235783453257));
#739=CARTESIAN_POINT('',(-0.014944263568339,0.0701726188113086,0.0130293359252894));
#740=CARTESIAN_POINT('',(-0.014944263568339,0.0700715759052529,0.0132732750794707));
#741=CARTESIAN_POINT('',(-0.014944263568339,0.0698097765174537,0.0137267249205293));
#742=CARTESIAN_POINT('',(-0.014944263568339,0.0696490404659829,0.0139362002211364));
#743=CARTESIAN_POINT('',(-0.014944263568339,0.0692788002211364,0.0143064404659829));
#744=CARTESIAN_POINT('',(-0.014944263568339,0.0690693249205293,0.0144671765174537));
#745=CARTESIAN_POINT('',(-0.014944263568339,0.0686158750794707,0.0147289759052529));
#746=CARTESIAN_POINT('',(-0.014944263568339,0.0683719359252894,0.0148300188113086));
#747=CARTESIAN_POINT('',(-0.014944263568339,0.0678661783453257,0.0149655361464258));
#748=CARTESIAN_POINT('',(-0.014944263568339,0.0676043993877991,0.015));
#749=CARTESIAN_POINT('',(-0.014944263568339,0.0673426,0.015));
#750=CARTESIAN_POINT('',(-0.01906667245614,0.0703426,0.012));
#751=CARTESIAN_POINT('',(-0.01906667245614,0.0703426,0.0122617993877992));
#752=CARTESIAN_POINT('',(-0.01906667245614,0.0703081361464258,0.0125235783453257));
#753=CARTESIAN_POINT('',(-0.01906667245614,0.0701726188113086,0.0130293359252894));
#754=CARTESIAN_POINT('',(-0.01906667245614,0.0700715759052529,0.0132732750794707));
#755=CARTESIAN_POINT('',(-0.01906667245614,0.0698097765174537,0.0137267249205293));
#756=CARTESIAN_POINT('',(-0.01906667245614,0.0696490404659829,0.0139362002211364));
#757=CARTESIAN_POINT('',(-0.01906667245614,0.0692788002211364,0.0143064404659829));
#758=CARTESIAN_POINT('',(-0.01906667245614,0.0690693249205293,0.0144671765174537));
#759=CARTESIAN_POINT('',(-0.01906667245614,0.0686158750794707,0.0147289759052529));
#760=CARTESIAN_POINT('',(-0.01906667245614,0.0683719359252894,0.0148300188113086));
#761=CARTESIAN_POINT('',(-0.01906667245614,0.0678661783453257,0.0149655361464258));
#762=CARTESIAN_POINT('',(-0.01906667245614,0.0676043993877991,0.015));
#763=CARTESIAN_POINT('',(-0.01906667245614,0.0673426,0.015));
#764=CARTESIAN_POINT('',(-0.0282628205277045,0.0703426,0.012));
#765=CARTESIAN_POINT('',(-0.0282628205277045,0.0703426,0.0122617993877992));
#766=CARTESIAN_POINT('',(-0.0282628205277045,0.0703081361464258,0.0125235783453257));
#767=CARTESIAN_POINT('',(-0.0282628205277045,0.0701726188113086,0.0130293359252894));
#768=CARTESIAN_POINT('',(-0.0282628205277045,0.0700715759052529,0.0132732750794707));
#769=CARTESIAN_POINT('',(-0.0282628205277045,0.0698097765174537,0.0137267249205293));
#770=CARTESIAN_POINT('',(-0.0282628205277045,0.0696490404659829,0.0139362002211364));
#771=CARTESIAN_POINT('',(-0.0282628205277045,0.0692788002211364,0.0143064404659829));
#772=CARTESIAN_POINT('',(-0.0282628205277045,0.0690693249205293,0.0144671765174537));
#773=CARTESIAN_POINT('',(-0.0282628205277045,0.0686158750794707,0.0147289759052529));
#774=CARTESIAN_POINT('',(-0.0282628205277045,0.0683719359252894,0.0148300188113086));
#775=CARTESIAN_POINT('',(-0.0282628205277045,0.0678661783453257,0.0149655361464258));
#776=CARTESIAN_POINT('',(-0.0282628205277045,0.0676043993877991,0.015));
#777=CARTESIAN_POINT('',(-0.0282628205277045,0.0673426,0.015));
#778=CARTESIAN_POINT('',(-0.0333365597114681,0.0703426,0.012));
#779=CARTESIAN_POINT('',(-0.0333365597114681,0.0703426,0.0122617993877992));
#780=CARTESIAN_POINT('',(-0.0333365597114681,0.0703081361464258,0.0125235783453257));
#781=CARTESIAN_POINT('',(-0.0333365597114681,0.0701726188113086,0.0130293359252894));
#782=CARTESIAN_POINT('',(-0.0333365597114681,0.0700715759052529,0.0132732750794707));
#783=CARTESIAN_POINT('',(-0.0333365597114681,0.0698097765174537,0.0137267249205293));
#784=CARTESIAN_POINT('',(-0.0333365597114681,0.0696490404659829,0.0139362002211364));
#785=CARTESIAN_POINT('',(-0.0333365597114681,0.0692788002211364,0.0143064404659829));
#786=CARTESIAN_POINT('',(-0.0333365597114681,0.0690693249205293,0.0144671765174537));
#787=CARTESIAN_POINT('',(-0.0333365597114681,0.0686158750794707,0.0147289759052529));
#788=CARTESIAN_POINT('',(-0.0333365597114681,0.0683719359252894,0.0148300188113086));
#789=CARTESIAN_POINT('',(-0.0333365597114681,0.0678661783453257,0.0149655361464258));
#790=CARTESIAN_POINT('',(-0.0333365597114681,0.0676043993877991,0.015));
#791=CARTESIAN_POINT('',(-0.0333365597114681,0.0673426,0.015));
#792=CARTESIAN_POINT('',(-0.0384102988952317,0.0703426,0.012));
#793=CARTESIAN_POINT('',(-0.0384102988952317,0.0703426,0.0122617993877992));
#794=CARTESIAN_POINT('',(-0.0384102988952317,0.0703081361464258,0.0125235783453257));
#795=CARTESIAN_POINT('',(-0.0384102988952317,0.0701726188113086,0.0130293359252894));
#796=CARTESIAN_POINT('',(-0.0384102988952317,0.0700715759052529,0.0132732750794707));
#797=CARTESIAN_POINT('',(-0.0384102988952317,0.0698097765174537,0.0137267249205293));
#798=CARTESIAN_POINT('',(-0.0384102988952317,0.0696490404659829,0.0139362002211364));
#799=CARTESIAN_POINT('',(-0.0384102988952317,0.0692788002211364,0.0143064404659829));
#800=CARTESIAN_POINT('',(-0.0384102988952317,0.0690693249205293,0.0144671765174537));
#801=CARTESIAN_POINT('',(-0.0384102988952317,0.0686158750794707,0.0147289759052529));
#802=CARTESIAN_POINT('',(-0.0384102988952317,0.0683719359252894,0.0148300188113086));
#803=CARTESIAN_POINT('',(-0.0384102988952317,0.0678661783453257,0.0149655361464258));
#804=CARTESIAN_POINT('',(-0.0384102988952317,0.0676043993877991,0.015));
#805=CARTESIAN_POINT('',(-0.0384102988952317,0.0673426,0.015));
#806=EDGE_LOOP('',(#2645,#2646,#2647,#2648));
#807=CARTESIAN_POINT('',(-0.00931346590789195,0.0673426,0.015));
#808=CARTESIAN_POINT('',(-0.00931346590789195,0.0676043993877991,0.015));
#809=CARTESIAN_POINT('',(-0.00931346590789195,0.0678661783453257,0.0149655361464258));
#810=CARTESIAN_POINT('',(-0.00931346590789195,0.0683719359252894,0.0148300188113086));
#811=CARTESIAN_POINT('',(-0.00931346590789195,0.0686158750794707,0.0147289759052529));
#812=CARTESIAN_POINT('',(-0.00931346590789195,0.0690693249205293,0.0144671765174537));
#813=CARTESIAN_POINT('',(-0.00931346590789195,0.0692788002211364,0.0143064404659829));
#814=CARTESIAN_POINT('',(-0.00931346590789195,0.0696490404659829,0.0139362002211364));
#815=CARTESIAN_POINT('',(-0.00931346590789195,0.0698097765174537,0.0137267249205293));
#816=CARTESIAN_POINT('',(-0.00931346590789195,0.0700715759052529,0.0132732750794707));
#817=CARTESIAN_POINT('',(-0.00931346590789195,0.0701726188113086,0.0130293359252894));
#818=CARTESIAN_POINT('',(-0.00931346590789195,0.0703081361464258,0.0125235783453257));
#819=CARTESIAN_POINT('',(-0.00931346590789195,0.0703426,0.0122617993877991));
#820=CARTESIAN_POINT('',(-0.00931346590789195,0.0703426,0.012));
#821=CARTESIAN_POINT('',(-0.0059382541572811,0.0673426,0.015));
#822=CARTESIAN_POINT('',(-0.0059382541572811,0.0676043993877991,0.015));
#823=CARTESIAN_POINT('',(-0.0059382541572811,0.0678661783453257,0.0149655361464258));
#824=CARTESIAN_POINT('',(-0.0059382541572811,0.0683719359252894,0.0148300188113086));
#825=CARTESIAN_POINT('',(-0.0059382541572811,0.0686158750794707,0.0147289759052529));
#826=CARTESIAN_POINT('',(-0.0059382541572811,0.0690693249205293,0.0144671765174537));
#827=CARTESIAN_POINT('',(-0.0059382541572811,0.0692788002211364,0.0143064404659829));
#828=CARTESIAN_POINT('',(-0.0059382541572811,0.0696490404659829,0.0139362002211364));
#829=CARTESIAN_POINT('',(-0.0059382541572811,0.0698097765174537,0.0137267249205293));
#830=CARTESIAN_POINT('',(-0.0059382541572811,0.0700715759052529,0.0132732750794707));
#831=CARTESIAN_POINT('',(-0.0059382541572811,0.0701726188113086,0.0130293359252894));
#832=CARTESIAN_POINT('',(-0.0059382541572811,0.0703081361464258,0.0125235783453257));
#833=CARTESIAN_POINT('',(-0.0059382541572811,0.0703426,0.0122617993877991));
#834=CARTESIAN_POINT('',(-0.0059382541572811,0.0703426,0.012));
#835=CARTESIAN_POINT('',(-0.00256304240667028,0.0673426,0.015));
#836=CARTESIAN_POINT('',(-0.00256304240667028,0.0676043993877991,0.015));
#837=CARTESIAN_POINT('',(-0.00256304240667028,0.0678661783453257,0.0149655361464258));
#838=CARTESIAN_POINT('',(-0.00256304240667028,0.0683719359252894,0.0148300188113086));
#839=CARTESIAN_POINT('',(-0.00256304240667028,0.0686158750794707,0.0147289759052529));
#840=CARTESIAN_POINT('',(-0.00256304240667028,0.0690693249205293,0.0144671765174537));
#841=CARTESIAN_POINT('',(-0.00256304240667028,0.0692788002211364,0.0143064404659829));
#842=CARTESIAN_POINT('',(-0.00256304240667028,0.0696490404659829,0.0139362002211364));
#843=CARTESIAN_POINT('',(-0.00256304240667028,0.0698097765174537,0.0137267249205293));
#844=CARTESIAN_POINT('',(-0.00256304240667028,0.0700715759052529,0.0132732750794707));
#845=CARTESIAN_POINT('',(-0.00256304240667028,0.0701726188113086,0.0130293359252894));
#846=CARTESIAN_POINT('',(-0.00256304240667028,0.0703081361464258,0.0125235783453257));
#847=CARTESIAN_POINT('',(-0.00256304240667028,0.0703426,0.0122617993877991));
#848=CARTESIAN_POINT('',(-0.00256304240667028,0.0703426,0.012));
#849=CARTESIAN_POINT('',(0.00301833486525771,0.0673426,0.015));
#850=CARTESIAN_POINT('',(0.00301833486525771,0.0676043993877991,0.015));
#851=CARTESIAN_POINT('',(0.00301833486525771,0.0678661783453257,0.0149655361464258));
#852=CARTESIAN_POINT('',(0.00301833486525771,0.0683719359252894,0.0148300188113086));
#853=CARTESIAN_POINT('',(0.00301833486525771,0.0686158750794707,0.0147289759052529));
#854=CARTESIAN_POINT('',(0.00301833486525771,0.0690693249205293,0.0144671765174537));
#855=CARTESIAN_POINT('',(0.00301833486525771,0.0692788002211364,0.0143064404659829));
#856=CARTESIAN_POINT('',(0.00301833486525771,0.0696490404659829,0.0139362002211364));
#857=CARTESIAN_POINT('',(0.00301833486525771,0.0698097765174537,0.0137267249205293));
#858=CARTESIAN_POINT('',(0.00301833486525771,0.0700715759052529,0.0132732750794707));
#859=CARTESIAN_POINT('',(0.00301833486525771,0.0701726188113086,0.0130293359252894));
#860=CARTESIAN_POINT('',(0.00301833486525771,0.0703081361464258,0.0125235783453257));
#861=CARTESIAN_POINT('',(0.00301833486525771,0.0703426,0.0122617993877991));
#862=CARTESIAN_POINT('',(0.00301833486525771,0.0703426,0.012));
#863=CARTESIAN_POINT('',(0.00522450038657484,0.0673426,0.015));
#864=CARTESIAN_POINT('',(0.00522450038657484,0.0676043993877991,0.015));
#865=CARTESIAN_POINT('',(0.00522450038657484,0.0678661783453257,0.0149655361464258));
#866=CARTESIAN_POINT('',(0.00522450038657484,0.0683719359252894,0.0148300188113086));
#867=CARTESIAN_POINT('',(0.00522450038657484,0.0686158750794707,0.0147289759052529));
#868=CARTESIAN_POINT('',(0.00522450038657484,0.0690693249205293,0.0144671765174537));
#869=CARTESIAN_POINT('',(0.00522450038657484,0.0692788002211364,0.0143064404659829));
#870=CARTESIAN_POINT('',(0.00522450038657484,0.0696490404659829,0.0139362002211364));
#871=CARTESIAN_POINT('',(0.00522450038657484,0.0698097765174537,0.0137267249205293));
#872=CARTESIAN_POINT('',(0.00522450038657484,0.0700715759052529,0.0132732750794707));
#873=CARTESIAN_POINT('',(0.00522450038657484,0.0701726188113086,0.0130293359252894));
#874=CARTESIAN_POINT('',(0.00522450038657484,0.0703081361464258,0.0125235783453257));
#875=CARTESIAN_POINT('',(0.00522450038657484,0.0703426,0.0122617993877991));
#876=CARTESIAN_POINT('',(0.00522450038657484,0.0703426,0.012));
#877=CARTESIAN_POINT('',(0.00743066590789196,0.0673426,0.015));
#878=CARTESIAN_POINT('',(0.00743066590789196,0.0676043993877991,0.015));
#879=CARTESIAN_POINT('',(0.00743066590789196,0.0678661783453257,0.0149655361464258));
#880=CARTESIAN_POINT('',(0.00743066590789196,0.0683719359252894,0.0148300188113086));
#881=CARTESIAN_POINT('',(0.00743066590789196,0.0686158750794707,0.0147289759052529));
#882=CARTESIAN_POINT('',(0.00743066590789196,0.0690693249205293,0.0144671765174537));
#883=CARTESIAN_POINT('',(0.00743066590789196,0.0692788002211364,0.0143064404659829));
#884=CARTESIAN_POINT('',(0.00743066590789196,0.0696490404659829,0.0139362002211364));
#885=CARTESIAN_POINT('',(0.00743066590789196,0.0698097765174537,0.0137267249205293));
#886=CARTESIAN_POINT('',(0.00743066590789196,0.0700715759052529,0.0132732750794707));
#887=CARTESIAN_POINT('',(0.00743066590789196,0.0701726188113086,0.0130293359252894));
#888=CARTESIAN_POINT('',(0.00743066590789196,0.0703081361464258,0.0125235783453257));
#889=CARTESIAN_POINT('',(0.00743066590789196,0.0703426,0.0122617993877991));
#890=CARTESIAN_POINT('',(0.00743066590789196,0.0703426,0.012));
#891=EDGE_LOOP('',(#2649,#2650,#2651,#2652));
#892=CARTESIAN_POINT('',(-0.00931346590789195,0.0703426,0.003));
#893=CARTESIAN_POINT('',(-0.00931346590789195,0.0703426,0.00273820061220085));
#894=CARTESIAN_POINT('',(-0.00931346590789195,0.0703081361464258,0.0024764216546743));
#895=CARTESIAN_POINT('',(-0.00931346590789195,0.0701726188113086,0.00197066407471057));
#896=CARTESIAN_POINT('',(-0.00931346590789195,0.0700715759052529,0.00172672492052928));
#897=CARTESIAN_POINT('',(-0.00931346590789195,0.0698097765174537,0.00127327507947072));
#898=CARTESIAN_POINT('',(-0.00931346590789195,0.0696490404659829,0.00106379977886362));
#899=CARTESIAN_POINT('',(-0.00931346590789195,0.0692788002211364,0.000693559534017091));
#900=CARTESIAN_POINT('',(-0.00931346590789195,0.0690693249205293,0.000532823482546257));
#901=CARTESIAN_POINT('',(-0.00931346590789195,0.0686158750794707,0.000271024094747107));
#902=CARTESIAN_POINT('',(-0.00931346590789195,0.0683719359252894,0.000169981188691394));
#903=CARTESIAN_POINT('',(-0.00931346590789195,0.0678661783453257,3.44638535741926E-05));
#904=CARTESIAN_POINT('',(-0.00931346590789195,0.0676043993877991,-2.58605462485086E-18));
#905=CARTESIAN_POINT('',(-0.00931346590789195,0.0673426,-2.60208521396521E-18));
#906=CARTESIAN_POINT('',(-0.0059382541572811,0.0703426,0.003));
#907=CARTESIAN_POINT('',(-0.0059382541572811,0.0703426,0.00273820061220085));
#908=CARTESIAN_POINT('',(-0.0059382541572811,0.0703081361464258,0.0024764216546743));
#909=CARTESIAN_POINT('',(-0.0059382541572811,0.0701726188113086,0.00197066407471057));
#910=CARTESIAN_POINT('',(-0.0059382541572811,0.0700715759052529,0.00172672492052928));
#911=CARTESIAN_POINT('',(-0.0059382541572811,0.0698097765174537,0.00127327507947072));
#912=CARTESIAN_POINT('',(-0.0059382541572811,0.0696490404659829,0.00106379977886362));
#913=CARTESIAN_POINT('',(-0.0059382541572811,0.0692788002211364,0.000693559534017091));
#914=CARTESIAN_POINT('',(-0.0059382541572811,0.0690693249205293,0.000532823482546257));
#915=CARTESIAN_POINT('',(-0.0059382541572811,0.0686158750794707,0.000271024094747107));
#916=CARTESIAN_POINT('',(-0.0059382541572811,0.0683719359252894,0.000169981188691394));
#917=CARTESIAN_POINT('',(-0.0059382541572811,0.0678661783453257,3.44638535741926E-05));
#918=CARTESIAN_POINT('',(-0.0059382541572811,0.0676043993877991,-2.58605462485086E-18));
#919=CARTESIAN_POINT('',(-0.0059382541572811,0.0673426,-2.60208521396521E-18));
#920=CARTESIAN_POINT('',(-0.00256304240667028,0.0703426,0.003));
#921=CARTESIAN_POINT('',(-0.00256304240667028,0.0703426,0.00273820061220085));
#922=CARTESIAN_POINT('',(-0.00256304240667028,0.0703081361464258,0.0024764216546743));
#923=CARTESIAN_POINT('',(-0.00256304240667028,0.0701726188113086,0.00197066407471057));
#924=CARTESIAN_POINT('',(-0.00256304240667028,0.0700715759052529,0.00172672492052928));
#925=CARTESIAN_POINT('',(-0.00256304240667028,0.0698097765174537,0.00127327507947072));
#926=CARTESIAN_POINT('',(-0.00256304240667028,0.0696490404659829,0.00106379977886362));
#927=CARTESIAN_POINT('',(-0.00256304240667028,0.0692788002211364,0.000693559534017091));
#928=CARTESIAN_POINT('',(-0.00256304240667028,0.0690693249205293,0.000532823482546257));
#929=CARTESIAN_POINT('',(-0.00256304240667028,0.0686158750794707,0.000271024094747107));
#930=CARTESIAN_POINT('',(-0.00256304240667028,0.0683719359252894,0.000169981188691394));
#931=CARTESIAN_POINT('',(-0.00256304240667028,0.0678661783453257,3.44638535741926E-05));
#932=CARTESIAN_POINT('',(-0.00256304240667028,0.0676043993877991,-2.58605462485086E-18));
#933=CARTESIAN_POINT('',(-0.00256304240667028,0.0673426,-2.60208521396521E-18));
#934=CARTESIAN_POINT('',(0.00301833486525771,0.0703426,0.003));
#935=CARTESIAN_POINT('',(0.00301833486525771,0.0703426,0.00273820061220085));
#936=CARTESIAN_POINT('',(0.00301833486525771,0.0703081361464258,0.0024764216546743));
#937=CARTESIAN_POINT('',(0.00301833486525771,0.0701726188113086,0.00197066407471057));
#938=CARTESIAN_POINT('',(0.00301833486525771,0.0700715759052529,0.00172672492052928));
#939=CARTESIAN_POINT('',(0.00301833486525771,0.0698097765174537,0.00127327507947072));
#940=CARTESIAN_POINT('',(0.00301833486525771,0.0696490404659829,0.00106379977886362));
#941=CARTESIAN_POINT('',(0.00301833486525771,0.0692788002211364,0.000693559534017091));
#942=CARTESIAN_POINT('',(0.00301833486525771,0.0690693249205293,0.000532823482546257));
#943=CARTESIAN_POINT('',(0.00301833486525771,0.0686158750794707,0.000271024094747107));
#944=CARTESIAN_POINT('',(0.00301833486525771,0.0683719359252894,0.000169981188691394));
#945=CARTESIAN_POINT('',(0.00301833486525771,0.0678661783453257,3.44638535741926E-05));
#946=CARTESIAN_POINT('',(0.00301833486525771,0.0676043993877991,-2.58605462485086E-18));
#947=CARTESIAN_POINT('',(0.00301833486525771,0.0673426,-2.60208521396521E-18));
#948=CARTESIAN_POINT('',(0.00522450038657483,0.0703426,0.003));
#949=CARTESIAN_POINT('',(0.00522450038657483,0.0703426,0.00273820061220085));
#950=CARTESIAN_POINT('',(0.00522450038657483,0.0703081361464258,0.0024764216546743));
#951=CARTESIAN_POINT('',(0.00522450038657483,0.0701726188113086,0.00197066407471057));
#952=CARTESIAN_POINT('',(0.00522450038657483,0.0700715759052529,0.00172672492052928));
#953=CARTESIAN_POINT('',(0.00522450038657483,0.0698097765174537,0.00127327507947072));
#954=CARTESIAN_POINT('',(0.00522450038657483,0.0696490404659829,0.00106379977886362));
#955=CARTESIAN_POINT('',(0.00522450038657483,0.0692788002211364,0.000693559534017091));
#956=CARTESIAN_POINT('',(0.00522450038657483,0.0690693249205293,0.000532823482546257));
#957=CARTESIAN_POINT('',(0.00522450038657483,0.0686158750794707,0.000271024094747107));
#958=CARTESIAN_POINT('',(0.00522450038657483,0.0683719359252894,0.000169981188691394));
#959=CARTESIAN_POINT('',(0.00522450038657483,0.0678661783453257,3.44638535741926E-05));
#960=CARTESIAN_POINT('',(0.00522450038657483,0.0676043993877991,-2.58605462485086E-18));
#961=CARTESIAN_POINT('',(0.00522450038657483,0.0673426,-2.60208521396521E-18));
#962=CARTESIAN_POINT('',(0.00743066590789195,0.0703426,0.003));
#963=CARTESIAN_POINT('',(0.00743066590789195,0.0703426,0.00273820061220085));
#964=CARTESIAN_POINT('',(0.00743066590789195,0.0703081361464258,0.0024764216546743));
#965=CARTESIAN_POINT('',(0.00743066590789195,0.0701726188113086,0.00197066407471057));
#966=CARTESIAN_POINT('',(0.00743066590789195,0.0700715759052529,0.00172672492052928));
#967=CARTESIAN_POINT('',(0.00743066590789195,0.0698097765174537,0.00127327507947072));
#968=CARTESIAN_POINT('',(0.00743066590789195,0.0696490404659829,0.00106379977886362));
#969=CARTESIAN_POINT('',(0.00743066590789195,0.0692788002211364,0.000693559534017091));
#970=CARTESIAN_POINT('',(0.00743066590789195,0.0690693249205293,0.000532823482546257));
#971=CARTESIAN_POINT('',(0.00743066590789195,0.0686158750794707,0.000271024094747107));
#972=CARTESIAN_POINT('',(0.00743066590789195,0.0683719359252894,0.000169981188691394));
#973=CARTESIAN_POINT('',(0.00743066590789195,0.0678661783453257,3.44638535741926E-05));
#974=CARTESIAN_POINT('',(0.00743066590789195,0.0676043993877991,-2.58605462485086E-18));
#975=CARTESIAN_POINT('',(0.00743066590789195,0.0673426,-2.60208521396521E-18));
#976=EDGE_LOOP('',(#2653,#2654,#2655,#2656));
#977=CARTESIAN_POINT('',(-0.00221926292683035,0.0673426,0.0));
#978=CARTESIAN_POINT('',(-0.00221926292683035,0.0676043993877991,0.0));
#979=CARTESIAN_POINT('',(-0.00221926292683035,0.0678661783453257,3.44638535741949E-05));
#980=CARTESIAN_POINT('',(-0.00221926292683035,0.0683719359252894,0.000169981188691396));
#981=CARTESIAN_POINT('',(-0.00221926292683035,0.0686158750794707,0.00027102409474711));
#982=CARTESIAN_POINT('',(-0.00221926292683035,0.0690693249205293,0.000532823482546259));
#983=CARTESIAN_POINT('',(-0.00221926292683035,0.0692788002211364,0.000693559534017092));
#984=CARTESIAN_POINT('',(-0.00221926292683035,0.0696490404659829,0.00106379977886362));
#985=CARTESIAN_POINT('',(-0.00221926292683035,0.0698097765174537,0.00127327507947072));
#986=CARTESIAN_POINT('',(-0.00221926292683035,0.0700715759052529,0.00172672492052928));
#987=CARTESIAN_POINT('',(-0.00221926292683035,0.0701726188113086,0.00197066407471057));
#988=CARTESIAN_POINT('',(-0.00221926292683035,0.0703081361464258,0.0024764216546743));
#989=CARTESIAN_POINT('',(-0.00221926292683035,0.0703426,0.00273820061220085));
#990=CARTESIAN_POINT('',(-0.00221926292683035,0.0703426,0.003));
#991=CARTESIAN_POINT('',(-0.00251028795652406,0.0673426,0.0));
#992=CARTESIAN_POINT('',(-0.00251028795652406,0.0676043993877991,0.0));
#993=CARTESIAN_POINT('',(-0.00251028795652406,0.0678661783453257,3.44638535741949E-05));
#994=CARTESIAN_POINT('',(-0.00251028795652406,0.0683719359252894,0.000169981188691396));
#995=CARTESIAN_POINT('',(-0.00251028795652406,0.0686158750794707,0.00027102409474711));
#996=CARTESIAN_POINT('',(-0.00251028795652406,0.0690693249205293,0.000532823482546259));
#997=CARTESIAN_POINT('',(-0.00251028795652406,0.0692788002211364,0.000693559534017092));
#998=CARTESIAN_POINT('',(-0.00251028795652406,0.0696490404659829,0.00106379977886362));
#999=CARTESIAN_POINT('',(-0.00251028795652406,0.0698097765174537,0.00127327507947072));
#1000=CARTESIAN_POINT('',(-0.00251028795652406,0.0700715759052529,0.00172672492052928));
#1001=CARTESIAN_POINT('',(-0.00251028795652406,0.0701726188113086,0.00197066407471057));
#1002=CARTESIAN_POINT('',(-0.00251028795652406,0.0703081361464258,0.0024764216546743));
#1003=CARTESIAN_POINT('',(-0.00251028795652406,0.0703426,0.00273820061220085));
#1004=CARTESIAN_POINT('',(-0.00251028795652406,0.0703426,0.003));
#1005=CARTESIAN_POINT('',(-0.00280131298621777,0.0673426,0.0));
#1006=CARTESIAN_POINT('',(-0.00280131298621777,0.0676043993877991,0.0));
#1007=CARTESIAN_POINT('',(-0.00280131298621777,0.0678661783453257,3.44638535741949E-05));
#1008=CARTESIAN_POINT('',(-0.00280131298621777,0.0683719359252894,0.000169981188691396));
#1009=CARTESIAN_POINT('',(-0.00280131298621777,0.0686158750794707,0.00027102409474711));
#1010=CARTESIAN_POINT('',(-0.00280131298621777,0.0690693249205293,0.000532823482546259));
#1011=CARTESIAN_POINT('',(-0.00280131298621777,0.0692788002211364,0.000693559534017092));
#1012=CARTESIAN_POINT('',(-0.00280131298621777,0.0696490404659829,0.00106379977886362));
#1013=CARTESIAN_POINT('',(-0.00280131298621777,0.0698097765174537,0.00127327507947072));
#1014=CARTESIAN_POINT('',(-0.00280131298621777,0.0700715759052529,0.00172672492052928));
#1015=CARTESIAN_POINT('',(-0.00280131298621777,0.0701726188113086,0.00197066407471057));
#1016=CARTESIAN_POINT('',(-0.00280131298621777,0.0703081361464258,0.0024764216546743));
#1017=CARTESIAN_POINT('',(-0.00280131298621777,0.0703426,0.00273820061220085));
#1018=CARTESIAN_POINT('',(-0.00280131298621777,0.0703426,0.003));
#1019=CARTESIAN_POINT('',(-0.00566884357078706,0.0673426,0.0));
#1020=CARTESIAN_POINT('',(-0.00566884357078706,0.0676043993877991,0.0));
#1021=CARTESIAN_POINT('',(-0.00566884357078706,0.0678661783453257,3.44638535741949E-05));
#1022=CARTESIAN_POINT('',(-0.00566884357078706,0.0683719359252894,0.000169981188691396));
#1023=CARTESIAN_POINT('',(-0.00566884357078706,0.0686158750794707,0.00027102409474711));
#1024=CARTESIAN_POINT('',(-0.00566884357078706,0.0690693249205293,0.000532823482546259));
#1025=CARTESIAN_POINT('',(-0.00566884357078706,0.0692788002211364,0.000693559534017092));
#1026=CARTESIAN_POINT('',(-0.00566884357078706,0.0696490404659829,0.00106379977886362));
#1027=CARTESIAN_POINT('',(-0.00566884357078706,0.0698097765174537,0.00127327507947072));
#1028=CARTESIAN_POINT('',(-0.00566884357078706,0.0700715759052529,0.00172672492052928));
#1029=CARTESIAN_POINT('',(-0.00566884357078706,0.0701726188113086,0.00197066407471057));
#1030=CARTESIAN_POINT('',(-0.00566884357078706,0.0703081361464258,0.0024764216546743));
#1031=CARTESIAN_POINT('',(-0.00566884357078706,0.0703426,0.00273820061220085));
#1032=CARTESIAN_POINT('',(-0.00566884357078706,0.0703426,0.003));
#1033=CARTESIAN_POINT('',(-0.00824534912566255,0.0673426,0.0));
#1034=CARTESIAN_POINT('',(-0.00824534912566255,0.0676043993877991,0.0));
#1035=CARTESIAN_POINT('',(-0.00824534912566255,0.0678661783453257,3.44638535741949E-05));
#1036=CARTESIAN_POINT('',(-0.00824534912566255,0.0683719359252894,0.000169981188691396));
#1037=CARTESIAN_POINT('',(-0.00824534912566255,0.0686158750794707,0.00027102409474711));
#1038=CARTESIAN_POINT('',(-0.00824534912566255,0.0690693249205293,0.000532823482546259));
#1039=CARTESIAN_POINT('',(-0.00824534912566255,0.0692788002211364,0.000693559534017092));
#1040=CARTESIAN_POINT('',(-0.00824534912566255,0.0696490404659829,0.00106379977886362));
#1041=CARTESIAN_POINT('',(-0.00824534912566255,0.0698097765174537,0.00127327507947072));
#1042=CARTESIAN_POINT('',(-0.00824534912566255,0.0700715759052529,0.00172672492052928));
#1043=CARTESIAN_POINT('',(-0.00824534912566255,0.0701726188113086,0.00197066407471057));
#1044=CARTESIAN_POINT('',(-0.00824534912566255,0.0703081361464258,0.0024764216546743));
#1045=CARTESIAN_POINT('',(-0.00824534912566255,0.0703426,0.00273820061220085));
#1046=CARTESIAN_POINT('',(-0.00824534912566255,0.0703426,0.003));
#1047=CARTESIAN_POINT('',(-0.014944263568339,0.0673426,0.0));
#1048=CARTESIAN_POINT('',(-0.014944263568339,0.0676043993877991,0.0));
#1049=CARTESIAN_POINT('',(-0.014944263568339,0.0678661783453257,3.44638535741949E-05));
#1050=CARTESIAN_POINT('',(-0.014944263568339,0.0683719359252894,0.000169981188691396));
#1051=CARTESIAN_POINT('',(-0.014944263568339,0.0686158750794707,0.00027102409474711));
#1052=CARTESIAN_POINT('',(-0.014944263568339,0.0690693249205293,0.000532823482546259));
#1053=CARTESIAN_POINT('',(-0.014944263568339,0.0692788002211364,0.000693559534017092));
#1054=CARTESIAN_POINT('',(-0.014944263568339,0.0696490404659829,0.00106379977886362));
#1055=CARTESIAN_POINT('',(-0.014944263568339,0.0698097765174537,0.00127327507947072));
#1056=CARTESIAN_POINT('',(-0.014944263568339,0.0700715759052529,0.00172672492052928));
#1057=CARTESIAN_POINT('',(-0.014944263568339,0.0701726188113086,0.00197066407471057));
#1058=CARTESIAN_POINT('',(-0.014944263568339,0.0703081361464258,0.0024764216546743));
#1059=CARTESIAN_POINT('',(-0.014944263568339,0.0703426,0.00273820061220085));
#1060=CARTESIAN_POINT('',(-0.014944263568339,0.0703426,0.003));
#1061=CARTESIAN_POINT('',(-0.0190666724561401,0.0673426,0.0));
#1062=CARTESIAN_POINT('',(-0.0190666724561401,0.0676043993877991,0.0));
#1063=CARTESIAN_POINT('',(-0.0190666724561401,0.0678661783453257,3.44638535741949E-05));
#1064=CARTESIAN_POINT('',(-0.0190666724561401,0.0683719359252894,0.000169981188691396));
#1065=CARTESIAN_POINT('',(-0.0190666724561401,0.0686158750794707,0.00027102409474711));
#1066=CARTESIAN_POINT('',(-0.0190666724561401,0.0690693249205293,0.000532823482546259));
#1067=CARTESIAN_POINT('',(-0.0190666724561401,0.0692788002211364,0.000693559534017092));
#1068=CARTESIAN_POINT('',(-0.0190666724561401,0.0696490404659829,0.00106379977886362));
#1069=CARTESIAN_POINT('',(-0.0190666724561401,0.0698097765174537,0.00127327507947072));
#1070=CARTESIAN_POINT('',(-0.0190666724561401,0.0700715759052529,0.00172672492052928));
#1071=CARTESIAN_POINT('',(-0.0190666724561401,0.0701726188113086,0.00197066407471057));
#1072=CARTESIAN_POINT('',(-0.0190666724561401,0.0703081361464258,0.0024764216546743));
#1073=CARTESIAN_POINT('',(-0.0190666724561401,0.0703426,0.00273820061220085));
#1074=CARTESIAN_POINT('',(-0.0190666724561401,0.0703426,0.003));
#1075=CARTESIAN_POINT('',(-0.0282793887155379,0.0673426,0.0));
#1076=CARTESIAN_POINT('',(-0.0282793887155379,0.0676043993877991,0.0));
#1077=CARTESIAN_POINT('',(-0.0282793887155379,0.0678661783453257,3.44638535741949E-05));
#1078=CARTESIAN_POINT('',(-0.0282793887155379,0.0683719359252894,0.000169981188691396));
#1079=CARTESIAN_POINT('',(-0.0282793887155379,0.0686158750794707,0.00027102409474711));
#1080=CARTESIAN_POINT('',(-0.0282793887155379,0.0690693249205293,0.000532823482546259));
#1081=CARTESIAN_POINT('',(-0.0282793887155379,0.0692788002211364,0.000693559534017092));
#1082=CARTESIAN_POINT('',(-0.0282793887155379,0.0696490404659829,0.00106379977886362));
#1083=CARTESIAN_POINT('',(-0.0282793887155379,0.0698097765174537,0.00127327507947072));
#1084=CARTESIAN_POINT('',(-0.0282793887155379,0.0700715759052529,0.00172672492052928));
#1085=CARTESIAN_POINT('',(-0.0282793887155379,0.0701726188113086,0.00197066407471057));
#1086=CARTESIAN_POINT('',(-0.0282793887155379,0.0703081361464258,0.0024764216546743));
#1087=CARTESIAN_POINT('',(-0.0282793887155379,0.0703426,0.00273820061220085));
#1088=CARTESIAN_POINT('',(-0.0282793887155379,0.0703426,0.003));
#1089=CARTESIAN_POINT('',(-0.0333696960871349,0.0673426,0.0));
#1090=CARTESIAN_POINT('',(-0.0333696960871349,0.0676043993877991,0.0));
#1091=CARTESIAN_POINT('',(-0.0333696960871349,0.0678661783453257,3.44638535741949E-05));
#1092=CARTESIAN_POINT('',(-0.0333696960871349,0.0683719359252894,0.000169981188691396));
#1093=CARTESIAN_POINT('',(-0.0333696960871349,0.0686158750794707,0.00027102409474711));
#1094=CARTESIAN_POINT('',(-0.0333696960871349,0.0690693249205293,0.000532823482546259));
#1095=CARTESIAN_POINT('',(-0.0333696960871349,0.0692788002211364,0.000693559534017092));
#1096=CARTESIAN_POINT('',(-0.0333696960871349,0.0696490404659829,0.00106379977886362));
#1097=CARTESIAN_POINT('',(-0.0333696960871349,0.0698097765174537,0.00127327507947072));
#1098=CARTESIAN_POINT('',(-0.0333696960871349,0.0700715759052529,0.00172672492052928));
#1099=CARTESIAN_POINT('',(-0.0333696960871349,0.0701726188113086,0.00197066407471057));
#1100=CARTESIAN_POINT('',(-0.0333696960871349,0.0703081361464258,0.0024764216546743));
#1101=CARTESIAN_POINT('',(-0.0333696960871349,0.0703426,0.00273820061220085));
#1102=CARTESIAN_POINT('',(-0.0333696960871349,0.0703426,0.003));
#1103=CARTESIAN_POINT('',(-0.0384600034587318,0.0673426,0.0));
#1104=CARTESIAN_POINT('',(-0.0384600034587318,0.0676043993877992,0.0));
#1105=CARTESIAN_POINT('',(-0.0384600034587318,0.0678661783453257,3.44638535741949E-05));
#1106=CARTESIAN_POINT('',(-0.0384600034587318,0.0683719359252895,0.000169981188691396));
#1107=CARTESIAN_POINT('',(-0.0384600034587318,0.0686158750794707,0.00027102409474711));
#1108=CARTESIAN_POINT('',(-0.0384600034587318,0.0690693249205293,0.000532823482546259));
#1109=CARTESIAN_POINT('',(-0.0384600034587318,0.0692788002211364,0.000693559534017092));
#1110=CARTESIAN_POINT('',(-0.0384600034587318,0.0696490404659829,0.00106379977886362));
#1111=CARTESIAN_POINT('',(-0.0384600034587318,0.0698097765174537,0.00127327507947072));
#1112=CARTESIAN_POINT('',(-0.0384600034587318,0.0700715759052529,0.00172672492052928));
#1113=CARTESIAN_POINT('',(-0.0384600034587318,0.0701726188113086,0.00197066407471057));
#1114=CARTESIAN_POINT('',(-0.0384600034587318,0.0703081361464258,0.0024764216546743));
#1115=CARTESIAN_POINT('',(-0.0384600034587318,0.0703426,0.00273820061220085));
#1116=CARTESIAN_POINT('',(-0.0384600034587318,0.0703426,0.003));
#1117=EDGE_LOOP('',(#2657,#2658,#2659,#2660,#2661,#2662,#2663,#2664,#2665,#2666,#2667,#2668,#2669,#2670,#2671,#2672,#2673,#2674,#2675,#2676,#2677,#2678,#2679,#2680,#2681,#2682,#2683,#2684,#2685,#2686,#2687,#2688,#2689,#2690,#2691,#2692,#2693,#2694,#2695,#2696,#2697,#2698,#2699,#2700,#2701,#2702,#2703,#2704,#2705,#2706,#2707,#2708,#2709,#2710,#2711,#2712,#2713,#2714,#2715,#2716,#2717,#2718,#2719,#2720,#2721,#2722,#2723,#2724,#2725,#2726,#2727,#2728,#2729,#2730,#2731,#2732,#2733,#2734,#2735,#2736,#2737,#2738,#2739,#2740,#2741,#2742,#2743));
#1118=AXIS2_PLACEMENT_3D('',#2744,#2745,#2746);
#1119=EDGE_LOOP('',(#2747,#2748));
#1120=EDGE_LOOP('',(#2749,#2750,#2751,#2752,#2753,#2754));
#1121=B_SPLINE_CURVE_WITH_KNOTS('',3,(#2755,#2756,#2757,#2758,#2759,#2760,#2761,#2762,#2763,#2764),.UNSPECIFIED.,.F.,.F.,(4,3,3,4),(0.961175661320538,0.972477064220184,0.981651376146789,0.992952779046435),.UNSPECIFIED.);
#1122=VECTOR('',#2765,1.0);
#1123=EDGE_LOOP('',(#2766,#2767));
#1124=EDGE_LOOP('',(#2768,#2769,#2770,#2771,#2772,#2773));
#1125=B_SPLINE_CURVE_WITH_KNOTS('',3,(#2774,#2775,#2776,#2777,#2778,#2779,#2780,#2781,#2782,#2783),.UNSPECIFIED.,.F.,.F.,(4,3,3,4),(0.870007698204962,0.880733944954128,0.889908256880734,0.900634503629901),.UNSPECIFIED.);
#1126=VECTOR('',#2784,1.0);
#1127=EDGE_LOOP('',(#2785,#2786,#2787,#2788,#2789,#2790));
#1128=EDGE_LOOP('',(#2791,#2792));
#1129=B_SPLINE_CURVE_WITH_KNOTS('',3,(#2793,#2794,#2795,#2796,#2797,#2798,#2799,#2800,#2801,#2802),.UNSPECIFIED.,.F.,.F.,(4,3,3,4),(0.976285012062777,0.990825688073395,1.0,1.01072624674917),.UNSPECIFIED.);
#1130=VECTOR('',#2803,1.0);
#1131=EDGE_LOOP('',(#2804,#2805,#2806,#2807));
#1132=CARTESIAN_POINT('',(-0.0047775741429648,0.0498595448338758,-2.40508513714519E-08));
#1133=CARTESIAN_POINT('',(-0.00500218310174816,0.0499042940133766,-2.39856555044634E-08));
#1134=CARTESIAN_POINT('',(-0.00522163520389882,0.0499748733231155,-2.38828272665684E-08));
#1135=CARTESIAN_POINT('',(-0.00563880491703305,0.0501640190980363,-2.36072574587645E-08));
#1136=CARTESIAN_POINT('',(-0.00583650344727233,0.0502825769119617,-2.34345284931938E-08));
#1137=CARTESIAN_POINT('',(-0.00619983918169801,0.0505614923791128,-2.30281716400793E-08));
#1138=CARTESIAN_POINT('',(-0.00636545976742909,0.0507218372751452,-2.2794562339393E-08));
#1139=CARTESIAN_POINT('',(-0.00665598711046136,0.0510759566853408,-2.22786395374084E-08));
#1140=CARTESIAN_POINT('',(-0.00678088057945862,0.0512697150025902,-2.19963496342042E-08));
#1141=CARTESIAN_POINT('',(-0.00698342737713458,0.051680545245486,-2.13978038217898E-08));
#1142=CARTESIAN_POINT('',(-0.00706107144161329,0.0518975983803464,-2.10815752882507E-08));
#1143=CARTESIAN_POINT('',(-0.00716506013119149,0.0523436847466101,-2.04316642075692E-08));
#1144=CARTESIAN_POINT('',(-0.00719139999999748,0.0525726975746629,-2.00980113861603E-08));
#1145=CARTESIAN_POINT('',(-0.0071913999999974,0.0528017208779131,-1.97643433022207E-08));
#1146=CARTESIAN_POINT('',(-0.0047775742941618,0.049859544407572,0.00032308242367121));
#1147=CARTESIAN_POINT('',(-0.00500218324224577,0.0499042935969417,0.0003230824871515));
#1148=CARTESIAN_POINT('',(-0.00522163533275817,0.0499748729143444,0.000323082587273885));
#1149=CARTESIAN_POINT('',(-0.00563880502219138,0.0501640187000566,0.000323082855592249));
#1150=CARTESIAN_POINT('',(-0.00583650354037182,0.0502825765171103,0.000323083023775957));
#1151=CARTESIAN_POINT('',(-0.00619983925165429,0.0505614919862783,0.000323083419439768));
#1152=CARTESIAN_POINT('',(-0.00636545982630453,0.0507218368812011,0.000323083646901774));
#1153=CARTESIAN_POINT('',(-0.00665598714937298,0.0510759562856185,0.000323084149248358));
#1154=CARTESIAN_POINT('',(-0.00678088060949015,0.051269714598202,0.00032308442410996));
#1155=CARTESIAN_POINT('',(-0.00698342739255409,0.0516805448292034,0.000323085006905368));
#1156=CARTESIAN_POINT('',(-0.00706107145130291,0.0518975979568386,0.00032308531481252));
#1157=CARTESIAN_POINT('',(-0.00716506013317164,0.0523436843073105,0.000323085947621543));
#1158=CARTESIAN_POINT('',(-0.00719139999999911,0.0525726971268004,0.00032308627249447));
#1159=CARTESIAN_POINT('',(-0.00719139999999907,0.0528017204214857,0.000323086597382258));
#1160=CARTESIAN_POINT('',(-0.00477757444229022,0.0498595439969511,0.000646188940586349));
#1161=CARTESIAN_POINT('',(-0.00500218337989191,0.0499042931959895,0.000646189001706287));
#1162=CARTESIAN_POINT('',(-0.00522163545900222,0.0499748725209006,0.000646189098105868));
#1163=CARTESIAN_POINT('',(-0.00563880512521534,0.0501640183171852,0.000646189356447462));
#1164=CARTESIAN_POINT('',(-0.00583650363158165,0.0502825761373037,0.00064618951837766));
#1165=CARTESIAN_POINT('',(-0.00619983932019052,0.0505614916084478,0.00064618989932965));
#1166=CARTESIAN_POINT('',(-0.00636545988398477,0.0507218365022835,0.000646190118334017));
#1167=CARTESIAN_POINT('',(-0.00665598718749449,0.05107595590104,0.000646190602002022));
#1168=CARTESIAN_POINT('',(-0.00678088063891177,0.0512697142090522,0.000646190866643537));
#1169=CARTESIAN_POINT('',(-0.00698342740766016,0.0516805444284006,0.000646191427769058));
#1170=CARTESIAN_POINT('',(-0.00706107146079535,0.0518975975489573,0.0006461917242274));
#1171=CARTESIAN_POINT('',(-0.00716506013511102,0.0523436838839579,0.000646192333506891));
#1172=CARTESIAN_POINT('',(-0.0071914000000001,0.0525726966950587,0.000646192646300174));
#1173=CARTESIAN_POINT('',(-0.00719140000000009,0.052801719981353,0.000646192959107765));
#1174=CARTESIAN_POINT('',(-0.00477757508025585,0.0498595422701502,0.00207870010844461));
#1175=CARTESIAN_POINT('',(-0.00500218397271183,0.0499042915108303,0.00207870015534551));
#1176=CARTESIAN_POINT('',(-0.00522163600271488,0.049974870868079,0.00207870022931851));
#1177=CARTESIAN_POINT('',(-0.00563880556892223,0.0501640167098977,0.00207870042755896));
#1178=CARTESIAN_POINT('',(-0.00583650402440663,0.0502825745432162,0.00207870055181736));
#1179=CARTESIAN_POINT('',(-0.00619983961536333,0.050561490022871,0.0020787008441438));
#1180=CARTESIAN_POINT('',(-0.00636546013240226,0.0507218349120251,0.00207870101219847));
#1181=CARTESIAN_POINT('',(-0.00665598735167508,0.0510759542864011,0.00207870138334479));
#1182=CARTESIAN_POINT('',(-0.006780880765623,0.0512697125747258,0.00207870158641946));
#1183=CARTESIAN_POINT('',(-0.00698342747271612,0.0516805427438864,0.00207870201700336));
#1184=CARTESIAN_POINT('',(-0.00706107150167406,0.0518975958339571,0.00207870224449291));
#1185=CARTESIAN_POINT('',(-0.0071650601434595,0.052343682102325,0.00207870271202811));
#1186=CARTESIAN_POINT('',(-0.0071914000000001,0.052572694877295,0.00207870295205239));
#1187=CARTESIAN_POINT('',(-0.00719140000000009,0.0528017181274503,0.00207870319208764));
#1188=CARTESIAN_POINT('',(-0.00477757543374412,0.0498595413143301,0.00318810467442381));
#1189=CARTESIAN_POINT('',(-0.00500218430118544,0.0499042905780833,0.00318810471075827));
#1190=CARTESIAN_POINT('',(-0.00522163630397881,0.0499748699532498,0.00318810476806565));
#1191=CARTESIAN_POINT('',(-0.00563880581477427,0.0501640158202984,0.00318810492164387));
#1192=CARTESIAN_POINT('',(-0.00583650424206568,0.0502825736609308,0.00318810501790768));
#1193=CARTESIAN_POINT('',(-0.0061998397789146,0.0505614891453012,0.00318810524437492));
#1194=CARTESIAN_POINT('',(-0.00636546027004703,0.0507218340318613,0.00318810537456799));
#1195=CARTESIAN_POINT('',(-0.0066559874426453,0.0510759533927283,0.00318810566209751));
#1196=CARTESIAN_POINT('',(-0.00678088083583195,0.0512697116701444,0.0031881058194208));
#1197=CARTESIAN_POINT('',(-0.00698342750876271,0.0516805418114966,0.003188106152997));
#1198=CARTESIAN_POINT('',(-0.00706107152432436,0.0518975948846754,0.00318810632923465));
#1199=CARTESIAN_POINT('',(-0.00716506014808525,0.052343681116123,0.00318810669143726));
#1200=CARTESIAN_POINT('',(-0.00719140000000007,0.0525726938710734,0.00318810687738565));
#1201=CARTESIAN_POINT('',(-0.00719140000000006,0.0528017171012045,0.00318810706334255));
#1202=CARTESIAN_POINT('',(-0.00477757579741653,0.0498595403307448,0.00499088704655338));
#1203=CARTESIAN_POINT('',(-0.00500218463912252,0.0499042896182358,0.00499088706644112));
#1204=CARTESIAN_POINT('',(-0.00522163661392228,0.0499748690118364,0.00499088709780842));
#1205=CARTESIAN_POINT('',(-0.00563880606770943,0.0501640149048417,0.00499088718186971));
#1206=CARTESIAN_POINT('',(-0.00583650446599559,0.0502825727529988,0.00499088723455987));
#1207=CARTESIAN_POINT('',(-0.00619983994717788,0.0505614882422207,0.00499088735851708));
#1208=CARTESIAN_POINT('',(-0.00636546041165744,0.050721833126112,0.00499088742977847));
#1209=CARTESIAN_POINT('',(-0.00665598753623646,0.0510759524730809,0.0049908875871582));
#1210=CARTESIAN_POINT('',(-0.0067808809080637,0.051269710739274,0.00499088767326936));
#1211=CARTESIAN_POINT('',(-0.00698342754584787,0.0516805408520166,0.00499088785585282));
#1212=CARTESIAN_POINT('',(-0.00706107154762727,0.0518975939078169,0.00499088795231677));
#1213=CARTESIAN_POINT('',(-0.0071650601528443,0.0523436801012805,0.00499088815056894));
#1214=CARTESIAN_POINT('',(-0.00719140000000007,0.0525726928356346,0.00499088825234808));
#1215=CARTESIAN_POINT('',(-0.00719140000000006,0.0528017160451646,0.00499088835413188));
#1216=CARTESIAN_POINT('',(-0.00477757588663089,0.0498595400893714,0.00568426487054875));
#1217=CARTESIAN_POINT('',(-0.00500218472202361,0.0499042893826857,0.0056842648842848));
#1218=CARTESIAN_POINT('',(-0.00522163668995611,0.0499748687808084,0.00568426490594954));
#1219=CARTESIAN_POINT('',(-0.00563880612975825,0.0501640146801813,0.00568426496400895));
#1220=CARTESIAN_POINT('',(-0.00583650452092898,0.0502825725301843,0.00568426500040095));
#1221=CARTESIAN_POINT('',(-0.00619983998845539,0.0505614880205963,0.00568426508601565));
#1222=CARTESIAN_POINT('',(-0.00636546044639659,0.0507218329038329,0.00568426513523442));
#1223=CARTESIAN_POINT('',(-0.00665598755919575,0.0510759522473924,0.00568426524393336));
#1224=CARTESIAN_POINT('',(-0.0067808809257832,0.0512697105108323,0.00568426530340856));
#1225=CARTESIAN_POINT('',(-0.00698342755494538,0.0516805406165566,0.00568426542951519));
#1226=CARTESIAN_POINT('',(-0.00706107155334379,0.0518975936680936,0.00568426549614086));
#1227=CARTESIAN_POINT('',(-0.00716506015401173,0.0523436798522392,0.00568426563306954));
#1228=CARTESIAN_POINT('',(-0.00719140000000004,0.0525726925815407,0.0056842657033663));
#1229=CARTESIAN_POINT('',(-0.00719140000000004,0.052801715786017,0.00568426577366627));
#1230=CARTESIAN_POINT('',(-0.00477757596908042,0.0498595398653717,0.00707102049566371));
#1231=CARTESIAN_POINT('',(-0.00500218479863858,0.0499042891640677,0.00707102049744432));
#1232=CARTESIAN_POINT('',(-0.00522163676022455,0.0499748685663697,0.00707102050025273));
#1233=CARTESIAN_POINT('',(-0.00563880618710212,0.0501640144716274,0.00707102050777898));
#1234=CARTESIAN_POINT('',(-0.00583650457169696,0.0502825723233362,0.00707102051249649));
#1235=CARTESIAN_POINT('',(-0.00619984002660299,0.0505614878148481,0.00707102052359474));
#1236=CARTESIAN_POINT('',(-0.00636546047850161,0.0507218326974797,0.00707102052997498));
#1237=CARTESIAN_POINT('',(-0.00665598758041415,0.0510759520378883,0.00707102054406565));
#1238=CARTESIAN_POINT('',(-0.00678088094215913,0.0512697102987838,0.00707102055177544));
#1239=CARTESIAN_POINT('',(-0.0069834275633531,0.051680540398022,0.00707102056812267));
#1240=CARTESIAN_POINT('',(-0.00706107155862688,0.051897593445619,0.00707102057675937));
#1241=CARTESIAN_POINT('',(-0.00716506015509068,0.052343679621153,0.00707102059450947));
#1242=CARTESIAN_POINT('',(-0.00719140000000004,0.0525726923457851,0.00707102060362205));
#1243=CARTESIAN_POINT('',(-0.00719140000000004,0.0528017155455908,0.00707102061273505));
#1244=CARTESIAN_POINT('',(-0.0047775759623153,0.0498595398827454,0.00776439829678336));
#1245=CARTESIAN_POINT('',(-0.00500218479235218,0.0499042891809998,0.00776439829276021));
#1246=CARTESIAN_POINT('',(-0.00522163675445887,0.0499748685829589,0.00776439828641483));
#1247=CARTESIAN_POINT('',(-0.0056388061823969,0.0501640144877337,0.00776439826940982));
#1248=CARTESIAN_POINT('',(-0.00583650456753129,0.0502825723393026,0.00776439825875097));
#1249=CARTESIAN_POINT('',(-0.00619984002347281,0.0505614878307242,0.0077643982336753));
#1250=CARTESIAN_POINT('',(-0.00636546047586723,0.0507218327134054,0.00776439821925963));
#1251=CARTESIAN_POINT('',(-0.00665598757867301,0.0510759520540725,0.00776439818742282));
#1252=CARTESIAN_POINT('',(-0.00678088094081531,0.0512697103151768,0.00776439817000315));
#1253=CARTESIAN_POINT('',(-0.00698342756266307,0.0516805404149471,0.00776439813306781));
#1254=CARTESIAN_POINT('',(-0.00706107155819323,0.0518975934628674,0.00776439811355383));
#1255=CARTESIAN_POINT('',(-0.00716506015500199,0.052343679639108,0.00776439807344882));
#1256=CARTESIAN_POINT('',(-0.00719139999999988,0.0525726923641232,0.00776439805285962));
#1257=CARTESIAN_POINT('',(-0.00719139999999988,0.0528017155643121,0.00776439803226948));
#1258=CARTESIAN_POINT('',(-0.00477757582693111,0.0498595402446541,0.00956718054995896));
#1259=CARTESIAN_POINT('',(-0.00500218466654848,0.0499042895340717,0.00956718053129831));
#1260=CARTESIAN_POINT('',(-0.00522163663907634,0.0499748689291683,0.0095671805018664));
#1261=CARTESIAN_POINT('',(-0.00563880608823682,0.0501640148242802,0.00956718042299174));
#1262=CARTESIAN_POINT('',(-0.00583650448416899,0.0502825726730479,0.0095671803735526));
#1263=CARTESIAN_POINT('',(-0.0061998399608335,0.0505614881626635,0.00956718025724363));
#1264=CARTESIAN_POINT('',(-0.00636546042314998,0.0507218330463382,0.00956718019037912));
#1265=CARTESIAN_POINT('',(-0.00665598754383187,0.0510759523921791,0.00956718004270981));
#1266=CARTESIAN_POINT('',(-0.00678088091392563,0.0512697106574614,0.00956717996191177));
#1267=CARTESIAN_POINT('',(-0.0069834275488574,0.0516805407678822,0.00956717979059384));
#1268=CARTESIAN_POINT('',(-0.00706107154951827,0.051897593822272,0.00956717970008177));
#1269=CARTESIAN_POINT('',(-0.00716506015323034,0.0523436800126529,0.0095671795140619));
#1270=CARTESIAN_POINT('',(-0.00719139999999988,0.0525726927453354,0.00956717941856259));
#1271=CARTESIAN_POINT('',(-0.00719139999999988,0.0528017159531936,0.00956717932305892));
#1272=CARTESIAN_POINT('',(-0.00477757562762688,0.0498595407792297,0.0106765849841736));
#1273=CARTESIAN_POINT('',(-0.00500218448134806,0.0499042900556382,0.0106765849569506));
#1274=CARTESIAN_POINT('',(-0.00522163646921734,0.0499748694406324,0.0106765849140139));
#1275=CARTESIAN_POINT('',(-0.00563880594962026,0.0501640153215191,0.0106765847989478));
#1276=CARTESIAN_POINT('',(-0.00583650436144825,0.0502825731661631,0.0106765847268237));
#1277=CARTESIAN_POINT('',(-0.00619983986861991,0.05056148865312,0.0106765845571467));
#1278=CARTESIAN_POINT('',(-0.00636546034554304,0.0507218335382573,0.0106765844596016));
#1279=CARTESIAN_POINT('',(-0.00665598749254105,0.0510759528917149,0.0106765842441746));
#1280=CARTESIAN_POINT('',(-0.00678088087434046,0.0512697111631477,0.0106765841263026));
#1281=CARTESIAN_POINT('',(-0.00698342752853371,0.0516805412892475,0.0106765838763759));
#1282=CARTESIAN_POINT('',(-0.00706107153674769,0.0518975943531613,0.0106765837443326));
#1283=CARTESIAN_POINT('',(-0.00716506015062238,0.0523436805643587,0.010676583472958));
#1284=CARTESIAN_POINT('',(-0.00719140000000003,0.0525726933083288,0.0106765833336391));
#1285=CARTESIAN_POINT('',(-0.00719140000000003,0.052801716527477,0.0106765831943138));
#1286=CARTESIAN_POINT('',(-0.00477757502966224,0.0498595423823149,0.0128573341374175));
#1287=CARTESIAN_POINT('',(-0.00500218392569847,0.0499042916196926,0.0128573340942387));
#1288=CARTESIAN_POINT('',(-0.00522163595959595,0.0499748709743768,0.0128573340261362));
#1289=CARTESIAN_POINT('',(-0.0056388055337342,0.0501640168125845,0.0128573338436283));
#1290=CARTESIAN_POINT('',(-0.00583650399325376,0.0502825746448562,0.0128573337292311));
#1291=CARTESIAN_POINT('',(-0.00619983959195472,0.050561490123836,0.0128573334601039));
#1292=CARTESIAN_POINT('',(-0.00636546011270156,0.0507218350133614,0.0128573333053862));
#1293=CARTESIAN_POINT('',(-0.00665598733865475,0.0510759543896709,0.0128573329636943));
#1294=CARTESIAN_POINT('',(-0.00678088075557415,0.0512697126795569,0.0128573327767358));
#1295=CARTESIAN_POINT('',(-0.00698342746755682,0.0516805428526977,0.0128573323803233));
#1296=CARTESIAN_POINT('',(-0.00706107149843212,0.0518975959451861,0.0128573321708875));
#1297=CARTESIAN_POINT('',(-0.00716506014279736,0.0523436822188383,0.0128573317404562));
#1298=CARTESIAN_POINT('',(-0.00719140000000003,0.0525726949966737,0.0128573315194804));
#1299=CARTESIAN_POINT('',(-0.00719140000000003,0.0528017182496949,0.0128573312984945));
#1300=CARTESIAN_POINT('',(-0.00477757461622555,0.0498595435034721,0.0139286787947606));
#1301=CARTESIAN_POINT('',(-0.00500218354151857,0.0499042927138636,0.0139286787451266));
#1302=CARTESIAN_POINT('',(-0.00522163560724014,0.0499748720475913,0.0139286786668429));
#1303=CARTESIAN_POINT('',(-0.00563880524618742,0.0501640178562902,0.01392867845705));
#1304=CARTESIAN_POINT('',(-0.00583650373868115,0.0502825756800076,0.0139286783255505));
#1305=CARTESIAN_POINT('',(-0.00619983940066592,0.0505614911534719,0.0139286780161888));
#1306=CARTESIAN_POINT('',(-0.0063654599517127,0.0507218360460311,0.0139286778383408));
#1307=CARTESIAN_POINT('',(-0.00665598723225592,0.0510759554381404,0.0139286774455659));
#1308=CARTESIAN_POINT('',(-0.0067808806734575,0.0512697137407849,0.0139286772306571));
#1309=CARTESIAN_POINT('',(-0.00698342742539613,0.0516805439464499,0.013928676774981));
#1310=CARTESIAN_POINT('',(-0.00706107147193963,0.0518975970586948,0.0139286765342345));
#1311=CARTESIAN_POINT('',(-0.00716506013738629,0.0523436833755285,0.0139286760394537));
#1312=CARTESIAN_POINT('',(-0.00719139999999928,0.0525726961767785,0.013928675785442));
#1313=CARTESIAN_POINT('',(-0.00719139999999934,0.0528017194532197,0.0139286755314188));
#1314=CARTESIAN_POINT('',(-0.00477757417571325,0.0498595447386189,0.0150000232832049));
#1315=CARTESIAN_POINT('',(-0.00500218313217909,0.049904293920257,0.0150000232296846));
#1316=CARTESIAN_POINT('',(-0.0052216352318089,0.0499748732316557,0.0150000231452713));
#1317=CARTESIAN_POINT('',(-0.00563880493980954,0.0501640190089134,0.0150000229190517));
#1318=CARTESIAN_POINT('',(-0.00583650346743693,0.0502825768235162,0.0150000227772557));
#1319=CARTESIAN_POINT('',(-0.00619983919684994,0.0505614922911038,0.015000022443671));
#1320=CARTESIAN_POINT('',(-0.00636545978018101,0.0507218371868957,0.0150000222518974));
#1321=CARTESIAN_POINT('',(-0.00665598711888935,0.0510759565958395,0.0150000218283683));
#1322=CARTESIAN_POINT('',(-0.00678088058596332,0.0512697149120781,0.0150000215966321));
#1323=CARTESIAN_POINT('',(-0.00698342738047461,0.0516805451523974,0.0150000211052765));
#1324=CARTESIAN_POINT('',(-0.0070610714437124,0.0518975982856927,0.0150000208456795));
#1325=CARTESIAN_POINT('',(-0.00716506013162107,0.0523436846485358,0.0150000203121574));
#1326=CARTESIAN_POINT('',(-0.00719139999999869,0.0525726974747338,0.0150000200382565));
#1327=CARTESIAN_POINT('',(-0.00719139999999879,0.0528017207761289,0.0150000197643432));
#1328=EDGE_LOOP('',(#2808,#2809,#2810,#2811));
#1329=CARTESIAN_POINT('',(-0.0121914,0.05280171106671,-2.6930424602519E-08));
#1330=CARTESIAN_POINT('',(-0.0121914000000001,0.0525726901809346,-2.72286385248795E-08));
#1331=CARTESIAN_POINT('',(-0.0122177393103493,0.0523436797698043,-2.75268388251612E-08));
#1332=CARTESIAN_POINT('',(-0.0123217258238754,0.0518975978608569,-2.81076934971936E-08));
#1333=CARTESIAN_POINT('',(-0.0123993682710589,0.0516805467653262,-2.83903213028468E-08));
#1334=CARTESIAN_POINT('',(-0.0126019109444112,0.0512697198796958,-2.89252695794408E-08));
#1335=CARTESIAN_POINT('',(-0.0127268019069593,0.0510759628794362,-2.91775655830284E-08));
#1336=CARTESIAN_POINT('',(-0.0130173236151021,0.0507218451001829,-2.96386715508898E-08));
#1337=CARTESIAN_POINT('',(-0.013182941073211,0.0505615005173454,-2.98474604248293E-08));
#1338=CARTESIAN_POINT('',(-0.0135462702753439,0.0502825844809418,-3.02106443418517E-08));
#1339=CARTESIAN_POINT('',(-0.0137439654019122,0.0501640257840572,-3.03650227747405E-08));
#1340=CARTESIAN_POINT('',(-0.0141611284252952,0.0499748769632635,-3.06113185566327E-08));
#1341=CARTESIAN_POINT('',(-0.0143805772424763,0.0499042954903854,-3.07032246415345E-08));
#1342=CARTESIAN_POINT('',(-0.0146051831812842,0.04985954352536,-3.07614974719432E-08));
#1343=CARTESIAN_POINT('',(-0.0121914,0.0528017097727042,0.000972170397483845));
#1344=CARTESIAN_POINT('',(-0.0121914000000001,0.0525726887817563,0.000972170121171189));
#1345=CARTESIAN_POINT('',(-0.0122177393346447,0.0523436782654775,0.00097216984487116));
#1346=CARTESIAN_POINT('',(-0.0123217259428395,0.0518975961626138,0.000972169306675342));
#1347=CARTESIAN_POINT('',(-0.0123993684603832,0.0516805449783616,0.000972169044804167));
#1348=CARTESIAN_POINT('',(-0.0126019113131634,0.0512697179466721,0.000972168549143372));
#1349=CARTESIAN_POINT('',(-0.0127268023847542,0.0510759608891162,0.000972168315376424));
#1350=CARTESIAN_POINT('',(-0.0130173243380422,0.0507218430389067,0.000972167888134932));
#1351=CARTESIAN_POINT('',(-0.0131829419322181,0.0505614984424426,0.000972167694679931));
#1352=CARTESIAN_POINT('',(-0.0135462714185381,0.0502825824308016,0.000972167358169044));
#1353=CARTESIAN_POINT('',(-0.0137439666931831,0.0501640237723286,0.000972167215128549));
#1354=CARTESIAN_POINT('',(-0.0141611300076044,0.0499748750840423,0.000972166986921458));
#1355=CARTESIAN_POINT('',(-0.0143805789676987,0.0499042937052697,0.000972166901765298));
#1356=CARTESIAN_POINT('',(-0.0146051850378916,0.0498595418614266,0.000972166847772337));
#1357=CARTESIAN_POINT('',(-0.0121914,0.0528017085907756,0.00194436772539247));
#1358=CARTESIAN_POINT('',(-0.0121914,0.0525726875018743,0.00194436748727586));
#1359=CARTESIAN_POINT('',(-0.0122177393572725,0.0523436768876644,0.00194436724917014));
#1360=CARTESIAN_POINT('',(-0.0123217260536378,0.051897594604195,0.00194436678537181));
#1361=CARTESIAN_POINT('',(-0.0123993686367119,0.0516805433373112,0.0019443665597004));
#1362=CARTESIAN_POINT('',(-0.012601911656604,0.0512697161695882,0.00194436613255733));
#1363=CARTESIAN_POINT('',(-0.0127268028297526,0.0510759590586687,0.00194436593110521));
#1364=CARTESIAN_POINT('',(-0.0130173250113587,0.0507218411423737,0.00194436556292359));
#1365=CARTESIAN_POINT('',(-0.0131829427322616,0.0505614965332181,0.00194436539621094));
#1366=CARTESIAN_POINT('',(-0.0135462724832618,0.0502825805446401,0.00194436510621789));
#1367=CARTESIAN_POINT('',(-0.0137439678958194,0.050164021921942,0.00194436498295075));
#1368=CARTESIAN_POINT('',(-0.0141611314813015,0.0499748733570675,0.00194436478629022));
#1369=CARTESIAN_POINT('',(-0.0143805805744992,0.049904292065941,0.00194436471290583));
#1370=CARTESIAN_POINT('',(-0.0146051867670585,0.0498595403349621,0.00194436466637681));
#1371=CARTESIAN_POINT('',(-0.0121914,0.0528017069441153,0.00385675740139888));
#1372=CARTESIAN_POINT('',(-0.0121914,0.0525726857008901,0.00385675724377177));
#1373=CARTESIAN_POINT('',(-0.0122177393929225,0.0523436749323917,0.00385675708615188));
#1374=CARTESIAN_POINT('',(-0.0123217262281994,0.0518975923643813,0.00385675677912925));
#1375=CARTESIAN_POINT('',(-0.012399368914516,0.051680540967313,0.00385675662974057));
#1376=CARTESIAN_POINT('',(-0.0126019121976907,0.0512697135852723,0.00385675634698283));
#1377=CARTESIAN_POINT('',(-0.0127268035308425,0.0510759563902798,0.00385675621362671));
#1378=CARTESIAN_POINT('',(-0.0130173260721608,0.0507218383698691,0.00385675596989999));
#1379=CARTESIAN_POINT('',(-0.0131829439927206,0.0505614937407192,0.00385675585954054));
#1380=CARTESIAN_POINT('',(-0.0135462741607208,0.0502825777884779,0.00385675566757272));
#1381=CARTESIAN_POINT('',(-0.0137439697905576,0.0501640192221437,0.00385675558597312));
#1382=CARTESIAN_POINT('',(-0.0141611338030922,0.0499748708517047,0.00385675545578911));
#1383=CARTESIAN_POINT('',(-0.0143805831059922,0.0499042896986642,0.00385675540721065));
#1384=CARTESIAN_POINT('',(-0.0146051894913378,0.0498595381455023,0.00385675537640978));
#1385=CARTESIAN_POINT('',(-0.0121914,0.0528017063782402,0.00479694974949652));
#1386=CARTESIAN_POINT('',(-0.0121914,0.0525726850745634,0.00479694963176328));
#1387=CARTESIAN_POINT('',(-0.0122177394068872,0.0523436742456272,0.00479694951403542));
#1388=CARTESIAN_POINT('',(-0.0123217262965785,0.0518975915661566,0.00479694928471719));
#1389=CARTESIAN_POINT('',(-0.0123993690233373,0.0516805401180925,0.00479694917313731));
#1390=CARTESIAN_POINT('',(-0.012601912409645,0.0512697126520994,0.00479694896194277));
#1391=CARTESIAN_POINT('',(-0.0127268038054731,0.051075955424174,0.00479694886233777));
#1392=CARTESIAN_POINT('',(-0.0130173264876978,0.0507218373629792,0.0047969486802959));
#1393=CARTESIAN_POINT('',(-0.0131829444864671,0.0505614927259972,0.00479694859786736));
#1394=CARTESIAN_POINT('',(-0.0135462748178142,0.0502825767879899,0.00479694845448474));
#1395=CARTESIAN_POINT('',(-0.0137439705327635,0.0501640182437346,0.00479694839353722));
#1396=CARTESIAN_POINT('',(-0.0141611347125828,0.0499748699494599,0.00479694829630155));
#1397=CARTESIAN_POINT('',(-0.0143805840976272,0.0499042888505105,0.00479694826001786));
#1398=CARTESIAN_POINT('',(-0.0146051905584909,0.0498595373670031,0.00479694823701242));
#1399=CARTESIAN_POINT('',(-0.0121914,0.0528017058611205,0.00632476231515521));
#1400=CARTESIAN_POINT('',(-0.0121914,0.0525726844926084,0.00632476226277335));
#1401=CARTESIAN_POINT('',(-0.0122177394218647,0.0523436735988518,0.00632476221039388));
#1402=CARTESIAN_POINT('',(-0.0123217263699162,0.0518975907998386,0.00632476210836564));
#1403=CARTESIAN_POINT('',(-0.0123993691400497,0.0516805392970809,0.00632476205872153));
#1404=CARTESIAN_POINT('',(-0.012601912636969,0.0512697117410477,0.00632476196475688));
#1405=CARTESIAN_POINT('',(-0.0127268041000184,0.0510759544778011,0.00632476192044064));
#1406=CARTESIAN_POINT('',(-0.013017326933367,0.050721836372865,0.0063247618394466));
#1407=CARTESIAN_POINT('',(-0.0131829450160172,0.050561491727483,0.00632476180277251));
#1408=CARTESIAN_POINT('',(-0.0135462755225563,0.0502825758047418,0.00632476173897875));
#1409=CARTESIAN_POINT('',(-0.0137439713287899,0.0501640172841664,0.006324761711862));
#1410=CARTESIAN_POINT('',(-0.0141611356880244,0.0499748690715792,0.00632476166859994));
#1411=CARTESIAN_POINT('',(-0.0143805851611698,0.0499042880306432,0.00632476165245662));
#1412=CARTESIAN_POINT('',(-0.0146051917030278,0.0498595366218413,0.00632476164222106));
#1413=CARTESIAN_POINT('',(-0.0121914,0.0528017057589655,0.00691238253271626));
#1414=CARTESIAN_POINT('',(-0.0121914,0.0525726843735454,0.00691238250559547));
#1415=CARTESIAN_POINT('',(-0.0122177394257706,0.0523436734628845,0.00691238247847591));
#1416=CARTESIAN_POINT('',(-0.0123217263890416,0.0518975906326964,0.00691238242565062));
#1417=CARTESIAN_POINT('',(-0.0123993691704866,0.0516805391156754,0.00691238239994731));
#1418=CARTESIAN_POINT('',(-0.0126019126962517,0.0512697115361611,0.00691238235129696));
#1419=CARTESIAN_POINT('',(-0.0127268041768314,0.0510759542637033,0.00691238232835215));
#1420=CARTESIAN_POINT('',(-0.013017327049591,0.0507218361473601,0.00691238228641736));
#1421=CARTESIAN_POINT('',(-0.013182945154116,0.0505614914997874,0.00691238226742929));
#1422=CARTESIAN_POINT('',(-0.0135462757063426,0.0502825755810275,0.00691238223439996));
#1423=CARTESIAN_POINT('',(-0.0137439715363818,0.0501640170666275,0.00691238222036022));
#1424=CARTESIAN_POINT('',(-0.0141611359424052,0.0499748688753431,0.00691238219796123));
#1425=CARTESIAN_POINT('',(-0.014380585438526,0.0499042878495362,0.006912382189603));
#1426=CARTESIAN_POINT('',(-0.014605192001506,0.0498595364602164,0.00691238218430352));
#1427=CARTESIAN_POINT('',(-0.0121914,0.0528017057500679,0.00808762296783839));
#1428=CARTESIAN_POINT('',(-0.0121914,0.0525726843493963,0.00808762299149138));
#1429=CARTESIAN_POINT('',(-0.0122177394292938,0.0523436734234875,0.00808762301514329));
#1430=CARTESIAN_POINT('',(-0.0123217264062931,0.0518975905651788,0.00808762306121407));
#1431=CARTESIAN_POINT('',(-0.0123993691979414,0.051680539035292,0.00808762308363083));
#1432=CARTESIAN_POINT('',(-0.0126019127497261,0.0512697114345972,0.00808762312606049));
#1433=CARTESIAN_POINT('',(-0.0127268042461186,0.0510759541538307,0.00808762314607146));
#1434=CARTESIAN_POINT('',(-0.0130173271544277,0.050721836027198,0.00808762318264425));
#1435=CARTESIAN_POINT('',(-0.0131829452786843,0.0505614913776494,0.00808762319920441));
#1436=CARTESIAN_POINT('',(-0.0135462758721221,0.0502825754624806,0.00808762322801043));
#1437=CARTESIAN_POINT('',(-0.0137439717236345,0.050164016953651,0.00808762324025498));
#1438=CARTESIAN_POINT('',(-0.0141611361718625,0.0499748687815823,0.00808762325978992));
#1439=CARTESIAN_POINT('',(-0.0143805856887077,0.0499042877694221,0.00808762326707943));
#1440=CARTESIAN_POINT('',(-0.0146051922707403,0.0498595363976756,0.00808762327170128));
#1441=CARTESIAN_POINT('',(-0.0121914,0.0528017058433254,0.00867524318539943));
#1442=CARTESIAN_POINT('',(-0.0121914,0.0525726844443104,0.00867524323456513));
#1443=CARTESIAN_POINT('',(-0.0122177394289111,0.0523436735200578,0.00867524328372859));
#1444=CARTESIAN_POINT('',(-0.0123217264044192,0.0518975906648036,0.00867524337949247));
#1445=CARTESIAN_POINT('',(-0.0123993691949592,0.0516805391363142,0.00867524342608852));
#1446=CARTESIAN_POINT('',(-0.0126019127439178,0.05126971153792,0.0086752435142839));
#1447=CARTESIAN_POINT('',(-0.0127268042385926,0.051075954258056,0.00867524355587919));
#1448=CARTESIAN_POINT('',(-0.0130173271430404,0.0507218361325409,0.00867524363190034));
#1449=CARTESIAN_POINT('',(-0.0131829452651538,0.050561491483207,0.0086752436663227));
#1450=CARTESIAN_POINT('',(-0.0135462758541152,0.0502825755676481,0.00867524372619963));
#1451=CARTESIAN_POINT('',(-0.0137439717032953,0.0501640170582134,0.00867524375165145));
#1452=CARTESIAN_POINT('',(-0.014161136146939,0.0499748688840575,0.00867524379225728));
#1453=CARTESIAN_POINT('',(-0.0143805856615332,0.0499042878704151,0.00867524380740942));
#1454=CARTESIAN_POINT('',(-0.0146051922414963,0.0498595364967598,0.00867524381701652));
#1455=CARTESIAN_POINT('',(-0.0121914,0.0528017063423472,0.0102030557510581));
#1456=CARTESIAN_POINT('',(-0.0121914,0.052572684975034,0.0102030558668837));
#1457=CARTESIAN_POINT('',(-0.0122177394215877,0.0523436740824758,0.010203055982704));
#1458=CARTESIAN_POINT('',(-0.0123217263685602,0.051897591285673,0.0102030562083065));
#1459=CARTESIAN_POINT('',(-0.0123993691378918,0.0516805397839265,0.0102030563180785));
#1460=CARTESIAN_POINT('',(-0.0126019126327659,0.0512697122295581,0.010203056525851));
#1461=CARTESIAN_POINT('',(-0.0127268040945723,0.0510759549669647,0.0102030566238421));
#1462=CARTESIAN_POINT('',(-0.0130173269251268,0.0507218368628373,0.0102030568029343));
#1463=CARTESIAN_POINT('',(-0.013182945006226,0.0505614922176106,0.0102030568840272));
#1464=CARTESIAN_POINT('',(-0.0135462755095259,0.0502825762945872,0.0102030570250865));
#1465=CARTESIAN_POINT('',(-0.0137439713140718,0.050164017773574,0.0102030570850465));
#1466=CARTESIAN_POINT('',(-0.014161135669989,0.0499748695594764,0.0102030571807065));
#1467=CARTESIAN_POINT('',(-0.0143805851415055,0.0499042885174678,0.0102030572164023));
#1468=CARTESIAN_POINT('',(-0.0146051916818658,0.0498595371072847,0.0102030572390349));
#1469=CARTESIAN_POINT('',(-0.0121914,0.0528017069020439,0.0111432480991557));
#1470=CARTESIAN_POINT('',(-0.0121914,0.0525726855812124,0.0111432482563246));
#1471=CARTESIAN_POINT('',(-0.0122177394108501,0.0523436747351254,0.0111432484134863));
#1472=CARTESIAN_POINT('',(-0.0123217263159829,0.0518975920240252,0.0111432487196163));
#1473=CARTESIAN_POINT('',(-0.0123993690542181,0.0516805405614898,0.0111432488685707));
#1474=CARTESIAN_POINT('',(-0.0126019124697924,0.0512697130716731,0.0111432491505065));
#1475=CARTESIAN_POINT('',(-0.0127268038834065,0.051075955834402,0.0111432492834749));
#1476=CARTESIAN_POINT('',(-0.013017326605617,0.0507218377616338,0.011143249526493));
#1477=CARTESIAN_POINT('',(-0.0131829446265802,0.0505614931224292,0.0111432496365316));
#1478=CARTESIAN_POINT('',(-0.0135462750042813,0.0502825771884612,0.0111432498279413));
#1479=CARTESIAN_POINT('',(-0.0137439707433835,0.0501640186504713,0.0111432499093036));
#1480=CARTESIAN_POINT('',(-0.0141611349706741,0.0499748703778102,0.011143250039109));
#1481=CARTESIAN_POINT('',(-0.0143805843790291,0.0499042892942105,0.0111432500875462));
#1482=CARTESIAN_POINT('',(-0.014605190861323,0.0498595378304693,0.0111432501182575));
#1483=CARTESIAN_POINT('',(-0.0121914,0.0528017085623545,0.0130556359048309));
#1484=CARTESIAN_POINT('',(-0.0121914,0.0525726874013835,0.0130556361467469));
#1485=CARTESIAN_POINT('',(-0.0122177393739211,0.0523436767151205,0.0130556363886518));
#1486=CARTESIAN_POINT('',(-0.0123217261351585,0.0518975942987696,0.0130556368598504));
#1487=CARTESIAN_POINT('',(-0.0123993687664472,0.0516805429710893,0.0130556370891226));
#1488=CARTESIAN_POINT('',(-0.0126019119092931,0.0512697157032793,0.0130556375230811));
#1489=CARTESIAN_POINT('',(-0.0127268031571636,0.0510759585530975,0.0130556377277475));
#1490=CARTESIAN_POINT('',(-0.0130173255067564,0.0507218405881801,0.0130556381018037));
#1491=CARTESIAN_POINT('',(-0.0131829433208997,0.0505614959696871,0.0130556382711764));
#1492=CARTESIAN_POINT('',(-0.0135462732666401,0.0502825799980784,0.0130556385657964));
#1493=CARTESIAN_POINT('',(-0.0137439687806677,0.0501640214017025,0.0130556386910303));
#1494=CARTESIAN_POINT('',(-0.0141611325655847,0.0499748729276299,0.0130556388908286));
#1495=CARTESIAN_POINT('',(-0.014380581756714,0.0499042917009899,0.0130556389653838));
#1496=CARTESIAN_POINT('',(-0.0146051880393051,0.049859540053052,0.0130556390126551));
#1497=CARTESIAN_POINT('',(-0.0121914,0.052801709773596,0.0140278313624083));
#1498=CARTESIAN_POINT('',(-0.0121914000000001,0.0525726887423641,0.0140278316454888));
#1499=CARTESIAN_POINT('',(-0.0122177393439506,0.0523436781858104,0.0140278319285565));
#1500=CARTESIAN_POINT('',(-0.012321725988406,0.0518975960086714,0.0140278324799347));
#1501=CARTESIAN_POINT('',(-0.0123993685328995,0.0516805447904363,0.01402783274822));
#1502=CARTESIAN_POINT('',(-0.0126019114544055,0.051269717702802,0.0140278332560212));
#1503=CARTESIAN_POINT('',(-0.0127268025677625,0.0510759606232998,0.0140278334955139));
#1504=CARTESIAN_POINT('',(-0.0130173246149477,0.050721842745912,0.0140278339332199));
#1505=CARTESIAN_POINT('',(-0.0131829422612409,0.0505614981442282,0.0140278341314132));
#1506=CARTESIAN_POINT('',(-0.0135462718564123,0.0502825821420716,0.0140278344761662));
#1507=CARTESIAN_POINT('',(-0.0137439671877747,0.0501640234983111,0.0140278346227101));
#1508=CARTESIAN_POINT('',(-0.0141611306136715,0.0499748748607782,0.0140278348565065));
#1509=CARTESIAN_POINT('',(-0.0143805796285054,0.0499042935180503,0.0140278349437482));
#1510=CARTESIAN_POINT('',(-0.0146051857490224,0.049859541720623,0.0140278349990635));
#1511=CARTESIAN_POINT('',(-0.0121914,0.0528017111056566,0.0150000268199855));
#1512=CARTESIAN_POINT('',(-0.0121914000000001,0.052572690222613,0.0150000271267963));
#1513=CARTESIAN_POINT('',(-0.0122177393097181,0.0523436798142138,0.0150000274335931));
#1514=CARTESIAN_POINT('',(-0.0123217258207849,0.0518975979103032,0.0150000280311926));
#1515=CARTESIAN_POINT('',(-0.0123993682661406,0.0516805468170768,0.015000028321968));
#1516=CARTESIAN_POINT('',(-0.0126019109348317,0.0512697199352399,0.0150000288723376));
#1517=CARTESIAN_POINT('',(-0.0127268018945471,0.0510759629364683,0.0150000291319066));
#1518=CARTESIAN_POINT('',(-0.0130173235963216,0.0507218451590572,0.0150000296063051));
#1519=CARTESIAN_POINT('',(-0.0131829410508958,0.0505615005765732,0.0150000298211128));
#1520=CARTESIAN_POINT('',(-0.0135462702456463,0.0502825845395252,0.0150000301947662));
#1521=CARTESIAN_POINT('',(-0.0137439653683679,0.0501640258416422,0.0150000303535948));
#1522=CARTESIAN_POINT('',(-0.0141611283841906,0.0499748770174051,0.0150000306069904));
#1523=CARTESIAN_POINT('',(-0.0143805771976593,0.0499042955420817,0.0150000307015457));
#1524=CARTESIAN_POINT('',(-0.0146051831330544,0.0498595435739075,0.0150000307614982));
#1525=EDGE_LOOP('',(#2812,#2813,#2814,#2815,#2816,#2817,#2818,#2819,#2820,#2821,#2822,#2823,#2824,#2825,#2826,#2827,#2828,#2829,#2830,#2831,#2832,#2833,#2834,#2835,#2836,#2837,#2838,#2839,#2840,#2841,#2842,#2843,#2844,#2845,#2846,#2847,#2848,#2849,#2850,#2851,#2852,#2853,#2854,#2855,#2856,#2857,#2858,#2859,#2860,#2861,#2862,#2863,#2864,#2865,#2866,#2867,#2868,#2869,#2870,#2871,#2872,#2873,#2874,#2875,#2876,#2877,#2878,#2879,#2880,#2881,#2882,#2883,#2884,#2885,#2886,#2887,#2888,#2889));
#1526=CARTESIAN_POINT('',(-0.0246997387454912,0.0453371983331363,0.0150992635299879));
#1527=CARTESIAN_POINT('',(-0.0245458230295444,0.0454528801583248,0.0150992636870446));
#1528=CARTESIAN_POINT('',(-0.024058064182078,0.04581088912296,0.0150992641914207));
#1529=CARTESIAN_POINT('',(-0.0232282571750826,0.0463745554823285,0.0150992638548877));
#1530=CARTESIAN_POINT('',(-0.0221921193527236,0.0470081776019356,0.0150992637756386));
#1531=CARTESIAN_POINT('',(-0.0211232230899102,0.0475921232658446,0.0150992639394565));
#1532=CARTESIAN_POINT('',(-0.0200213535461356,0.0481257044979449,0.0150992641278158));
#1533=CARTESIAN_POINT('',(-0.0188910616960328,0.0486059056205216,0.0150992640732128));
#1534=CARTESIAN_POINT('',(-0.0177376896702731,0.0490297753011932,0.0150992639622602));
#1535=CARTESIAN_POINT('',(-0.0165613624502512,0.0493969196577798,0.015099263968438));
#1536=CARTESIAN_POINT('',(-0.0154842531954344,0.049675563604419,0.0150992641333832));
#1537=CARTESIAN_POINT('',(-0.0147931836872173,0.0498230803498304,0.0150992641447593));
#1538=CARTESIAN_POINT('',(-0.0145068669391697,0.0498789264617535,0.0150992641308285));
#1539=CARTESIAN_POINT('',(-0.0246997348418944,0.0453372006422865,0.0150695089285309));
#1540=CARTESIAN_POINT('',(-0.0245458218514659,0.0454528807993281,0.0150695090849117));
#1541=CARTESIAN_POINT('',(-0.0240580632766933,0.0458108893196027,0.0150695095876077));
#1542=CARTESIAN_POINT('',(-0.0232282577595138,0.046374554848677,0.0150695092520775));
#1543=CARTESIAN_POINT('',(-0.0221921198766656,0.0470081768006534,0.0150695091728666));
#1544=CARTESIAN_POINT('',(-0.0211232237911009,0.0475921228560322,0.0150695093360208));
#1545=CARTESIAN_POINT('',(-0.0200213538341006,0.0481257040322518,0.0150695095239101));
#1546=CARTESIAN_POINT('',(-0.0188910618339181,0.0486059055644147,0.0150695094697309));
#1547=CARTESIAN_POINT('',(-0.0177376897619406,0.0490297752841099,0.0150695093592071));
#1548=CARTESIAN_POINT('',(-0.0165613624996324,0.0493969195378273,0.0150695093651635));
#1549=CARTESIAN_POINT('',(-0.0154842534371178,0.0496755635518391,0.0150695095293624));
#1550=CARTESIAN_POINT('',(-0.0147931839212145,0.0498230802639143,0.0150695095407898));
#1551=CARTESIAN_POINT('',(-0.0145068671431538,0.0498789263763687,0.015069509526963));
#1552=CARTESIAN_POINT('',(-0.0246997309382976,0.0453372029514367,0.0150397543270739));
#1553=CARTESIAN_POINT('',(-0.0245458206733874,0.0454528814403313,0.0150397544827788));
#1554=CARTESIAN_POINT('',(-0.0240580623713085,0.0458108895162453,0.0150397549837946));
#1555=CARTESIAN_POINT('',(-0.023228258343945,0.0463745542150256,0.0150397546492672));
#1556=CARTESIAN_POINT('',(-0.0221921204006076,0.0470081759993712,0.0150397545700945));
#1557=CARTESIAN_POINT('',(-0.0211232244922916,0.0475921224462198,0.0150397547325852));
#1558=CARTESIAN_POINT('',(-0.0200213541220656,0.0481257035665586,0.0150397549200045));
#1559=CARTESIAN_POINT('',(-0.0188910619718033,0.0486059055083079,0.015039754866249));
#1560=CARTESIAN_POINT('',(-0.0177376898536081,0.0490297752670266,0.015039754756154));
#1561=CARTESIAN_POINT('',(-0.0165613625490135,0.0493969194178748,0.015039754761889));
#1562=CARTESIAN_POINT('',(-0.0154842536788012,0.0496755634992592,0.0150397549253417));
#1563=CARTESIAN_POINT('',(-0.0147931841552117,0.0498230801779982,0.0150397549368202));
#1564=CARTESIAN_POINT('',(-0.0145068673471379,0.049878926290984,0.0150397549230976));
#1565=CARTESIAN_POINT('',(-0.0246997270347008,0.0453372052605868,0.0150099997256169));
#1566=CARTESIAN_POINT('',(-0.0245458194953089,0.0454528820813346,0.0150099998806459));
#1567=CARTESIAN_POINT('',(-0.0240580614659238,0.045810889712888,0.0150100003799815));
#1568=CARTESIAN_POINT('',(-0.0232282589283761,0.0463745535813741,0.015010000046457));
#1569=CARTESIAN_POINT('',(-0.0221921209245496,0.047008175198089,0.0150099999673225));
#1570=CARTESIAN_POINT('',(-0.0211232251934823,0.0475921220364074,0.0150100001291496));
#1571=CARTESIAN_POINT('',(-0.0200213544100306,0.0481257031008655,0.0150100003160988));
#1572=CARTESIAN_POINT('',(-0.0188910621096886,0.048605905452201,0.0150100002627672));
#1573=CARTESIAN_POINT('',(-0.0177376899452756,0.0490297752499433,0.0150100001531009));
#1574=CARTESIAN_POINT('',(-0.0165613625983947,0.0493969192979223,0.0150100001586145));
#1575=CARTESIAN_POINT('',(-0.0154842539204846,0.0496755634466793,0.0150100003213209));
#1576=CARTESIAN_POINT('',(-0.0147931843892089,0.0498230800920822,0.0150100003328507));
#1577=CARTESIAN_POINT('',(-0.014506867551122,0.0498789262055992,0.0150100003192322));
#1578=CARTESIAN_POINT('',(-0.0246997265973818,0.0453372055192804,0.0150066663248026));
#1579=CARTESIAN_POINT('',(-0.0245458193633291,0.045452882153146,0.0150066664797558));
#1580=CARTESIAN_POINT('',(-0.0240580613644937,0.0458108897349178,0.0150066669789032));
#1581=CARTESIAN_POINT('',(-0.0232282589938498,0.0463745535103863,0.0150066666454911));
#1582=CARTESIAN_POINT('',(-0.0221921209832467,0.0470081751083216,0.0150066665663608));
#1583=CARTESIAN_POINT('',(-0.0211232252720365,0.0475921219904962,0.0150066667281136));
#1584=CARTESIAN_POINT('',(-0.0200213544422913,0.048125703048694,0.0150066669150102));
#1585=CARTESIAN_POINT('',(-0.0188910621251358,0.0486059054459154,0.015006666861726));
#1586=CARTESIAN_POINT('',(-0.0177376899555451,0.0490297752480294,0.0150066667521077));
#1587=CARTESIAN_POINT('',(-0.0165613626039269,0.0493969192844841,0.0150066667575965));
#1588=CARTESIAN_POINT('',(-0.0154842539475604,0.0496755634407888,0.0150066669202193));
#1589=CARTESIAN_POINT('',(-0.0147931844154236,0.049823080082457,0.0150066669317549));
#1590=CARTESIAN_POINT('',(-0.0145068675739743,0.0498789261960336,0.015006666918148));
#1591=CARTESIAN_POINT('',(-0.0246990657176373,0.0453375973189848,0.0100033332124624));
#1592=CARTESIAN_POINT('',(-0.0245456191224587,0.0454529915490094,0.0100033332537056));
#1593=CARTESIAN_POINT('',(-0.0240579178939507,0.0458109159912505,0.0100033334699504));
#1594=CARTESIAN_POINT('',(-0.0232283569625814,0.0463744473071712,0.0100033333056469));
#1595=CARTESIAN_POINT('',(-0.0221922074263598,0.0470080417175158,0.0100033332329405));
#1596=CARTESIAN_POINT('',(-0.0211233432200124,0.0475920529717408,0.0100033332830829));
#1597=CARTESIAN_POINT('',(-0.0200214031370594,0.0481256246016145,0.0100033333908514));
#1598=CARTESIAN_POINT('',(-0.0188910851855833,0.0486058960946682,0.010003333408781));
#1599=CARTESIAN_POINT('',(-0.017737705342627,0.0490297723571774,0.0100033333712455));
#1600=CARTESIAN_POINT('',(-0.0165613709277128,0.0493968991948553,0.0100033333395896));
#1601=CARTESIAN_POINT('',(-0.0154842945502907,0.0496755545119039,0.0100033333767891));
#1602=CARTESIAN_POINT('',(-0.0147932237237583,0.0498230655739682,0.0100033333968774));
#1603=CARTESIAN_POINT('',(-0.0145069018423728,0.0498789118201417,0.0100033334007337));
#1604=CARTESIAN_POINT('',(-0.0246994281850075,0.0453373992871532,0.004996666772723));
#1605=CARTESIAN_POINT('',(-0.0245457682580842,0.0454529093288716,0.00499666671082435));
#1606=CARTESIAN_POINT('',(-0.0240579246918104,0.0458109410860311,0.00499666643420601));
#1607=CARTESIAN_POINT('',(-0.0232283461541838,0.0463744060384129,0.00499666659971636));
#1608=CARTESIAN_POINT('',(-0.0221922228759667,0.0470080701968347,0.00499666668145866));
#1609=CARTESIAN_POINT('',(-0.0211233257838107,0.0475920233823929,0.00499666663435498));
#1610=CARTESIAN_POINT('',(-0.0200214099401372,0.0481256443013623,0.0049966665220547));
#1611=CARTESIAN_POINT('',(-0.0188910807662616,0.0486058872104161,0.00499666650300737));
#1612=CARTESIAN_POINT('',(-0.0177377030282849,0.0490297664249762,0.00499666654305395));
#1613=CARTESIAN_POINT('',(-0.0165613737770783,0.0493969083297291,0.00499666657627735));
#1614=CARTESIAN_POINT('',(-0.0154842934439554,0.049675552828239,0.00499666653714803));
#1615=CARTESIAN_POINT('',(-0.0147932230523829,0.0498230655914759,0.00499666651670534));
#1616=CARTESIAN_POINT('',(-0.0145069014070189,0.0498789122645451,0.00499666651302714));
#1617=CARTESIAN_POINT('',(-0.0246994931958848,0.0453373363909508,-6.66654415302633E-06));
#1618=CARTESIAN_POINT('',(-0.0245456924712048,0.045452955733829,-6.66667359202955E-06));
#1619=CARTESIAN_POINT('',(-0.0240581405363736,0.0458108430189459,-6.667096725699E-06));
#1620=CARTESIAN_POINT('',(-0.0232282171122405,0.0463745801888815,-6.66676672417748E-06));
#1621=CARTESIAN_POINT('',(-0.0221921403864574,0.047008162104541,-6.66669736476745E-06));
#1622=CARTESIAN_POINT('',(-0.0211232160159959,0.0475921294635045,-6.66686388955078E-06));
#1623=CARTESIAN_POINT('',(-0.0200213591950037,0.048125697565689,-6.66704408363439E-06));
#1624=CARTESIAN_POINT('',(-0.0188910600578231,0.0486059086930862,-6.66699001359352E-06));
#1625=CARTESIAN_POINT('',(-0.0177376913599086,0.0490297746113736,-6.66688336304591E-06));
#1626=CARTESIAN_POINT('',(-0.0165613616743087,0.0493969189151502,-6.6668909818057E-06));
#1627=CARTESIAN_POINT('',(-0.0154842543934464,0.0496755633146499,-6.66705084840611E-06));
#1628=CARTESIAN_POINT('',(-0.0147931846215195,0.0498230800023773,-6.6670619368376E-06));
#1629=CARTESIAN_POINT('',(-0.0145068676913332,0.0498789261382629,-6.66704856954093E-06));
#1630=CARTESIAN_POINT('',(-0.0246994932355547,0.0453373363517398,-9.99999252540001E-06));
#1631=CARTESIAN_POINT('',(-0.0245456924189774,0.0454529557659875,-1.0000122009347E-05));
#1632=CARTESIAN_POINT('',(-0.024058140686103,0.0458108429490076,-1.00005452403432E-05));
#1633=CARTESIAN_POINT('',(-0.0232282170261183,0.0463745803051655,-1.00002151295187E-05));
#1634=CARTESIAN_POINT('',(-0.0221921403303403,0.0470081621666559,-1.00001457783769E-05));
#1635=CARTESIAN_POINT('',(-0.0211232159429124,0.0475921295341439,-1.00003123827098E-05));
#1636=CARTESIAN_POINT('',(-0.0200213591613729,0.048125697601058,-1.00004926219627E-05));
#1637=CARTESIAN_POINT('',(-0.0188910600439479,0.048605908707465,-1.00004385031733E-05));
#1638=CARTESIAN_POINT('',(-0.0177376913521186,0.049029774616824,-1.00003318082448E-05));
#1639=CARTESIAN_POINT('',(-0.0165613616662556,0.0493969189222451,-1.00003394542748E-05));
#1640=CARTESIAN_POINT('',(-0.0154842543674058,0.0496755633215789,-1.00004994013536E-05));
#1641=CARTESIAN_POINT('',(-0.01479318459589,0.0498230800119368,-1.00005104835111E-05));
#1642=CARTESIAN_POINT('',(-0.0145068676688495,0.0498789261474933,-1.00004971048314E-05));
#1643=CARTESIAN_POINT('',(-0.0246994935895919,0.0453373360017986,-3.97495904696914E-05));
#1644=CARTESIAN_POINT('',(-0.024545691952871,0.0454529560529879,-3.97497203547419E-05));
#1645=CARTESIAN_POINT('',(-0.0240581420223736,0.045810842324839,-3.9750144454338E-05));
#1646=CARTESIAN_POINT('',(-0.0232282162575152,0.0463745813429508,-3.9749813368031E-05));
#1647=CARTESIAN_POINT('',(-0.0221921398295191,0.0470081627210048,-3.97497440906801E-05));
#1648=CARTESIAN_POINT('',(-0.0211232152906739,0.0475921301645705,-3.97499114049581E-05));
#1649=CARTESIAN_POINT('',(-0.020021358861232,0.0481256979167113,-3.97500920473282E-05));
#1650=CARTESIAN_POINT('',(-0.0188910599201182,0.0486059088357893,-3.97500374934792E-05));
#1651=CARTESIAN_POINT('',(-0.0177376912825967,0.0490297746654668,-3.97499304024695E-05));
#1652=CARTESIAN_POINT('',(-0.0165613615943849,0.0493969189855643,-3.97499382918752E-05));
#1653=CARTESIAN_POINT('',(-0.0154842541350043,0.0496755633834179,-3.97500989571893E-05));
#1654=CARTESIAN_POINT('',(-0.0147931843671579,0.0498230800972504,-3.97501099833539E-05));
#1655=CARTESIAN_POINT('',(-0.0145068674681919,0.0498789262298699,-3.97500965030851E-05));
#1656=CARTESIAN_POINT('',(-0.0246994939436291,0.0453373356518574,-6.94991884139827E-05));
#1657=CARTESIAN_POINT('',(-0.0245456914867646,0.0454529563399883,-6.94993187001367E-05));
#1658=CARTESIAN_POINT('',(-0.0240581433586442,0.0458108417006705,-6.94997436683328E-05));
#1659=CARTESIAN_POINT('',(-0.023228215488912,0.046374582380736,-6.94994116065433E-05));
#1660=CARTESIAN_POINT('',(-0.0221921393286979,0.0470081632753536,-6.94993424029833E-05));
#1661=CARTESIAN_POINT('',(-0.0211232146384354,0.0475921307949971,-6.94995104272065E-05));
#1662=CARTESIAN_POINT('',(-0.0200213585610911,0.0481256982323645,-6.94996914726936E-05));
#1663=CARTESIAN_POINT('',(-0.0188910597962884,0.0486059089641135,-6.94996364837851E-05));
#1664=CARTESIAN_POINT('',(-0.0177376912130747,0.0490297747141095,-6.94995289966942E-05));
#1665=CARTESIAN_POINT('',(-0.0165613615225142,0.0493969190488835,-6.94995371294755E-05));
#1666=CARTESIAN_POINT('',(-0.0154842539026028,0.0496755634452568,-6.94996985130249E-05));
#1667=CARTESIAN_POINT('',(-0.0147931841384258,0.049823080182564,-6.94997094831966E-05));
#1668=CARTESIAN_POINT('',(-0.0145068672675344,0.0498789263122466,-6.94996959013389E-05));
#1669=CARTESIAN_POINT('',(-0.0246994942976663,0.0453373353019162,-9.92487863582741E-05));
#1670=CARTESIAN_POINT('',(-0.0245456910206581,0.0454529566269888,-9.92489170455316E-05));
#1671=CARTESIAN_POINT('',(-0.0240581446949149,0.0458108410765019,-9.92493428823276E-05));
#1672=CARTESIAN_POINT('',(-0.0232282147203088,0.0463745834185213,-9.92490098450556E-05));
#1673=CARTESIAN_POINT('',(-0.0221921388278767,0.0470081638297024,-9.92489407152865E-05));
#1674=CARTESIAN_POINT('',(-0.0211232139861969,0.0475921314254237,-9.92491094494549E-05));
#1675=CARTESIAN_POINT('',(-0.0200213582609502,0.0481256985480177,-9.92492908980591E-05));
#1676=CARTESIAN_POINT('',(-0.0188910596724586,0.0486059090924378,-9.92492354740909E-05));
#1677=CARTESIAN_POINT('',(-0.0177376911435528,0.0490297747627523,-9.92491275909189E-05));
#1678=CARTESIAN_POINT('',(-0.0165613614506435,0.0493969191122027,-9.92491359670759E-05));
#1679=CARTESIAN_POINT('',(-0.0154842536702013,0.0496755635070957,-9.92492980688605E-05));
#1680=CARTESIAN_POINT('',(-0.0147931839096937,0.0498230802678776,-9.92493089830394E-05));
#1681=CARTESIAN_POINT('',(-0.0145068670668769,0.0498789263946233,-9.92492952995926E-05));
#1682=EDGE_LOOP('',(#2890,#2891,#2892,#2893,#2894,#2895,#2896,#2897,#2898,#2899,#2900,#2901,#2902,#2903,#2904,#2905,#2906,#2907,#2908,#2909,#2910,#2911,#2912,#2913,#2914,#2915,#2916,#2917,#2918,#2919,#2920,#2921,#2922,#2923,#2924,#2925,#2926,#2927,#2928,#2929,#2930,#2931,#2932,#2933,#2934,#2935,#2936,#2937,#2938,#2939,#2940,#2941,#2942,#2943,#2944,#2945,#2946,#2947,#2948,#2949,#2950,#2951,#2952,#2953,#2954,#2955,#2956,#2957,#2958,#2959,#2960,#2961,#2962,#2963,#2964,#2965,#2966,#2967));
#1683=CARTESIAN_POINT('',(-0.0048749536174082,0.049878742934755,0.0150983140865821));
#1684=CARTESIAN_POINT('',(-0.00479142710475238,0.0498624497732236,0.0150983140915376));
#1685=CARTESIAN_POINT('',(-0.00429808388170765,0.0497635719207357,0.0150983141109501));
#1686=CARTESIAN_POINT('',(-0.0034067567147067,0.0495563370688244,0.0150983140045535));
#1687=CARTESIAN_POINT('',(-0.00221401289075727,0.04921545848772,0.0150983138984087));
#1688=CARTESIAN_POINT('',(-0.00104601270004657,0.0488177719396924,0.0150983139630408));
#1689=CARTESIAN_POINT('',(9.48646076658908E-05,0.0483647951031102,0.0150983140812567));
#1690=CARTESIAN_POINT('',(0.00120560398337923,0.0478593039346318,0.0150983140032659));
#1691=CARTESIAN_POINT('',(0.00228652714364928,0.0473023023783807,0.0150983138028946));
#1692=CARTESIAN_POINT('',(0.00333322915244274,0.0466961298480745,0.0150983136983055));
#1693=CARTESIAN_POINT('',(0.0043388419289927,0.0460479237367527,0.015098314044893));
#1694=CARTESIAN_POINT('',(0.00499300204077114,0.0455805474833452,0.0150983139290928));
#1695=CARTESIAN_POINT('',(0.00530813367065004,0.0453437745362292,0.015098313596493));
#1696=CARTESIAN_POINT('',(0.00530888972427683,0.0453432064092194,0.0150983135956935));
#1697=CARTESIAN_POINT('',(-0.00487495342087686,0.0498787428594633,0.0150688761463338));
#1698=CARTESIAN_POINT('',(-0.00479142690157085,0.0498624496948459,0.0150688761512551));
#1699=CARTESIAN_POINT('',(-0.00429808365102526,0.0497635718306054,0.0150688761705075));
#1700=CARTESIAN_POINT('',(-0.00340675651507998,0.0495563370572676,0.0150688760644832));
#1701=CARTESIAN_POINT('',(-0.0022140129143758,0.0492154583497472,0.0150688759589378));
#1702=CARTESIAN_POINT('',(-0.00104601247777601,0.0488177719706303,0.0150688760234685));
#1703=CARTESIAN_POINT('',(9.48643921926073E-05,0.0483647949530941,0.0150688761411413));
#1704=CARTESIAN_POINT('',(0.00120560526921473,0.0478593029895108,0.0150688760630838));
#1705=CARTESIAN_POINT('',(0.00228652612219754,0.0473023030176071,0.0150688758634449));
#1706=CARTESIAN_POINT('',(0.00333323305985744,0.0466961266124578,0.0150688757592154));
#1707=CARTESIAN_POINT('',(0.00433883532085073,0.0460479281839501,0.0150688761055015));
#1708=CARTESIAN_POINT('',(0.00499301061553732,0.0455805407300436,0.01506887598887));
#1709=CARTESIAN_POINT('',(0.00530813305829276,0.0453437750703157,0.0150688756578295));
#1710=CARTESIAN_POINT('',(0.00530888908978008,0.0453432069608649,0.0150688756570337));
#1711=CARTESIAN_POINT('',(-0.00487495322434552,0.0498787427841716,0.0150394382060855));
#1712=CARTESIAN_POINT('',(-0.00479142669838933,0.0498624496164681,0.0150394382109727));
#1713=CARTESIAN_POINT('',(-0.00429808342034286,0.049763571740475,0.015039438230065));
#1714=CARTESIAN_POINT('',(-0.00340675631545326,0.0495563370457108,0.015039438124413));
#1715=CARTESIAN_POINT('',(-0.00221401293799433,0.0492154582117744,0.015039438019467));
#1716=CARTESIAN_POINT('',(-0.00104601225550546,0.0488177720015682,0.0150394380838962));
#1717=CARTESIAN_POINT('',(9.48641767193237E-05,0.048364794803078,0.0150394382010259));
#1718=CARTESIAN_POINT('',(0.00120560655505024,0.0478593020443899,0.0150394381229017));
#1719=CARTESIAN_POINT('',(0.0022865251007458,0.0473023036568335,0.0150394379239952));
#1720=CARTESIAN_POINT('',(0.00333323696727213,0.046696123376841,0.0150394378201253));
#1721=CARTESIAN_POINT('',(0.00433882871270875,0.0460479326311476,0.0150394381661101));
#1722=CARTESIAN_POINT('',(0.00499301919030349,0.045580533976742,0.0150394380486472));
#1723=CARTESIAN_POINT('',(0.00530813244593547,0.0453437756044022,0.015039437719166));
#1724=CARTESIAN_POINT('',(0.00530888845528334,0.0453432075125104,0.015039437718374));
#1725=CARTESIAN_POINT('',(-0.00487495302781418,0.0498787427088798,0.0150100002658373));
#1726=CARTESIAN_POINT('',(-0.0047914264952078,0.0498624495380903,0.0150100002706902));
#1727=CARTESIAN_POINT('',(-0.00429808318966046,0.0497635716503447,0.0150100002896224));
#1728=CARTESIAN_POINT('',(-0.00340675611582654,0.049556337034154,0.0150100001843428));
#1729=CARTESIAN_POINT('',(-0.00221401296161285,0.0492154580738017,0.0150100000799961));
#1730=CARTESIAN_POINT('',(-0.0010460120332349,0.048817772032506,0.0150100001443239));
#1731=CARTESIAN_POINT('',(9.48639612460402E-05,0.0483647946530619,0.0150100002609105));
#1732=CARTESIAN_POINT('',(0.00120560784088574,0.047859301099269,0.0150100001827196));
#1733=CARTESIAN_POINT('',(0.00228652407929406,0.0473023042960598,0.0150099999845455));
#1734=CARTESIAN_POINT('',(0.00333324087468683,0.0466961201412243,0.0150099998810353));
#1735=CARTESIAN_POINT('',(0.00433882210456677,0.046047937078345,0.0150100002267186));
#1736=CARTESIAN_POINT('',(0.00499302776506967,0.0455805272234404,0.0150100001084244));
#1737=CARTESIAN_POINT('',(0.00530813183357819,0.0453437761384887,0.0150099997805026));
#1738=CARTESIAN_POINT('',(0.0053088878207866,0.0453432080641558,0.0150099997797142));
#1739=CARTESIAN_POINT('',(-0.00487495300556011,0.0498787427003542,0.0150066668835951));
#1740=CARTESIAN_POINT('',(-0.0047914264722007,0.0498624495292153,0.0150066668884441));
#1741=CARTESIAN_POINT('',(-0.00429808316353932,0.0497635716401388,0.0150066669073583));
#1742=CARTESIAN_POINT('',(-0.00340675609322196,0.0495563370328453,0.0150066668021208));
#1743=CARTESIAN_POINT('',(-0.00221401296428728,0.0492154580581784,0.0150066666978419));
#1744=CARTESIAN_POINT('',(-0.00104601200806627,0.0488177720360093,0.0150066667621582));
#1745=CARTESIAN_POINT('',(9.48639368470907E-05,0.048364794636075,0.0150066668786833));
#1746=CARTESIAN_POINT('',(0.00120560798648632,0.047859300992249,0.0150066668004849));
#1747=CARTESIAN_POINT('',(0.00228652396363077,0.0473023043684421,0.0150066666023938));
#1748=CARTESIAN_POINT('',(0.00333324131713989,0.0466961197748417,0.0150066664989242));
#1749=CARTESIAN_POINT('',(0.00433882135629896,0.04604793758192,0.0150066668445734));
#1750=CARTESIAN_POINT('',(0.00499302873602664,0.0455805264587355,0.015006666726185));
#1751=CARTESIAN_POINT('',(0.00530813176423839,0.0453437761989655,0.0150066663984398));
#1752=CARTESIAN_POINT('',(0.00530888774893985,0.045343208126621,0.0150066663976519));
#1753=CARTESIAN_POINT('',(-0.00487491962992234,0.0498787299032554,0.0100033334794101));
#1754=CARTESIAN_POINT('',(-0.00479139196770764,0.0498624362002772,0.0100033334784547));
#1755=CARTESIAN_POINT('',(-0.00429804399152305,0.0497635562766413,0.0100033334702173));
#1756=CARTESIAN_POINT('',(-0.00340672219364549,0.049556335098639,0.0100033334283056));
#1757=CARTESIAN_POINT('',(-0.00221401694496554,0.0492154346214142,0.0100033334258022));
#1758=CARTESIAN_POINT('',(-0.00104597432886953,0.0488177773113263,0.0100033334728333));
#1759=CARTESIAN_POINT('',(9.48274560406309E-05,0.048364769105191,0.0100033334970766));
#1760=CARTESIAN_POINT('',(0.00120582632196362,0.0478591405068142,0.0100033334076607));
#1761=CARTESIAN_POINT('',(0.00228635050270602,0.0473024128674999,0.010003333334043));
#1762=CARTESIAN_POINT('',(0.00333390412394723,0.0466955709359052,0.0100033332917934));
#1763=CARTESIAN_POINT('',(0.00433770171116776,0.0460486909168812,0.0100033335858577));
#1764=CARTESIAN_POINT('',(0.0049944837178243,0.0455793803651516,0.010003333326472));
#1765=CARTESIAN_POINT('',(0.00530802560615262,0.0453438683687098,0.0100033332636392));
#1766=CARTESIAN_POINT('',(0.00530877782877855,0.0453433032799553,0.0100033332634888));
#1767=CARTESIAN_POINT('',(-0.00487491880031038,0.0498787287743318,0.00499666668581524));
#1768=CARTESIAN_POINT('',(-0.00479139108024388,0.0498624350835218,0.00499666668684938));
#1769=CARTESIAN_POINT('',(-0.00429804308260939,0.0497635550600468,0.00499666669537645));
#1770=CARTESIAN_POINT('',(-0.00340672625435634,0.0495563294049452,0.00499666673533769));
#1771=CARTESIAN_POINT('',(-0.00221401214775388,0.0492154335428564,0.00499666673777696));
#1772=CARTESIAN_POINT('',(-0.00104597956126847,0.0488177924475543,0.00499666669339124));
#1773=CARTESIAN_POINT('',(9.48432400134124E-05,0.0483647457300402,0.00499666667115294));
#1774=CARTESIAN_POINT('',(0.00120579458663461,0.0478591719403803,0.00499666675511198));
#1775=CARTESIAN_POINT('',(0.00228642194468436,0.0473023563543954,0.00499666682812552));
#1776=CARTESIAN_POINT('',(0.0033337679760841,0.0466956655197124,0.00499666687268739));
#1777=CARTESIAN_POINT('',(0.00433794084159775,0.0460485208136629,0.00499666659855195));
#1778=CARTESIAN_POINT('',(0.00499420820703008,0.0455795882590808,0.00499666681359972));
#1779=CARTESIAN_POINT('',(0.00530703488042093,0.045344538255525,0.00499666682986493));
#1780=CARTESIAN_POINT('',(0.00530778538435368,0.0453439742768297,0.00499666682990344));
#1781=CARTESIAN_POINT('',(-0.00487495329322323,0.0498787429235531,-6.6668043412235E-06));
#1782=CARTESIAN_POINT('',(-0.00479142677541207,0.0498624497562696,-6.66680929088171E-06));
#1783=CARTESIAN_POINT('',(-0.00429808346720266,0.0497635718806021,-6.66682856601975E-06));
#1784=CARTESIAN_POINT('',(-0.00340675493588974,0.0495563373118355,-6.66672069258521E-06));
#1785=CARTESIAN_POINT('',(-0.00221401484659981,0.049215458933419,-6.66661634158704E-06));
#1786=CARTESIAN_POINT('',(-0.00104600876135292,0.0488177690446971,-6.66668381281259E-06));
#1787=CARTESIAN_POINT('',(9.48568007501076E-05,0.0483647995165001,-6.666803210691E-06));
#1788=CARTESIAN_POINT('',(0.00120562145392903,0.0478592928910594,-6.66671801565508E-06));
#1789=CARTESIAN_POINT('',(0.00228649825048605,0.0473023228411291,-6.66651917191147E-06));
#1790=CARTESIAN_POINT('',(0.00333328897428989,0.0466960847773555,-6.6664186556529E-06));
#1791=CARTESIAN_POINT('',(0.00433873573562785,0.0460480030531389,-6.66678829206293E-06));
#1792=CARTESIAN_POINT('',(0.00499310603991484,0.0455804605377943,-6.6666165460865E-06));
#1793=CARTESIAN_POINT('',(0.00530860147222349,0.0453434629645278,-6.66622973435302E-06));
#1794=CARTESIAN_POINT('',(0.00530935840023118,0.0453428942977445,-6.66622880452212E-06));
#1795=CARTESIAN_POINT('',(-0.00487495331622325,0.0498787429329815,-1.00002691147174E-05));
#1796=CARTESIAN_POINT('',(-0.0047914267992141,0.0498624497660419,-1.00002740683685E-05));
#1797=CARTESIAN_POINT('',(-0.00429808349413338,0.0497635718917813,-1.00002933620659E-05));
#1798=CARTESIAN_POINT('',(-0.00340675495501387,0.0495563373171312,-1.00001854434134E-05));
#1799=CARTESIAN_POINT('',(-0.00221401484838056,0.0492154589503446,-1.00000810244553E-05));
#1800=CARTESIAN_POINT('',(-0.00104600878086691,0.0488177690290977,-1.00001485110322E-05));
#1801=CARTESIAN_POINT('',(9.48568098583841E-05,0.0483647995523421,-1.00002679736614E-05));
#1802=CARTESIAN_POINT('',(0.00120562133847257,0.047859292971709,-1.00001827778771E-05));
#1803=CARTESIAN_POINT('',(0.00228649830136998,0.047302322818751,-9.99998385029033E-06));
#1804=CARTESIAN_POINT('',(0.00333328865443046,0.0466960850573162,-9.99988329682975E-06));
#1805=CARTESIAN_POINT('',(0.00433873626715547,0.0460480027067683,-1.00002529966385E-05));
#1806=CARTESIAN_POINT('',(0.00499310530446553,0.0455804611197437,-1.00000812796648E-05));
#1807=CARTESIAN_POINT('',(0.00530860251616434,0.0453434622479826,-9.99969422093249E-06));
#1808=CARTESIAN_POINT('',(0.00530935944845527,0.0453428935780737,-9.99969329050745E-06));
#1809=CARTESIAN_POINT('',(-0.00487495351935899,0.049878743016253,-3.94413624625492E-05));
#1810=CARTESIAN_POINT('',(-0.00479142700943316,0.0498624498523513,-3.94413674514647E-05));
#1811=CARTESIAN_POINT('',(-0.00429808373198495,0.0497635719905154,-3.94413869090785E-05));
#1812=CARTESIAN_POINT('',(-0.00340675512391775,0.049556337363903,-3.94412785910618E-05));
#1813=CARTESIAN_POINT('',(-0.00221401486410816,0.0492154590998317,-3.94411735718825E-05));
#1814=CARTESIAN_POINT('',(-0.00104600895321408,0.0488177688913238,-3.94412411940429E-05));
#1815=CARTESIAN_POINT('',(9.48568903024978E-05,0.048364799868898,-3.94413612285497E-05));
#1816=CARTESIAN_POINT('',(0.00120562031876344,0.0478592936840047,-3.94412760261553E-05));
#1817=CARTESIAN_POINT('',(0.00228649875077581,0.0473023226211075,-3.94410763580676E-05));
#1818=CARTESIAN_POINT('',(0.00333328582943847,0.0466960875299236,-3.94409754760396E-05));
#1819=CARTESIAN_POINT('',(0.00433874096159664,0.0460479996476308,-3.94413457357848E-05));
#1820=CARTESIAN_POINT('',(0.00499309880899205,0.045580466259509,-3.94411742749625E-05));
#1821=CARTESIAN_POINT('',(0.00530861173622873,0.04534345591947,-3.94407850347415E-05));
#1822=CARTESIAN_POINT('',(0.00530936870634921,0.0453428872219553,-3.9440784099069E-05));
#1823=CARTESIAN_POINT('',(-0.00487495372249474,0.0498787430995244,-6.88824558103809E-05));
#1824=CARTESIAN_POINT('',(-0.00479142721965222,0.0498624499386607,-6.88824608345609E-05));
#1825=CARTESIAN_POINT('',(-0.00429808396983652,0.0497635720892495,-6.8882480456091E-05));
#1826=CARTESIAN_POINT('',(-0.00340675529282163,0.0495563374106748,-6.88823717387103E-05));
#1827=CARTESIAN_POINT('',(-0.00221401487983576,0.0492154592493187,-6.88822661193097E-05));
#1828=CARTESIAN_POINT('',(-0.00104600912556125,0.0488177687535499,-6.88823338770536E-05));
#1829=CARTESIAN_POINT('',(9.48569707466116E-05,0.0483648001854539,-6.88824544834379E-05));
#1830=CARTESIAN_POINT('',(0.00120561929905431,0.0478592943963004,-6.88823692744336E-05));
#1831=CARTESIAN_POINT('',(0.00228649920018164,0.047302322423464,-6.8882168865845E-05));
#1832=CARTESIAN_POINT('',(0.00333328300444647,0.0466960900025309,-6.88820676552494E-05));
#1833=CARTESIAN_POINT('',(0.0043387456560378,0.0460479965884932,-6.88824384749311E-05));
#1834=CARTESIAN_POINT('',(0.00499309231351858,0.0455804713992743,-6.88822672702601E-05));
#1835=CARTESIAN_POINT('',(0.00530862095629311,0.0453434495909575,-6.88818758485504E-05));
#1836=CARTESIAN_POINT('',(0.00530937796424314,0.0453428808658369,-6.88818749076305E-05));
#1837=CARTESIAN_POINT('',(-0.00487495392563048,0.0498787431827958,-9.83235491582127E-05));
#1838=CARTESIAN_POINT('',(-0.00479142742987128,0.0498624500249701,-9.83235542176571E-05));
#1839=CARTESIAN_POINT('',(-0.00429808420768809,0.0497635721879836,-9.83235740031036E-05));
#1840=CARTESIAN_POINT('',(-0.00340675546172551,0.0495563374574465,-9.83234648863587E-05));
#1841=CARTESIAN_POINT('',(-0.00221401489556336,0.0492154593988057,-9.83233586667369E-05));
#1842=CARTESIAN_POINT('',(-0.00104600929790842,0.0488177686157761,-9.83234265600643E-05));
#1843=CARTESIAN_POINT('',(9.48570511907253E-05,0.0483648005020098,-9.83235477383262E-05));
#1844=CARTESIAN_POINT('',(0.00120561827934518,0.0478592951085962,-9.83234625227118E-05));
#1845=CARTESIAN_POINT('',(0.00228649964958747,0.0473023222258206,-9.83232613736223E-05));
#1846=CARTESIAN_POINT('',(0.00333328017945448,0.0466960924751383,-9.83231598344592E-05));
#1847=CARTESIAN_POINT('',(0.00433875035047897,0.0460479935293557,-9.83235312140774E-05));
#1848=CARTESIAN_POINT('',(0.0049930858180451,0.0455804765390396,-9.83233602655578E-05));
#1849=CARTESIAN_POINT('',(0.0053086301763575,0.0453434432624449,-9.83229666623594E-05));
#1850=CARTESIAN_POINT('',(0.00530938722213708,0.0453428745097185,-9.83229657161921E-05));
#1851=EDGE_LOOP('',(#2968,#2969,#2970,#2971));
#1852=AXIS2_PLACEMENT_3D('',#2972,#2973,#2974);
#1853=EDGE_LOOP('',(#2975,#2976,#2977,#2978));
#1854=AXIS2_PLACEMENT_3D('',#2979,#2980,#2981);
#1855=EDGE_LOOP('',(#2982,#2983,#2984,#2985));
#1856=B_SPLINE_CURVE_WITH_KNOTS('',3,(#2986,#2987,#2988,#2989,#2990,#2991,#2992,#2993,#2994,#2995),.UNSPECIFIED.,.F.,.F.,(4,3,3,4),(0.957431192660551,0.981651376146789,0.990825688073395,1.03969260514974),.UNSPECIFIED.);
#1857=VECTOR('',#2996,1.0);
#1858=EDGE_LOOP('',(#2997,#2998,#2999,#3000));
#1859=B_SPLINE_CURVE_WITH_KNOTS('',3,(#3001,#3002,#3003,#3004,#3005,#3006,#3007,#3008,#3009,#3010),.UNSPECIFIED.,.F.,.F.,(4,3,3,4),(0.945642201834862,0.963302752293578,0.972477064220184,0.990137614678899),.UNSPECIFIED.);
#1860=VECTOR('',#3011,1.0);
#1861=EDGE_LOOP('',(#3012,#3013,#3014,#3015));
#1862=B_SPLINE_CURVE_WITH_KNOTS('',3,(#3016,#3017,#3018,#3019,#3020,#3021,#3022,#3023,#3024,#3025,#3026,#3027,#3028,#3029,#3030,#3031,#3032,#3033,#3034),.UNSPECIFIED.,.F.,.F.,(4,3,3,3,3,3,4),(0.902113711277425,0.926605504587156,0.935779816513762,0.944954128440367,0.954128440366973,0.963302752293578,0.96920915686535),.UNSPECIFIED.);
#1863=VECTOR('',#3035,1.0);
#1864=EDGE_LOOP('',(#3036,#3037,#3038,#3039,#3040,#3041));
#1865=EDGE_LOOP('',(#3042,#3043,#3044));
#1866=B_SPLINE_CURVE_WITH_KNOTS('',3,(#3045,#3046,#3047,#3048,#3049,#3050,#3051,#3052,#3053,#3054,#3055,#3056,#3057),.UNSPECIFIED.,.F.,.F.,(4,3,3,3,4),(0.874065863942287,0.899082568807339,0.908256880733945,0.917431192660551,0.933847467412763),.UNSPECIFIED.);
#1867=VECTOR('',#3058,1.0);
#1868=EDGE_LOOP('',(#3059,#3060,#3061,#3062));
#1869=B_SPLINE_CURVE_WITH_KNOTS('',3,(#3063,#3064,#3065,#3066,#3067,#3068,#3069,#3070,#3071,#3072),.UNSPECIFIED.,.F.,.F.,(4,3,3,4),(0.822765662849961,0.889908256880734,0.899082568807339,0.939909224975556),.UNSPECIFIED.);
#1870=VECTOR('',#3073,1.0);
#1871=EDGE_LOOP('',(#3074,#3075,#3076,#3077));
#1872=B_SPLINE_CURVE_WITH_KNOTS('',3,(#3078,#3079,#3080,#3081,#3082,#3083,#3084,#3085,#3086,#3087,#3088,#3089,#3090,#3091,#3092,#3093,#3094,#3095,#3096),.UNSPECIFIED.,.F.,.F.,(4,3,3,3,3,3,4),(0.394488941876261,0.422018348623853,0.431192660550459,0.440366972477064,0.44954128440367,0.458715596330275,0.466270254448905),.UNSPECIFIED.);
#1873=VECTOR('',#3097,1.0);
#1874=EDGE_LOOP('',(#3098,#3099,#3100,#3101,#3102,#3103,#3104,#3105,#3106,#3107,#3108,#3109,#3110,#3111,#3112,#3113,#3114,#3115,#3116,#3117,#3118,#3119,#3120,#3121,#3122,#3123,#3124,#3125,#3126,#3127,#3128,#3129,#3130,#3131,#3132,#3133,#3134,#3135,#3136,#3137,#3138,#3139,#3140,#3141,#3142,#3143,#3144,#3145,#3146,#3147,#3148,#3149,#3150,#3151,#3152,#3153,#3154,#3155,#3156,#3157,#3158,#3159,#3160,#3161,#3162,#3163,#3164,#3165,#3166,#3167,#3168,#3169,#3170,#3171,#3172,#3173,#3174,#3175,#3176,#3177,#3178,#3179,#3180,#3181,#3182,#3183,#3184));
#1875=AXIS2_PLACEMENT_3D('',#3185,#3186,#3187);
#1876=FILL_AREA_STYLE('',(#3188));
#1877=EDGE_LOOP('',(#3189,#3190,#3191,#3192));
#1878=AXIS2_PLACEMENT_3D('',#3193,#3194,#3195);
#1879=EDGE_LOOP('',(#3196,#3197,#3198,#3199));
#1880=AXIS2_PLACEMENT_3D('',#3200,#3201,#3202);
#1881=EDGE_LOOP('',(#3203,#3204,#3205,#3206));
#1882=AXIS2_PLACEMENT_3D('',#3207,#3208,#3209);
#1883=EDGE_LOOP('',(#3210,#3211,#3212,#3213,#3214));
#1884=AXIS2_PLACEMENT_3D('',#3215,#3216,#3217);
#1885=EDGE_LOOP('',(#3218,#3219,#3220,#3221,#3222));
#1886=AXIS2_PLACEMENT_3D('',#3223,#3224,#3225);
#1887=EDGE_LOOP('',(#3226,#3227,#3228,#3229));
#1888=AXIS2_PLACEMENT_3D('',#3230,#3231,#3232);
#1889=EDGE_LOOP('',(#3233,#3234,#3235,#3236));
#1890=AXIS2_PLACEMENT_3D('',#3237,#3238,#3239);
#1891=EDGE_LOOP('',(#3240,#3241,#3242,#3243));
#1892=AXIS2_PLACEMENT_3D('',#3244,#3245,#3246);
#1893=EDGE_LOOP('',(#3247,#3248,#3249,#3250,#3251));
#1894=AXIS2_PLACEMENT_3D('',#3252,#3253,#3254);
#1895=EDGE_LOOP('',(#3255,#3256,#3257,#3258,#3259));
#1896=AXIS2_PLACEMENT_3D('',#3260,#3261,#3262);
#1897=EDGE_LOOP('',(#3263,#3264,#3265,#3266,#3267));
#1898=AXIS2_PLACEMENT_3D('',#3268,#3269,#3270);
#1899=EDGE_LOOP('',(#3271,#3272,#3273,#3274));
#1900=AXIS2_PLACEMENT_3D('',#3275,#3276,#3277);
#1901=EDGE_LOOP('',(#3278,#3279,#3280,#3281));
#1902=AXIS2_PLACEMENT_3D('',#3282,#3283,#3284);
#1903=EDGE_LOOP('',(#3285,#3286,#3287,#3288,#3289));
#1904=AXIS2_PLACEMENT_3D('',#3290,#3291,#3292);
#1905=EDGE_LOOP('',(#3293,#3294,#3295,#3296,#3297));
#1906=AXIS2_PLACEMENT_3D('',#3298,#3299,#3300);
#1907=EDGE_LOOP('',(#3301,#3302,#3303,#3304,#3305,#3306));
#1908=AXIS2_PLACEMENT_3D('',#3307,#3308,#3309);
#1909=EDGE_LOOP('',(#3310,#3311,#3312,#3313,#3314,#3315));
#1910=AXIS2_PLACEMENT_3D('',#3316,#3317,#3318);
#1911=EDGE_LOOP('',(#3319,#3320,#3321,#3322,#3323));
#1912=AXIS2_PLACEMENT_3D('',#3324,#3325,#3326);
#1913=EDGE_LOOP('',(#3327,#3328,#3329,#3330,#3331));
#1914=AXIS2_PLACEMENT_3D('',#3332,#3333,#3334);
#1915=EDGE_LOOP('',(#3335,#3336,#3337,#3338));
#1916=AXIS2_PLACEMENT_3D('',#3339,#3340,#3341);
#1917=EDGE_LOOP('',(#3342,#3343,#3344,#3345));
#1918=AXIS2_PLACEMENT_3D('',#3346,#3347,#3348);
#1919=EDGE_LOOP('',(#3349,#3350,#3351,#3352,#3353));
#1920=AXIS2_PLACEMENT_3D('',#3354,#3355,#3356);
#1921=EDGE_LOOP('',(#3357,#3358,#3359,#3360,#3361));
#1922=AXIS2_PLACEMENT_3D('',#3362,#3363,#3364);
#1923=EDGE_LOOP('',(#3365,#3366,#3367,#3368));
#1924=AXIS2_PLACEMENT_3D('',#3369,#3370,#3371);
#1925=EDGE_LOOP('',(#3372,#3373,#3374,#3375));
#1926=AXIS2_PLACEMENT_3D('',#3376,#3377,#3378);
#1927=EDGE_LOOP('',(#3379,#3380,#3381,#3382));
#1928=AXIS2_PLACEMENT_3D('',#3383,#3384,#3385);
#1929=EDGE_LOOP('',(#3386,#3387,#3388,#3389));
#1930=AXIS2_PLACEMENT_3D('',#3390,#3391,#3392);
#1931=EDGE_LOOP('',(#3393,#3394,#3395,#3396));
#1932=AXIS2_PLACEMENT_3D('',#3397,#3398,#3399);
#1933=EDGE_LOOP('',(#3400,#3401,#3402,#3403));
#1934=AXIS2_PLACEMENT_3D('',#3404,#3405,#3406);
#1935=EDGE_LOOP('',(#3407,#3408,#3409,#3410));
#1936=AXIS2_PLACEMENT_3D('',#3411,#3412,#3413);
#1937=EDGE_LOOP('',(#3414,#3415,#3416,#3417));
#1938=AXIS2_PLACEMENT_3D('',#3418,#3419,#3420);
#1939=EDGE_LOOP('',(#3421,#3422,#3423,#3424,#3425,#3426));
#1940=EDGE_LOOP('',(#3427,#3428));
#1941=AXIS2_PLACEMENT_3D('',#3429,#3430,#3431);
#1942=EDGE_LOOP('',(#3432,#3433,#3434,#3435,#3436,#3437,#3438,#3439,#3440,#3441,#3442,#3443,#3444,#3445,#3446,#3447,#3448,#3449,#3450,#3451,#3452,#3453,#3454,#3455,#3456,#3457,#3458,#3459,#3460,#3461,#3462,#3463,#3464));
#1943=EDGE_LOOP('',(#3465,#3466,#3467,#3468,#3469,#3470));
#1944=AXIS2_PLACEMENT_3D('',#3471,#3472,#3473);
#1945=EDGE_LOOP('',(#3474,#3475,#3476,#3477,#3478,#3479));
#1946=AXIS2_PLACEMENT_3D('',#3480,#3481,#3482);
#1947=EDGE_LOOP('',(#3483,#3484,#3485,#3486,#3487));
#1948=AXIS2_PLACEMENT_3D('',#3488,#3489,#3490);
#1949=EDGE_LOOP('',(#3491,#3492,#3493,#3494,#3495,#3496,#3497,#3498,#3499,#3500,#3501,#3502,#3503,#3504,#3505,#3506,#3507,#3508,#3509,#3510,#3511,#3512,#3513,#3514,#3515,#3516,#3517,#3518,#3519,#3520));
#1950=EDGE_LOOP('',(#3521,#3522,#3523));
#1951=AXIS2_PLACEMENT_3D('',#3524,#3525,#3526);
#1952=EDGE_LOOP('',(#3527,#3528));
#1953=EDGE_LOOP('',(#3529,#3530));
#1954=AXIS2_PLACEMENT_3D('',#3531,#3532,#3533);
#1955=EDGE_LOOP('',(#3534,#3535,#3536,#3537));
#1956=AXIS2_PLACEMENT_3D('',#3538,#3539,#3540);
#1957=EDGE_LOOP('',(#3541,#3542,#3543,#3544,#3545));
#1958=AXIS2_PLACEMENT_3D('',#3546,#3547,#3548);
#1959=EDGE_LOOP('',(#3549,#3550,#3551,#3552));
#1960=AXIS2_PLACEMENT_3D('',#3553,#3554,#3555);
#1961=EDGE_LOOP('',(#3556,#3557,#3558,#3559,#3560));
#1962=AXIS2_PLACEMENT_3D('',#3561,#3562,#3563);
#1963=EDGE_LOOP('',(#3564,#3565,#3566,#3567));
#1964=AXIS2_PLACEMENT_3D('',#3568,#3569,#3570);
#1965=EDGE_LOOP('',(#3571,#3572,#3573,#3574,#3575));
#1966=AXIS2_PLACEMENT_3D('',#3576,#3577,#3578);
#1967=EDGE_LOOP('',(#3579,#3580,#3581,#3582));
#1968=AXIS2_PLACEMENT_3D('',#3583,#3584,#3585);
#1969=EDGE_LOOP('',(#3586,#3587,#3588,#3589));
#1970=AXIS2_PLACEMENT_3D('',#3590,#3591,#3592);
#1971=EDGE_LOOP('',(#3593,#3594,#3595,#3596));
#1972=AXIS2_PLACEMENT_3D('',#3597,#3598,#3599);
#1973=EDGE_LOOP('',(#3600,#3601,#3602,#3603));
#1974=AXIS2_PLACEMENT_3D('',#3604,#3605,#3606);
#1975=EDGE_LOOP('',(#3607,#3608,#3609,#3610));
#1976=AXIS2_PLACEMENT_3D('',#3611,#3612,#3613);
#1977=EDGE_LOOP('',(#3614,#3615,#3616));
#1978=AXIS2_PLACEMENT_3D('',#3617,#3618,#3619);
#1979=EDGE_LOOP('',(#3620,#3621,#3622,#3623,#3624,#3625));
#1980=AXIS2_PLACEMENT_3D('',#3626,#3627,#3628);
#1981=EDGE_LOOP('',(#3629,#3630,#3631));
#1982=AXIS2_PLACEMENT_3D('',#3632,#3633,#3634);
#1983=EDGE_LOOP('',(#3635,#3636,#3637,#3638));
#1984=AXIS2_PLACEMENT_3D('',#3639,#3640,#3641);
#1985=EDGE_LOOP('',(#3642,#3643,#3644,#3645));
#1986=AXIS2_PLACEMENT_3D('',#3646,#3647,#3648);
#1987=EDGE_LOOP('',(#3649,#3650,#3651,#3652));
#1988=AXIS2_PLACEMENT_3D('',#3653,#3654,#3655);
#1989=EDGE_LOOP('',(#3656,#3657,#3658,#3659));
#1990=AXIS2_PLACEMENT_3D('',#3660,#3661,#3662);
#1991=EDGE_LOOP('',(#3663,#3664,#3665,#3666));
#1992=AXIS2_PLACEMENT_3D('',#3667,#3668,#3669);
#1993=EDGE_LOOP('',(#3670,#3671,#3672,#3673,#3674));
#1994=AXIS2_PLACEMENT_3D('',#3675,#3676,#3677);
#1995=EDGE_LOOP('',(#3678,#3679,#3680,#3681));
#1996=AXIS2_PLACEMENT_3D('',#3682,#3683,#3684);
#1997=EDGE_LOOP('',(#3685,#3686,#3687,#3688,#3689));
#1998=AXIS2_PLACEMENT_3D('',#3690,#3691,#3692);
#1999=EDGE_LOOP('',(#3693,#3694,#3695,#3696));
#2000=AXIS2_PLACEMENT_3D('',#3697,#3698,#3699);
#2001=EDGE_LOOP('',(#3700,#3701,#3702,#3703));
#2002=AXIS2_PLACEMENT_3D('',#3704,#3705,#3706);
#2003=EDGE_LOOP('',(#3707,#3708,#3709,#3710));
#2004=AXIS2_PLACEMENT_3D('',#3711,#3712,#3713);
#2005=EDGE_LOOP('',(#3714,#3715,#3716,#3717));
#2006=AXIS2_PLACEMENT_3D('',#3718,#3719,#3720);
#2007=EDGE_LOOP('',(#3721,#3722,#3723,#3724));
#2008=AXIS2_PLACEMENT_3D('',#3725,#3726,#3727);
#2009=EDGE_LOOP('',(#3728,#3729,#3730,#3731));
#2010=AXIS2_PLACEMENT_3D('',#3732,#3733,#3734);
#2011=EDGE_LOOP('',(#3735,#3736,#3737,#3738));
#2012=AXIS2_PLACEMENT_3D('',#3739,#3740,#3741);
#2013=EDGE_LOOP('',(#3742,#3743,#3744,#3745,#3746));
#2014=AXIS2_PLACEMENT_3D('',#3747,#3748,#3749);
#2015=EDGE_LOOP('',(#3750,#3751,#3752,#3753));
#2016=AXIS2_PLACEMENT_3D('',#3754,#3755,#3756);
#2017=EDGE_LOOP('',(#3757,#3758,#3759,#3760,#3761));
#2018=AXIS2_PLACEMENT_3D('',#3762,#3763,#3764);
#2019=EDGE_LOOP('',(#3765,#3766,#3767,#3768));
#2020=AXIS2_PLACEMENT_3D('',#3769,#3770,#3771);
#2021=EDGE_LOOP('',(#3772,#3773,#3774,#3775));
#2022=AXIS2_PLACEMENT_3D('',#3776,#3777,#3778);
#2023=EDGE_LOOP('',(#3779,#3780,#3781,#3782));
#2024=AXIS2_PLACEMENT_3D('',#3783,#3784,#3785);
#2025=EDGE_LOOP('',(#3786,#3787,#3788,#3789));
#2026=AXIS2_PLACEMENT_3D('',#3790,#3791,#3792);
#2027=EDGE_LOOP('',(#3793,#3794,#3795,#3796));
#2028=AXIS2_PLACEMENT_3D('',#3797,#3798,#3799);
#2029=EDGE_LOOP('',(#3800,#3801,#3802,#3803,#3804));
#2030=AXIS2_PLACEMENT_3D('',#3805,#3806,#3807);
#2031=EDGE_LOOP('',(#3808,#3809,#3810,#3811,#3812));
#2032=AXIS2_PLACEMENT_3D('',#3813,#3814,#3815);
#2033=EDGE_LOOP('',(#3816,#3817,#3818,#3819,#3820));
#2034=AXIS2_PLACEMENT_3D('',#3821,#3822,#3823);
#2035=EDGE_LOOP('',(#3824,#3825,#3826,#3827));
#2036=AXIS2_PLACEMENT_3D('',#3828,#3829,#3830);
#2037=EDGE_LOOP('',(#3831,#3832,#3833,#3834));
#2038=AXIS2_PLACEMENT_3D('',#3835,#3836,#3837);
#2039=EDGE_LOOP('',(#3838,#3839,#3840,#3841));
#2040=AXIS2_PLACEMENT_3D('',#3842,#3843,#3844);
#2041=EDGE_LOOP('',(#3845,#3846,#3847,#3848));
#2042=AXIS2_PLACEMENT_3D('',#3849,#3850,#3851);
#2043=FILL_AREA_STYLE_COLOUR('',#3852);
#2044=ORIENTED_EDGE('',*,*,#3853,.F.);
#2045=ORIENTED_EDGE('',*,*,#3854,.T.);
#2046=ORIENTED_EDGE('',*,*,#3855,.T.);
#2047=ORIENTED_EDGE('',*,*,#3856,.F.);
#2048=ORIENTED_EDGE('',*,*,#3857,.F.);
#2049=ORIENTED_EDGE('',*,*,#3858,.T.);
#2050=ORIENTED_EDGE('',*,*,#3859,.T.);
#2051=ORIENTED_EDGE('',*,*,#3860,.T.);
#2052=ORIENTED_EDGE('',*,*,#3861,.T.);
#2053=CARTESIAN_POINT('',(-0.0332912,0.0673378,0.0));
#2054=CARTESIAN_POINT('',(-0.0304726,0.0673378,0.0));
#2055=CARTESIAN_POINT('',(-0.0281877,0.0650529,0.0));
#2056=CARTESIAN_POINT('',(-0.0281877,0.0622343,0.0));
#2057=CARTESIAN_POINT('',(-0.0281877,0.0594157,0.0));
#2058=CARTESIAN_POINT('',(-0.0304726,0.0571308,0.0));
#2059=CARTESIAN_POINT('',(-0.0332912,0.0571308,0.0));
#2060=CARTESIAN_POINT('',(-0.0361098,0.0571308,0.0));
#2061=CARTESIAN_POINT('',(-0.0383947,0.0594157,0.0));
#2062=CARTESIAN_POINT('',(-0.0383947,0.0622343,0.0));
#2063=CARTESIAN_POINT('',(-0.0383947,0.0650529,0.0));
#2064=CARTESIAN_POINT('',(-0.0361098,0.0673378,0.0));
#2065=CARTESIAN_POINT('',(-0.0332912,0.0673378,0.0));
#2066=DIRECTION('',(-0.0,-0.0,1.0));
#2067=ORIENTED_EDGE('',*,*,#3862,.F.);
#2068=ORIENTED_EDGE('',*,*,#3859,.F.);
#2069=ORIENTED_EDGE('',*,*,#3863,.F.);
#2070=ORIENTED_EDGE('',*,*,#3864,.F.);
#2071=CARTESIAN_POINT('',(0.0053086,0.0622343000000001,0.00749999999999995));
#2072=DIRECTION('',(-1.0,0.0,0.0));
#2073=DIRECTION('',(0.0,1.0,0.0));
#2074=ORIENTED_EDGE('',*,*,#3865,.F.);
#2075=ORIENTED_EDGE('',*,*,#3866,.F.);
#2076=ORIENTED_EDGE('',*,*,#3867,.F.);
#2077=ORIENTED_EDGE('',*,*,#3868,.F.);
#2078=CARTESIAN_POINT('',(0.0053086,0.0622343000000001,0.00749999999999995));
#2079=DIRECTION('',(-1.0,0.0,0.0));
#2080=DIRECTION('',(0.0,1.0,0.0));
#2081=ORIENTED_EDGE('',*,*,#3869,.F.);
#2082=ORIENTED_EDGE('',*,*,#3870,.T.);
#2083=ORIENTED_EDGE('',*,*,#3871,.T.);
#2084=ORIENTED_EDGE('',*,*,#3872,.T.);
#2085=CARTESIAN_POINT('',(-0.0228514,-0.00402819984032149,0.01));
#2086=DIRECTION('',(-1.0,-0.0,0.0));
#2087=DIRECTION('',(0.0,-0.244579332881236,-0.96962928479258));
#2088=ORIENTED_EDGE('',*,*,#3873,.F.);
#2089=ORIENTED_EDGE('',*,*,#3874,.T.);
#2090=ORIENTED_EDGE('',*,*,#3875,.T.);
#2091=ORIENTED_EDGE('',*,*,#3876,.T.);
#2092=CARTESIAN_POINT('',(-0.0228514,-0.00402819984032132,0.005));
#2093=DIRECTION('',(1.0,0.0,-0.0));
#2094=DIRECTION('',(0.0,-0.244579332881234,0.96962928479258));
#2095=ORIENTED_EDGE('',*,*,#3873,.T.);
#2096=ORIENTED_EDGE('',*,*,#3877,.T.);
#2097=ORIENTED_EDGE('',*,*,#3878,.T.);
#2098=ORIENTED_EDGE('',*,*,#3879,.T.);
#2099=CARTESIAN_POINT('',(-0.0228514,-0.00402819984032132,0.005));
#2100=DIRECTION('',(1.0,0.0,-0.0));
#2101=DIRECTION('',(0.0,-0.244579332881234,0.96962928479258));
#2102=ORIENTED_EDGE('',*,*,#3854,.F.);
#2103=ORIENTED_EDGE('',*,*,#3880,.F.);
#2104=ORIENTED_EDGE('',*,*,#3881,.F.);
#2105=ORIENTED_EDGE('',*,*,#3882,.F.);
#2106=ORIENTED_EDGE('',*,*,#3883,.F.);
#2107=ORIENTED_EDGE('',*,*,#3884,.F.);
#2108=ORIENTED_EDGE('',*,*,#3885,.F.);
#2109=ORIENTED_EDGE('',*,*,#3886,.F.);
#2110=ORIENTED_EDGE('',*,*,#3887,.F.);
#2111=ORIENTED_EDGE('',*,*,#3878,.F.);
#2112=ORIENTED_EDGE('',*,*,#3888,.F.);
#2113=ORIENTED_EDGE('',*,*,#3889,.F.);
#2114=ORIENTED_EDGE('',*,*,#3890,.F.);
#2115=ORIENTED_EDGE('',*,*,#3891,.F.);
#2116=ORIENTED_EDGE('',*,*,#3892,.F.);
#2117=ORIENTED_EDGE('',*,*,#3893,.F.);
#2118=ORIENTED_EDGE('',*,*,#3894,.F.);
#2119=ORIENTED_EDGE('',*,*,#3895,.F.);
#2120=ORIENTED_EDGE('',*,*,#3896,.F.);
#2121=CARTESIAN_POINT('',(-0.0312179,0.0722343,0.015));
#2122=DIRECTION('',(0.0,0.0,-1.0));
#2123=DIRECTION('',(-1.0,0.0,0.0));
#2124=ORIENTED_EDGE('',*,*,#3876,.F.);
#2125=ORIENTED_EDGE('',*,*,#3897,.T.);
#2126=ORIENTED_EDGE('',*,*,#3898,.F.);
#2127=ORIENTED_EDGE('',*,*,#3899,.T.);
#2128=ORIENTED_EDGE('',*,*,#3870,.F.);
#2129=ORIENTED_EDGE('',*,*,#3900,.F.);
#2130=ORIENTED_EDGE('',*,*,#3901,.F.);
#2131=ORIENTED_EDGE('',*,*,#3902,.T.);
#2132=ORIENTED_EDGE('',*,*,#3888,.T.);
#2133=ORIENTED_EDGE('',*,*,#3877,.F.);
#2134=CARTESIAN_POINT('',(-0.024232930152122,-0.0315727881362409,0.0));
#2135=CARTESIAN_POINT('',(-0.024271753434748,-0.0248596920908273,0.0));
#2136=CARTESIAN_POINT('',(-0.024310576717374,-0.0181465960454136,0.0));
#2137=CARTESIAN_POINT('',(-0.0243494,-0.0114335,0.0));
#2138=CARTESIAN_POINT('',(-0.0243762,-0.0067994,0.0));
#2139=CARTESIAN_POINT('',(-0.0248029,-0.0029877,0.0));
#2140=CARTESIAN_POINT('',(-0.0317025,0.004563,0.0));
#2141=CARTESIAN_POINT('',(-0.0362309727924892,0.00951881475944237,0.0));
#2142=CARTESIAN_POINT('',(-0.0407594455849785,0.0144746295188847,0.0));
#2143=CARTESIAN_POINT('',(-0.0452879183774677,0.0194304442783271,0.0));
#2144=DIRECTION('',(-0.0,-0.0,1.0));
#2145=ORIENTED_EDGE('',*,*,#3869,.T.);
#2146=ORIENTED_EDGE('',*,*,#3903,.T.);
#2147=ORIENTED_EDGE('',*,*,#3904,.T.);
#2148=ORIENTED_EDGE('',*,*,#3900,.T.);
#2149=CARTESIAN_POINT('',(-0.0228514,-0.00402819984032149,0.01));
#2150=DIRECTION('',(-1.0,-0.0,0.0));
#2151=DIRECTION('',(0.0,-0.244579332881236,-0.96962928479258));
#2152=ORIENTED_EDGE('',*,*,#3905,.T.);
#2153=ORIENTED_EDGE('',*,*,#3906,.T.);
#2154=ORIENTED_EDGE('',*,*,#3907,.T.);
#2155=ORIENTED_EDGE('',*,*,#3908,.T.);
#2156=ORIENTED_EDGE('',*,*,#3909,.T.);
#2157=ORIENTED_EDGE('',*,*,#3910,.T.);
#2158=ORIENTED_EDGE('',*,*,#3911,.T.);
#2159=ORIENTED_EDGE('',*,*,#3856,.T.);
#2160=ORIENTED_EDGE('',*,*,#3912,.T.);
#2161=ORIENTED_EDGE('',*,*,#3904,.F.);
#2162=ORIENTED_EDGE('',*,*,#3913,.T.);
#2163=ORIENTED_EDGE('',*,*,#3914,.T.);
#2164=ORIENTED_EDGE('',*,*,#3915,.T.);
#2165=ORIENTED_EDGE('',*,*,#3916,.T.);
#2166=ORIENTED_EDGE('',*,*,#3917,.T.);
#2167=ORIENTED_EDGE('',*,*,#3918,.T.);
#2168=ORIENTED_EDGE('',*,*,#3919,.T.);
#2169=ORIENTED_EDGE('',*,*,#3920,.T.);
#2170=ORIENTED_EDGE('',*,*,#3901,.T.);
#2171=CARTESIAN_POINT('',(-0.0312179,0.0722343,0.0));
#2172=DIRECTION('',(0.0,0.0,-1.0));
#2173=DIRECTION('',(-1.0,0.0,0.0));
#2174=ORIENTED_EDGE('',*,*,#3879,.F.);
#2175=ORIENTED_EDGE('',*,*,#3896,.T.);
#2176=ORIENTED_EDGE('',*,*,#3921,.F.);
#2177=ORIENTED_EDGE('',*,*,#3913,.F.);
#2178=ORIENTED_EDGE('',*,*,#3903,.F.);
#2179=ORIENTED_EDGE('',*,*,#3872,.F.);
#2180=ORIENTED_EDGE('',*,*,#3922,.T.);
#2181=ORIENTED_EDGE('',*,*,#3923,.T.);
#2182=ORIENTED_EDGE('',*,*,#3924,.T.);
#2183=ORIENTED_EDGE('',*,*,#3874,.F.);
#2184=CARTESIAN_POINT('',(-0.0458798215707005,0.0141390434301589,0.0));
#2185=CARTESIAN_POINT('',(-0.041499114380467,0.0101059289534393,0.0));
#2186=CARTESIAN_POINT('',(-0.0371184071902335,0.00607281447671964,0.0));
#2187=CARTESIAN_POINT('',(-0.0327377,0.0020397,0.0));
#2188=CARTESIAN_POINT('',(-0.0280998,-0.0022302,0.0));
#2189=CARTESIAN_POINT('',(-0.0266158,-0.0066813,0.0));
#2190=CARTESIAN_POINT('',(-0.0263818,-0.0114904,0.0));
#2191=CARTESIAN_POINT('',(-0.0260924075899747,-0.0174379087138993,0.0));
#2192=CARTESIAN_POINT('',(-0.0258030151799495,-0.0233854174277987,0.0));
#2193=CARTESIAN_POINT('',(-0.0255136227699242,-0.029332926141698,0.0));
#2194=DIRECTION('',(-0.0,-0.0,1.0));
#2195=ORIENTED_EDGE('',*,*,#3871,.F.);
#2196=ORIENTED_EDGE('',*,*,#3899,.F.);
#2197=ORIENTED_EDGE('',*,*,#3925,.F.);
#2198=ORIENTED_EDGE('',*,*,#3922,.F.);
#2199=CARTESIAN_POINT('',(-0.0228514,0.0135209951473129,0.0425733902946255));
#2200=DIRECTION('',(-1.0,-0.0,0.0));
#2201=DIRECTION('',(0.0,-0.665674364836439,-0.746242346694158));
#2202=ORIENTED_EDGE('',*,*,#3875,.F.);
#2203=ORIENTED_EDGE('',*,*,#3924,.F.);
#2204=ORIENTED_EDGE('',*,*,#3926,.F.);
#2205=ORIENTED_EDGE('',*,*,#3897,.F.);
#2206=CARTESIAN_POINT('',(-0.0228514,0.0135209951473129,-0.0275733902946257));
#2207=DIRECTION('',(-1.0,0.0,0.0));
#2208=DIRECTION('',(0.0,-0.665674364836439,0.746242346694158));
#2209=ORIENTED_EDGE('',*,*,#3925,.T.);
#2210=ORIENTED_EDGE('',*,*,#3898,.T.);
#2211=ORIENTED_EDGE('',*,*,#3926,.T.);
#2212=ORIENTED_EDGE('',*,*,#3923,.F.);
#2213=CARTESIAN_POINT('',(-0.0273976225,-0.00151408749999999,0.0));
#2214=CARTESIAN_POINT('',(-0.027059015,-0.00483952499999999,0.0));
#2215=CARTESIAN_POINT('',(-0.0267204075,-0.0081649625,0.0));
#2216=CARTESIAN_POINT('',(-0.0263818,-0.0114904,0.0));
#2217=CARTESIAN_POINT('',(-0.0262059,-0.0132179,0.0));
#2218=CARTESIAN_POINT('',(-0.024258,-0.013129,0.0));
#2219=CARTESIAN_POINT('',(-0.0243494,-0.0114335,0.0));
#2220=CARTESIAN_POINT('',(-0.024525345,-0.0081696625,0.0));
#2221=CARTESIAN_POINT('',(-0.02470129,-0.00490582500000001,0.0));
#2222=CARTESIAN_POINT('',(-0.024877235,-0.00164198750000001,0.0));
#2223=DIRECTION('',(-0.0,-0.0,1.0));
#2224=ORIENTED_EDGE('',*,*,#3861,.F.);
#2225=ORIENTED_EDGE('',*,*,#3927,.F.);
#2226=ORIENTED_EDGE('',*,*,#3928,.F.);
#2227=ORIENTED_EDGE('',*,*,#3929,.F.);
#2228=ORIENTED_EDGE('',*,*,#3930,.F.);
#2229=ORIENTED_EDGE('',*,*,#3931,.F.);
#2230=ORIENTED_EDGE('',*,*,#3932,.F.);
#2231=CARTESIAN_POINT('',(-0.0495414,0.0697343000000001,0.01075));
#2232=DIRECTION('',(0.0,-0.0,1.0));
#2233=DIRECTION('',(-0.0,-1.0,-0.0));
#2234=ORIENTED_EDGE('',*,*,#3933,.F.);
#2235=ORIENTED_EDGE('',*,*,#3867,.T.);
#2236=ORIENTED_EDGE('',*,*,#3934,.F.);
#2237=ORIENTED_EDGE('',*,*,#3935,.F.);
#2238=ORIENTED_EDGE('',*,*,#3936,.F.);
#2239=ORIENTED_EDGE('',*,*,#3863,.T.);
#2240=ORIENTED_EDGE('',*,*,#3858,.F.);
#2241=CARTESIAN_POINT('',(-0.0495414,0.0697343000000001,0.00424999999999981));
#2242=DIRECTION('',(0.0,-1.15648231731787E-16,-1.0));
#2243=DIRECTION('',(0.0,1.0,-1.15648231731787E-16));
#2244=ORIENTED_EDGE('',*,*,#3853,.T.);
#2245=ORIENTED_EDGE('',*,*,#3932,.T.);
#2246=ORIENTED_EDGE('',*,*,#3937,.T.);
#2247=ORIENTED_EDGE('',*,*,#3868,.T.);
#2248=ORIENTED_EDGE('',*,*,#3933,.T.);
#2249=ORIENTED_EDGE('',*,*,#3857,.T.);
#2250=ORIENTED_EDGE('',*,*,#3912,.F.);
#2251=ORIENTED_EDGE('',*,*,#3855,.F.);
#2252=ORIENTED_EDGE('',*,*,#3880,.T.);
#2253=CARTESIAN_POINT('',(-0.0332912,0.0673378,0.0));
#2254=CARTESIAN_POINT('',(-0.0304726,0.0673378,0.0));
#2255=CARTESIAN_POINT('',(-0.0281877,0.0650529,0.0));
#2256=CARTESIAN_POINT('',(-0.0281877,0.0622343,0.0));
#2257=CARTESIAN_POINT('',(-0.0281877,0.0594157,0.0));
#2258=CARTESIAN_POINT('',(-0.0304726,0.0571308,0.0));
#2259=CARTESIAN_POINT('',(-0.0332912,0.0571308,0.0));
#2260=CARTESIAN_POINT('',(-0.0361098,0.0571308,0.0));
#2261=CARTESIAN_POINT('',(-0.0383947,0.0594157,0.0));
#2262=CARTESIAN_POINT('',(-0.0383947,0.0622343,0.0));
#2263=CARTESIAN_POINT('',(-0.0383947,0.0650529,0.0));
#2264=CARTESIAN_POINT('',(-0.0361098,0.0673378,0.0));
#2265=CARTESIAN_POINT('',(-0.0332912,0.0673378,0.0));
#2266=DIRECTION('',(-0.0,-0.0,1.0));
#2267=ORIENTED_EDGE('',*,*,#3865,.T.);
#2268=ORIENTED_EDGE('',*,*,#3937,.F.);
#2269=ORIENTED_EDGE('',*,*,#3931,.T.);
#2270=ORIENTED_EDGE('',*,*,#3938,.F.);
#2271=CARTESIAN_POINT('',(0.0053086,0.0622343000000001,0.00749999999999995));
#2272=DIRECTION('',(-1.0,0.0,0.0));
#2273=DIRECTION('',(0.0,1.0,0.0));
#2274=ORIENTED_EDGE('',*,*,#3930,.T.);
#2275=ORIENTED_EDGE('',*,*,#3939,.T.);
#2276=ORIENTED_EDGE('',*,*,#3891,.T.);
#2277=ORIENTED_EDGE('',*,*,#3940,.F.);
#2278=ORIENTED_EDGE('',*,*,#3918,.F.);
#2279=ORIENTED_EDGE('',*,*,#3941,.T.);
#2280=ORIENTED_EDGE('',*,*,#3934,.T.);
#2281=ORIENTED_EDGE('',*,*,#3866,.T.);
#2282=ORIENTED_EDGE('',*,*,#3938,.T.);
#2283=CARTESIAN_POINT('',(-0.0474742548330769,0.042528477196137,0.0));
#2284=CARTESIAN_POINT('',(-0.0405221365553846,0.046136618130758,0.0));
#2285=CARTESIAN_POINT('',(-0.0335700182776923,0.049744759065379,0.0));
#2286=CARTESIAN_POINT('',(-0.0266179,0.0533529,0.0));
#2287=CARTESIAN_POINT('',(-0.0234098,0.0550179,0.0));
#2288=CARTESIAN_POINT('',(-0.0212179,0.0583701,0.0));
#2289=CARTESIAN_POINT('',(-0.0212179,0.0622343,0.0));
#2290=CARTESIAN_POINT('',(-0.0212179,0.0677571,0.0));
#2291=CARTESIAN_POINT('',(-0.0256951,0.0722343,0.0));
#2292=CARTESIAN_POINT('',(-0.0312179,0.0722343,0.0));
#2293=CARTESIAN_POINT('',(-0.0390505642690154,0.0722343,0.0));
#2294=CARTESIAN_POINT('',(-0.0468832285380309,0.0722343,0.0));
#2295=CARTESIAN_POINT('',(-0.0547158928070463,0.0722343,0.0));
#2296=DIRECTION('',(-0.0,-0.0,1.0));
#2297=ORIENTED_EDGE('',*,*,#3935,.T.);
#2298=ORIENTED_EDGE('',*,*,#3941,.F.);
#2299=ORIENTED_EDGE('',*,*,#3917,.F.);
#2300=ORIENTED_EDGE('',*,*,#3942,.T.);
#2301=CARTESIAN_POINT('',(-0.0157341712236361,0.0722343,0.0));
#2302=CARTESIAN_POINT('',(-0.0208954141490907,0.0722343,0.0));
#2303=CARTESIAN_POINT('',(-0.0260566570745454,0.0722343,0.0));
#2304=CARTESIAN_POINT('',(-0.0312179,0.0722343,0.0));
#2305=CARTESIAN_POINT('',(-0.0357697,0.0722343,0.0));
#2306=CARTESIAN_POINT('',(-0.0396107,0.0691928,0.0));
#2307=CARTESIAN_POINT('',(-0.0408208,0.0650314,0.0));
#2308=CARTESIAN_POINT('',(-0.0422619505801277,0.0600754426211525,0.0));
#2309=CARTESIAN_POINT('',(-0.0437031011602554,0.055119485242305,0.0));
#2310=CARTESIAN_POINT('',(-0.045144251740383,0.0501635278634575,0.0));
#2311=DIRECTION('',(-0.0,-0.0,1.0));
#2312=ORIENTED_EDGE('',*,*,#3862,.T.);
#2313=ORIENTED_EDGE('',*,*,#3943,.F.);
#2314=ORIENTED_EDGE('',*,*,#3927,.T.);
#2315=ORIENTED_EDGE('',*,*,#3860,.F.);
#2316=CARTESIAN_POINT('',(0.0053086,0.0622343000000001,0.00749999999999995));
#2317=DIRECTION('',(-1.0,0.0,0.0));
#2318=DIRECTION('',(0.0,1.0,0.0));
#2319=ORIENTED_EDGE('',*,*,#3929,.T.);
#2320=ORIENTED_EDGE('',*,*,#3944,.T.);
#2321=ORIENTED_EDGE('',*,*,#3892,.T.);
#2322=ORIENTED_EDGE('',*,*,#3939,.F.);
#2323=CARTESIAN_POINT('',(-0.0157341712236361,0.0722343,0.0));
#2324=CARTESIAN_POINT('',(-0.0208954141490907,0.0722343,0.0));
#2325=CARTESIAN_POINT('',(-0.0260566570745454,0.0722343,0.0));
#2326=CARTESIAN_POINT('',(-0.0312179,0.0722343,0.0));
#2327=CARTESIAN_POINT('',(-0.0357697,0.0722343,0.0));
#2328=CARTESIAN_POINT('',(-0.0396107,0.0691928,0.0));
#2329=CARTESIAN_POINT('',(-0.0408208,0.0650314,0.0));
#2330=CARTESIAN_POINT('',(-0.0422619505801277,0.0600754426211525,0.0));
#2331=CARTESIAN_POINT('',(-0.0437031011602554,0.055119485242305,0.0));
#2332=CARTESIAN_POINT('',(-0.045144251740383,0.0501635278634575,0.0));
#2333=DIRECTION('',(-0.0,-0.0,1.0));
#2334=ORIENTED_EDGE('',*,*,#3889,.T.);
#2335=ORIENTED_EDGE('',*,*,#3902,.F.);
#2336=ORIENTED_EDGE('',*,*,#3920,.F.);
#2337=ORIENTED_EDGE('',*,*,#3945,.T.);
#2338=CARTESIAN_POINT('',(0.0026258894951458,-0.0316571299323948,0.0));
#2339=CARTESIAN_POINT('',(-0.00881690700323614,-0.0195837532882632,0.0));
#2340=CARTESIAN_POINT('',(-0.0202597035016181,-0.00751037664413162,0.0));
#2341=CARTESIAN_POINT('',(-0.0317025,0.004563,0.0));
#2342=CARTESIAN_POINT('',(-0.0437953,0.0173222,0.0));
#2343=CARTESIAN_POINT('',(-0.044096,0.0361797,0.0));
#2344=CARTESIAN_POINT('',(-0.0296161,0.0513072,0.0));
#2345=CARTESIAN_POINT('',(-0.0181138141500052,0.0633239148389006,0.0));
#2346=CARTESIAN_POINT('',(-0.00661152830001037,0.0753406296778012,0.0));
#2347=CARTESIAN_POINT('',(0.00489075754998444,0.0873573445167018,0.0));
#2348=DIRECTION('',(-0.0,-0.0,1.0));
#2349=ORIENTED_EDGE('',*,*,#3895,.T.);
#2350=ORIENTED_EDGE('',*,*,#3946,.F.);
#2351=ORIENTED_EDGE('',*,*,#3914,.F.);
#2352=ORIENTED_EDGE('',*,*,#3921,.T.);
#2353=CARTESIAN_POINT('',(-0.0487638400607767,0.0260796505361701,0.0));
#2354=CARTESIAN_POINT('',(-0.0462260267071845,0.0213210670241134,0.0));
#2355=CARTESIAN_POINT('',(-0.0436882133535922,0.0165624835120567,0.0));
#2356=CARTESIAN_POINT('',(-0.0411504,0.0118039,0.0));
#2357=CARTESIAN_POINT('',(-0.0392485,0.0082377,0.0));
#2358=CARTESIAN_POINT('',(-0.0357191,0.0047472,0.0));
#2359=CARTESIAN_POINT('',(-0.0327377,0.0020397,0.0));
#2360=CARTESIAN_POINT('',(-0.0287452837574229,-0.00158593459340498,0.0));
#2361=CARTESIAN_POINT('',(-0.0247528675148457,-0.00521156918680996,0.0));
#2362=CARTESIAN_POINT('',(-0.0207604512722686,-0.00883720378021493,0.0));
#2363=DIRECTION('',(-0.0,-0.0,1.0));
#2364=ORIENTED_EDGE('',*,*,#3894,.T.);
#2365=ORIENTED_EDGE('',*,*,#3947,.F.);
#2366=ORIENTED_EDGE('',*,*,#3915,.F.);
#2367=ORIENTED_EDGE('',*,*,#3946,.T.);
#2368=CARTESIAN_POINT('',(-0.0359106912276448,0.0920927445885268,0.0));
#2369=CARTESIAN_POINT('',(-0.0388263274850966,0.0785787297256846,0.0));
#2370=CARTESIAN_POINT('',(-0.0417419637425483,0.0650647148628423,0.0));
#2371=CARTESIAN_POINT('',(-0.0446576,0.0515507,0.0));
#2372=CARTESIAN_POINT('',(-0.0478369,0.0368146,0.0));
#2373=CARTESIAN_POINT('',(-0.0469017,0.0225878,0.0));
#2374=CARTESIAN_POINT('',(-0.0411504,0.0118039,0.0));
#2375=CARTESIAN_POINT('',(-0.0346446360512178,-0.000394647780027534,0.0));
#2376=CARTESIAN_POINT('',(-0.0281388721024356,-0.0125931955600551,0.0));
#2377=CARTESIAN_POINT('',(-0.0216331081536534,-0.0247917433400826,0.0));
#2378=DIRECTION('',(-0.0,-0.0,1.0));
#2379=ORIENTED_EDGE('',*,*,#3928,.T.);
#2380=ORIENTED_EDGE('',*,*,#3943,.T.);
#2381=ORIENTED_EDGE('',*,*,#3864,.T.);
#2382=ORIENTED_EDGE('',*,*,#3936,.T.);
#2383=ORIENTED_EDGE('',*,*,#3942,.F.);
#2384=ORIENTED_EDGE('',*,*,#3916,.F.);
#2385=ORIENTED_EDGE('',*,*,#3947,.T.);
#2386=ORIENTED_EDGE('',*,*,#3893,.T.);
#2387=ORIENTED_EDGE('',*,*,#3944,.F.);
#2388=CARTESIAN_POINT('',(-0.03862861,0.0708115975,0.0));
#2389=CARTESIAN_POINT('',(-0.03935934,0.068884865,0.0));
#2390=CARTESIAN_POINT('',(-0.04009007,0.0669581325,0.0));
#2391=CARTESIAN_POINT('',(-0.0408208,0.0650314,0.0));
#2392=CARTESIAN_POINT('',(-0.0412004,0.0640305,0.0));
#2393=CARTESIAN_POINT('',(-0.0440497,0.054368,0.0));
#2394=CARTESIAN_POINT('',(-0.0446576,0.0515507,0.0));
#2395=CARTESIAN_POINT('',(-0.0458278075,0.0461273975,0.0));
#2396=CARTESIAN_POINT('',(-0.046998015,0.040704095,0.0));
#2397=CARTESIAN_POINT('',(-0.0481682225,0.0352807924999999,0.0));
#2398=DIRECTION('',(-0.0,-0.0,1.0));
#2399=ORIENTED_EDGE('',*,*,#3890,.T.);
#2400=ORIENTED_EDGE('',*,*,#3945,.F.);
#2401=ORIENTED_EDGE('',*,*,#3919,.F.);
#2402=ORIENTED_EDGE('',*,*,#3940,.T.);
#2403=CARTESIAN_POINT('',(-0.0356838925,0.0450303525,0.0));
#2404=CARTESIAN_POINT('',(-0.033661295,0.047122635,0.0));
#2405=CARTESIAN_POINT('',(-0.0316386975,0.0492149175,0.0));
#2406=CARTESIAN_POINT('',(-0.0296161,0.0513072,0.0));
#2407=CARTESIAN_POINT('',(-0.0285654,0.0523941,0.0));
#2408=CARTESIAN_POINT('',(-0.0279956,0.0527563,0.0));
#2409=CARTESIAN_POINT('',(-0.0266179,0.0533529,0.0));
#2410=CARTESIAN_POINT('',(-0.0239658275,0.054501355,0.0));
#2411=CARTESIAN_POINT('',(-0.021313755,0.05564981,0.0));
#2412=CARTESIAN_POINT('',(-0.0186616825,0.056798265,0.0));
#2413=DIRECTION('',(-0.0,-0.0,1.0));
#2414=ORIENTED_EDGE('',*,*,#3887,.T.);
#2415=ORIENTED_EDGE('',*,*,#3948,.F.);
#2416=ORIENTED_EDGE('',*,*,#3907,.F.);
#2417=ORIENTED_EDGE('',*,*,#3949,.T.);
#2418=CARTESIAN_POINT('',(-0.0326741125,0.053277875,0.0));
#2419=CARTESIAN_POINT('',(-0.032782875,0.05316815,0.0));
#2420=CARTESIAN_POINT('',(-0.0328916375,0.053058425,0.0));
#2421=CARTESIAN_POINT('',(-0.0330004,0.0529487,0.0));
#2422=CARTESIAN_POINT('',(-0.0330569,0.0528917,0.0));
#2423=CARTESIAN_POINT('',(-0.0331142,0.0528327,0.0));
#2424=CARTESIAN_POINT('',(-0.0331722,0.0527722,0.0));
#2425=CARTESIAN_POINT('',(-0.03328385,0.0526557375,0.0));
#2426=CARTESIAN_POINT('',(-0.0333955,0.052539275,0.0));
#2427=CARTESIAN_POINT('',(-0.03350715,0.0524228125,0.0));
#2428=DIRECTION('',(-0.0,-0.0,1.0));
#2429=ORIENTED_EDGE('',*,*,#3886,.T.);
#2430=ORIENTED_EDGE('',*,*,#3950,.F.);
#2431=ORIENTED_EDGE('',*,*,#3908,.F.);
#2432=ORIENTED_EDGE('',*,*,#3948,.T.);
#2433=CARTESIAN_POINT('',(-0.036066925,0.0526980675,0.0));
#2434=CARTESIAN_POINT('',(-0.03516795,0.052945045,0.0));
#2435=CARTESIAN_POINT('',(-0.034268975,0.0531920225,0.0));
#2436=CARTESIAN_POINT('',(-0.03337,0.053439,0.0));
#2437=CARTESIAN_POINT('',(-0.032903,0.0535673,0.0));
#2438=CARTESIAN_POINT('',(-0.032693,0.053276,0.0));
#2439=CARTESIAN_POINT('',(-0.0330004,0.0529487,0.0));
#2440=CARTESIAN_POINT('',(-0.033592145,0.0523186475,0.0));
#2441=CARTESIAN_POINT('',(-0.03418389,0.051688595,0.0));
#2442=CARTESIAN_POINT('',(-0.034775635,0.0510585425,0.0));
#2443=DIRECTION('',(-0.0,-0.0,1.0));
#2444=ORIENTED_EDGE('',*,*,#3885,.T.);
#2445=ORIENTED_EDGE('',*,*,#3951,.F.);
#2446=ORIENTED_EDGE('',*,*,#3909,.F.);
#2447=ORIENTED_EDGE('',*,*,#3950,.T.);
#2448=CARTESIAN_POINT('',(-0.0468186225960949,0.0641377619687713,0.0));
#2449=CARTESIAN_POINT('',(-0.0442580817307299,0.0612607079791809,0.0));
#2450=CARTESIAN_POINT('',(-0.041697540865365,0.0583836539895904,0.0));
#2451=CARTESIAN_POINT('',(-0.039137,0.0555066,0.0));
#2452=CARTESIAN_POINT('',(-0.0379664,0.0541913,0.0));
#2453=CARTESIAN_POINT('',(-0.0362606,0.0533624,0.0));
#2454=CARTESIAN_POINT('',(-0.0343619,0.0533624,0.0));
#2455=CARTESIAN_POINT('',(-0.0340246,0.0533624,0.0));
#2456=CARTESIAN_POINT('',(-0.0336932,0.0533886,0.0));
#2457=CARTESIAN_POINT('',(-0.03337,0.053439,0.0));
#2458=CARTESIAN_POINT('',(-0.03212568,0.05363304,0.0));
#2459=CARTESIAN_POINT('',(-0.03088136,0.05382708,0.0));
#2460=CARTESIAN_POINT('',(-0.02963704,0.0540211200000001,0.0));
#2461=DIRECTION('',(-0.0,-0.0,1.0));
#2462=ORIENTED_EDGE('',*,*,#3884,.T.);
#2463=ORIENTED_EDGE('',*,*,#3952,.F.);
#2464=ORIENTED_EDGE('',*,*,#3910,.F.);
#2465=ORIENTED_EDGE('',*,*,#3951,.T.);
#2466=CARTESIAN_POINT('',(-0.04034229,0.05330589,0.0));
#2467=CARTESIAN_POINT('',(-0.04015056,0.05397656,0.0));
#2468=CARTESIAN_POINT('',(-0.03995883,0.05464723,0.0));
#2469=CARTESIAN_POINT('',(-0.0397671,0.0553179,0.0));
#2470=CARTESIAN_POINT('',(-0.0396675,0.0556663,0.0));
#2471=CARTESIAN_POINT('',(-0.039387,0.0557092,0.0));
#2472=CARTESIAN_POINT('',(-0.039137,0.0555066,0.0));
#2473=CARTESIAN_POINT('',(-0.03865575,0.055116595,0.0));
#2474=CARTESIAN_POINT('',(-0.0381745,0.05472659,0.0));
#2475=CARTESIAN_POINT('',(-0.03769325,0.054336585,0.0));
#2476=DIRECTION('',(-0.0,-0.0,1.0));
#2477=ORIENTED_EDGE('',*,*,#3883,.T.);
#2478=ORIENTED_EDGE('',*,*,#3953,.F.);
#2479=ORIENTED_EDGE('',*,*,#3911,.F.);
#2480=ORIENTED_EDGE('',*,*,#3952,.T.);
#2481=CARTESIAN_POINT('',(-0.0426954324743209,0.0315734573677506,0.0));
#2482=CARTESIAN_POINT('',(-0.0422606216495473,0.0362088049118338,0.0));
#2483=CARTESIAN_POINT('',(-0.0418258108247736,0.0408441524559169,0.0));
#2484=CARTESIAN_POINT('',(-0.041391,0.0454795,0.0));
#2485=CARTESIAN_POINT('',(-0.0409729,0.0499367,0.0));
#2486=CARTESIAN_POINT('',(-0.0407218,0.0512731,0.0));
#2487=CARTESIAN_POINT('',(-0.0397671,0.0553179,0.0));
#2488=CARTESIAN_POINT('',(-0.0386975969822118,0.0598490886522986,0.0));
#2489=CARTESIAN_POINT('',(-0.0376280939644237,0.0643802773045973,0.0));
#2490=CARTESIAN_POINT('',(-0.0365585909466355,0.0689114659568959,0.0));
#2491=DIRECTION('',(-0.0,-0.0,1.0));
#2492=ORIENTED_EDGE('',*,*,#3882,.T.);
#2493=ORIENTED_EDGE('',*,*,#3954,.F.);
#2494=ORIENTED_EDGE('',*,*,#3905,.F.);
#2495=ORIENTED_EDGE('',*,*,#3953,.T.);
#2496=CARTESIAN_POINT('',(-0.0336488523747861,0.0537187758567694,0.0));
#2497=CARTESIAN_POINT('',(-0.0355037349165241,0.0508579172378463,0.0));
#2498=CARTESIAN_POINT('',(-0.0373586174582621,0.0479970586189231,0.0));
#2499=CARTESIAN_POINT('',(-0.0392135,0.0451362,0.0));
#2500=CARTESIAN_POINT('',(-0.0402291,0.0435698,0.0));
#2501=CARTESIAN_POINT('',(-0.0415223,0.0442084,0.0));
#2502=CARTESIAN_POINT('',(-0.041391,0.0454795,0.0));
#2503=CARTESIAN_POINT('',(-0.0411382475,0.0479263675,0.0));
#2504=CARTESIAN_POINT('',(-0.040885495,0.050373235,0.0));
#2505=CARTESIAN_POINT('',(-0.0406327425,0.0528201025,0.0));
#2506=DIRECTION('',(-0.0,-0.0,1.0));
#2507=ORIENTED_EDGE('',*,*,#3881,.T.);
#2508=ORIENTED_EDGE('',*,*,#3949,.F.);
#2509=ORIENTED_EDGE('',*,*,#3906,.F.);
#2510=ORIENTED_EDGE('',*,*,#3954,.T.);
#2511=CARTESIAN_POINT('',(-0.0236260423055756,0.0627383966147163,0.0));
#2512=CARTESIAN_POINT('',(-0.0268080948703837,0.0594163310764775,0.0));
#2513=CARTESIAN_POINT('',(-0.0299901474351919,0.0560942655382387,0.0));
#2514=CARTESIAN_POINT('',(-0.0331722,0.0527722,0.0));
#2515=CARTESIAN_POINT('',(-0.0360426,0.0497755,0.0));
#2516=CARTESIAN_POINT('',(-0.0376065,0.0476829,0.0));
#2517=CARTESIAN_POINT('',(-0.0392135,0.0451362,0.0));
#2518=CARTESIAN_POINT('',(-0.0416683843375229,0.0412458117346799,0.0));
#2519=CARTESIAN_POINT('',(-0.0441232686750457,0.0373554234693598,0.0));
#2520=CARTESIAN_POINT('',(-0.0465781530125686,0.0334650352040396,0.0));
#2521=DIRECTION('',(-0.0,-0.0,1.0));
#2522=FILL_AREA_STYLE_COLOUR('',#3955);
#2523=ORIENTED_EDGE('',*,*,#3956,.F.);
#2524=ORIENTED_EDGE('',*,*,#3957,.F.);
#2525=ORIENTED_EDGE('',*,*,#3958,.F.);
#2526=ORIENTED_EDGE('',*,*,#3959,.F.);
#2527=ORIENTED_EDGE('',*,*,#3960,.F.);
#2528=ORIENTED_EDGE('',*,*,#3961,.F.);
#2529=CARTESIAN_POINT('',(0.0053086,0.0622343000000001,0.00749999999999995));
#2530=DIRECTION('',(-1.0,0.0,0.0));
#2531=DIRECTION('',(0.0,1.0,0.0));
#2532=ORIENTED_EDGE('',*,*,#3956,.T.);
#2533=ORIENTED_EDGE('',*,*,#3962,.F.);
#2534=ORIENTED_EDGE('',*,*,#3959,.T.);
#2535=ORIENTED_EDGE('',*,*,#3963,.F.);
#2536=CARTESIAN_POINT('',(0.0053086,0.0622343000000001,0.00749999999999995));
#2537=DIRECTION('',(-1.0,0.0,0.0));
#2538=DIRECTION('',(0.0,1.0,0.0));
#2539=ORIENTED_EDGE('',*,*,#3960,.T.);
#2540=ORIENTED_EDGE('',*,*,#3962,.T.);
#2541=ORIENTED_EDGE('',*,*,#3961,.T.);
#2542=ORIENTED_EDGE('',*,*,#3964,.T.);
#2543=ORIENTED_EDGE('',*,*,#3965,.F.);
#2544=ORIENTED_EDGE('',*,*,#3966,.T.);
#2545=ORIENTED_EDGE('',*,*,#3967,.T.);
#2546=CARTESIAN_POINT('',(-0.0450790461874456,0.039880167701122,0.0));
#2547=CARTESIAN_POINT('',(-0.0382831641249638,0.0436962784674147,0.0));
#2548=CARTESIAN_POINT('',(-0.0314872820624819,0.0475123892337073,0.0));
#2549=CARTESIAN_POINT('',(-0.0246914,0.0513285,0.0));
#2550=CARTESIAN_POINT('',(-0.0208788,0.0534694,0.0));
#2551=CARTESIAN_POINT('',(-0.0183019,0.0575505,0.0));
#2552=CARTESIAN_POINT('',(-0.0183019,0.0622343,0.0));
#2553=CARTESIAN_POINT('',(-0.0183019,0.0669181,0.0));
#2554=CARTESIAN_POINT('',(-0.0208786,0.0709995,0.0));
#2555=CARTESIAN_POINT('',(-0.0246914,0.0731403,0.0));
#2556=CARTESIAN_POINT('',(-0.0314874436110792,0.0769561230598506,0.0));
#2557=CARTESIAN_POINT('',(-0.0382834872221584,0.0807719461197012,0.0));
#2558=CARTESIAN_POINT('',(-0.0450795308332376,0.0845877691795518,0.0));
#2559=DIRECTION('',(-0.0,-0.0,1.0));
#2560=ORIENTED_EDGE('',*,*,#3968,.T.);
#2561=ORIENTED_EDGE('',*,*,#3969,.F.);
#2562=ORIENTED_EDGE('',*,*,#3970,.T.);
#2563=ORIENTED_EDGE('',*,*,#3965,.T.);
#2564=CARTESIAN_POINT('',(-0.0246914,0.06007425,0.0));
#2565=CARTESIAN_POINT('',(-0.0246914,0.0581556666666667,0.0));
#2566=CARTESIAN_POINT('',(-0.0246914,0.0562370833333333,0.0));
#2567=CARTESIAN_POINT('',(-0.0246914,0.0543185,0.0));
#2568=CARTESIAN_POINT('',(-0.0246914,0.0533218333333333,0.0));
#2569=CARTESIAN_POINT('',(-0.0246914,0.0523251666666667,0.0));
#2570=CARTESIAN_POINT('',(-0.0246914,0.0513285,0.0));
#2571=CARTESIAN_POINT('',(-0.0246914,0.0494099166666667,0.0));
#2572=CARTESIAN_POINT('',(-0.0246914,0.0474913333333333,0.0));
#2573=CARTESIAN_POINT('',(-0.0246914,0.04557275,0.0));
#2574=DIRECTION('',(-0.0,-0.0,1.0));
#2575=ORIENTED_EDGE('',*,*,#3957,.T.);
#2576=ORIENTED_EDGE('',*,*,#3963,.T.);
#2577=ORIENTED_EDGE('',*,*,#3958,.T.);
#2578=ORIENTED_EDGE('',*,*,#3971,.T.);
#2579=ORIENTED_EDGE('',*,*,#3972,.F.);
#2580=ORIENTED_EDGE('',*,*,#3973,.T.);
#2581=ORIENTED_EDGE('',*,*,#3969,.T.);
#2582=CARTESIAN_POINT('',(-0.0383005130737811,0.0806699996361884,0.0));
#2583=CARTESIAN_POINT('',(-0.0337641420491874,0.0771631664241256,0.0));
#2584=CARTESIAN_POINT('',(-0.0292277710245937,0.0736563332120628,0.0));
#2585=CARTESIAN_POINT('',(-0.0246914,0.0701495,0.0));
#2586=CARTESIAN_POINT('',(-0.0223257,0.0683207,0.0));
#2587=CARTESIAN_POINT('',(-0.0208019,0.0654558,0.0));
#2588=CARTESIAN_POINT('',(-0.0208019,0.0622343,0.0));
#2589=CARTESIAN_POINT('',(-0.0208019,0.0590128,0.0));
#2590=CARTESIAN_POINT('',(-0.0223256,0.0561473,0.0));
#2591=CARTESIAN_POINT('',(-0.0246914,0.0543185,0.0));
#2592=CARTESIAN_POINT('',(-0.0292278427504533,0.0508117595730708,0.0));
#2593=CARTESIAN_POINT('',(-0.0337642855009066,0.0473050191461416,0.0));
#2594=CARTESIAN_POINT('',(-0.03830072825136,0.0437982787192125,0.0));
#2595=DIRECTION('',(-0.0,-0.0,1.0));
#2596=ORIENTED_EDGE('',*,*,#3974,.T.);
#2597=ORIENTED_EDGE('',*,*,#3967,.F.);
#2598=ORIENTED_EDGE('',*,*,#3975,.T.);
#2599=ORIENTED_EDGE('',*,*,#3972,.T.);
#2600=CARTESIAN_POINT('',(-0.0246914,0.0788975899999999,0.0));
#2601=CARTESIAN_POINT('',(-0.0246914,0.0769784933333333,0.0));
#2602=CARTESIAN_POINT('',(-0.0246914,0.0750593966666666,0.0));
#2603=CARTESIAN_POINT('',(-0.0246914,0.0731403,0.0));
#2604=CARTESIAN_POINT('',(-0.0246914,0.0721433666666667,0.0));
#2605=CARTESIAN_POINT('',(-0.0246914,0.0711464333333333,0.0));
#2606=CARTESIAN_POINT('',(-0.0246914,0.0701495,0.0));
#2607=CARTESIAN_POINT('',(-0.0246914,0.0682304033333334,0.0));
#2608=CARTESIAN_POINT('',(-0.0246914,0.0663113066666667,0.0));
#2609=CARTESIAN_POINT('',(-0.0246914,0.06439221,0.0));
#2610=DIRECTION('',(-0.0,-0.0,1.0));
#2611=ORIENTED_EDGE('',*,*,#3974,.F.);
#2612=ORIENTED_EDGE('',*,*,#3971,.F.);
#2613=ORIENTED_EDGE('',*,*,#3968,.F.);
#2614=ORIENTED_EDGE('',*,*,#3964,.F.);
#2615=CARTESIAN_POINT('',(-0.0246914,0.0701495,0.015));
#2616=DIRECTION('',(0.0,0.0,-1.0));
#2617=DIRECTION('',(-1.0,0.0,0.0));
#2618=ORIENTED_EDGE('',*,*,#3973,.F.);
#2619=ORIENTED_EDGE('',*,*,#3975,.F.);
#2620=ORIENTED_EDGE('',*,*,#3966,.F.);
#2621=ORIENTED_EDGE('',*,*,#3970,.F.);
#2622=CARTESIAN_POINT('',(-0.0246914,0.0701495,0.0));
#2623=DIRECTION('',(0.0,0.0,-1.0));
#2624=DIRECTION('',(-1.0,0.0,0.0));
#2625=FILL_AREA_STYLE_COLOUR('',#3976);
#2626=ORIENTED_EDGE('',*,*,#3977,.F.);
#2627=ORIENTED_EDGE('',*,*,#3978,.F.);
#2628=ORIENTED_EDGE('',*,*,#3979,.F.);
#2629=ORIENTED_EDGE('',*,*,#3980,.F.);
#2630=CARTESIAN_POINT('',(0.0053086,0.0622343000000001,0.00749999999999995));
#2631=DIRECTION('',(-1.0,0.0,0.0));
#2632=DIRECTION('',(0.0,1.0,0.0));
#2633=ORIENTED_EDGE('',*,*,#3981,.F.);
#2634=ORIENTED_EDGE('',*,*,#3982,.F.);
#2635=ORIENTED_EDGE('',*,*,#3983,.F.);
#2636=ORIENTED_EDGE('',*,*,#3984,.F.);
#2637=ORIENTED_EDGE('',*,*,#3985,.F.);
#2638=CARTESIAN_POINT('',(0.0053086,0.0622343000000001,0.00749999999999995));
#2639=DIRECTION('',(-1.0,0.0,0.0));
#2640=DIRECTION('',(0.0,1.0,0.0));
#2641=ORIENTED_EDGE('',*,*,#3986,.T.);
#2642=ORIENTED_EDGE('',*,*,#3987,.T.);
#2643=ORIENTED_EDGE('',*,*,#3988,.T.);
#2644=ORIENTED_EDGE('',*,*,#3989,.T.);
#2645=ORIENTED_EDGE('',*,*,#3990,.T.);
#2646=ORIENTED_EDGE('',*,*,#3991,.T.);
#2647=ORIENTED_EDGE('',*,*,#3992,.T.);
#2648=ORIENTED_EDGE('',*,*,#3993,.T.);
#2649=ORIENTED_EDGE('',*,*,#3994,.T.);
#2650=ORIENTED_EDGE('',*,*,#3995,.T.);
#2651=ORIENTED_EDGE('',*,*,#3996,.T.);
#2652=ORIENTED_EDGE('',*,*,#3997,.T.);
#2653=ORIENTED_EDGE('',*,*,#3998,.T.);
#2654=ORIENTED_EDGE('',*,*,#3999,.T.);
#2655=ORIENTED_EDGE('',*,*,#4000,.T.);
#2656=ORIENTED_EDGE('',*,*,#4001,.T.);
#2657=ORIENTED_EDGE('',*,*,#3987,.F.);
#2658=ORIENTED_EDGE('',*,*,#4002,.F.);
#2659=ORIENTED_EDGE('',*,*,#4003,.F.);
#2660=ORIENTED_EDGE('',*,*,#4004,.F.);
#2661=ORIENTED_EDGE('',*,*,#4005,.F.);
#2662=ORIENTED_EDGE('',*,*,#3993,.F.);
#2663=ORIENTED_EDGE('',*,*,#4006,.F.);
#2664=ORIENTED_EDGE('',*,*,#4007,.F.);
#2665=ORIENTED_EDGE('',*,*,#4008,.F.);
#2666=ORIENTED_EDGE('',*,*,#4009,.F.);
#2667=ORIENTED_EDGE('',*,*,#4010,.F.);
#2668=ORIENTED_EDGE('',*,*,#4011,.F.);
#2669=ORIENTED_EDGE('',*,*,#4012,.F.);
#2670=ORIENTED_EDGE('',*,*,#4013,.F.);
#2671=ORIENTED_EDGE('',*,*,#4014,.F.);
#2672=ORIENTED_EDGE('',*,*,#4015,.F.);
#2673=ORIENTED_EDGE('',*,*,#4016,.F.);
#2674=ORIENTED_EDGE('',*,*,#4017,.F.);
#2675=ORIENTED_EDGE('',*,*,#4018,.F.);
#2676=ORIENTED_EDGE('',*,*,#4019,.F.);
#2677=ORIENTED_EDGE('',*,*,#4020,.F.);
#2678=ORIENTED_EDGE('',*,*,#4021,.F.);
#2679=ORIENTED_EDGE('',*,*,#4022,.F.);
#2680=ORIENTED_EDGE('',*,*,#4023,.F.);
#2681=ORIENTED_EDGE('',*,*,#4024,.F.);
#2682=ORIENTED_EDGE('',*,*,#4025,.F.);
#2683=ORIENTED_EDGE('',*,*,#4026,.F.);
#2684=ORIENTED_EDGE('',*,*,#4027,.F.);
#2685=ORIENTED_EDGE('',*,*,#4028,.F.);
#2686=ORIENTED_EDGE('',*,*,#4029,.F.);
#2687=ORIENTED_EDGE('',*,*,#4030,.F.);
#2688=ORIENTED_EDGE('',*,*,#4031,.F.);
#2689=ORIENTED_EDGE('',*,*,#4032,.F.);
#2690=ORIENTED_EDGE('',*,*,#4033,.F.);
#2691=ORIENTED_EDGE('',*,*,#4034,.F.);
#2692=ORIENTED_EDGE('',*,*,#4035,.F.);
#2693=ORIENTED_EDGE('',*,*,#4036,.F.);
#2694=ORIENTED_EDGE('',*,*,#4037,.F.);
#2695=ORIENTED_EDGE('',*,*,#4038,.F.);
#2696=ORIENTED_EDGE('',*,*,#4039,.F.);
#2697=ORIENTED_EDGE('',*,*,#4040,.F.);
#2698=ORIENTED_EDGE('',*,*,#4041,.F.);
#2699=ORIENTED_EDGE('',*,*,#4042,.F.);
#2700=ORIENTED_EDGE('',*,*,#4043,.F.);
#2701=ORIENTED_EDGE('',*,*,#4044,.F.);
#2702=ORIENTED_EDGE('',*,*,#4045,.F.);
#2703=ORIENTED_EDGE('',*,*,#4046,.F.);
#2704=ORIENTED_EDGE('',*,*,#4047,.F.);
#2705=ORIENTED_EDGE('',*,*,#4048,.F.);
#2706=ORIENTED_EDGE('',*,*,#4049,.F.);
#2707=ORIENTED_EDGE('',*,*,#4050,.F.);
#2708=ORIENTED_EDGE('',*,*,#4051,.F.);
#2709=ORIENTED_EDGE('',*,*,#4052,.F.);
#2710=ORIENTED_EDGE('',*,*,#4053,.F.);
#2711=ORIENTED_EDGE('',*,*,#4054,.F.);
#2712=ORIENTED_EDGE('',*,*,#4055,.F.);
#2713=ORIENTED_EDGE('',*,*,#4056,.F.);
#2714=ORIENTED_EDGE('',*,*,#4057,.F.);
#2715=ORIENTED_EDGE('',*,*,#4058,.F.);
#2716=ORIENTED_EDGE('',*,*,#4059,.F.);
#2717=ORIENTED_EDGE('',*,*,#4060,.F.);
#2718=ORIENTED_EDGE('',*,*,#4061,.F.);
#2719=ORIENTED_EDGE('',*,*,#4062,.F.);
#2720=ORIENTED_EDGE('',*,*,#4063,.F.);
#2721=ORIENTED_EDGE('',*,*,#4064,.F.);
#2722=ORIENTED_EDGE('',*,*,#4065,.F.);
#2723=ORIENTED_EDGE('',*,*,#4066,.F.);
#2724=ORIENTED_EDGE('',*,*,#4067,.F.);
#2725=ORIENTED_EDGE('',*,*,#4068,.F.);
#2726=ORIENTED_EDGE('',*,*,#4069,.F.);
#2727=ORIENTED_EDGE('',*,*,#4070,.F.);
#2728=ORIENTED_EDGE('',*,*,#4071,.F.);
#2729=ORIENTED_EDGE('',*,*,#4072,.F.);
#2730=ORIENTED_EDGE('',*,*,#4073,.F.);
#2731=ORIENTED_EDGE('',*,*,#4074,.F.);
#2732=ORIENTED_EDGE('',*,*,#4075,.F.);
#2733=ORIENTED_EDGE('',*,*,#4076,.F.);
#2734=ORIENTED_EDGE('',*,*,#4077,.F.);
#2735=ORIENTED_EDGE('',*,*,#4078,.F.);
#2736=ORIENTED_EDGE('',*,*,#4079,.F.);
#2737=ORIENTED_EDGE('',*,*,#4080,.F.);
#2738=ORIENTED_EDGE('',*,*,#4081,.F.);
#2739=ORIENTED_EDGE('',*,*,#4082,.F.);
#2740=ORIENTED_EDGE('',*,*,#4083,.F.);
#2741=ORIENTED_EDGE('',*,*,#4084,.F.);
#2742=ORIENTED_EDGE('',*,*,#4085,.F.);
#2743=ORIENTED_EDGE('',*,*,#4086,.F.);
#2744=CARTESIAN_POINT('',(-0.0071914,0.0502189,0.015));
#2745=DIRECTION('',(0.0,0.0,-1.0));
#2746=DIRECTION('',(-1.0,0.0,0.0));
#2747=ORIENTED_EDGE('',*,*,#3980,.T.);
#2748=ORIENTED_EDGE('',*,*,#4087,.T.);
#2749=ORIENTED_EDGE('',*,*,#3990,.F.);
#2750=ORIENTED_EDGE('',*,*,#4005,.T.);
#2751=ORIENTED_EDGE('',*,*,#4088,.F.);
#2752=ORIENTED_EDGE('',*,*,#4089,.T.);
#2753=ORIENTED_EDGE('',*,*,#3994,.F.);
#2754=ORIENTED_EDGE('',*,*,#4090,.T.);
#2755=CARTESIAN_POINT('',(0.0053086,0.0325218436697159,0.0));
#2756=CARTESIAN_POINT('',(0.0053086,0.0394801291131439,0.0));
#2757=CARTESIAN_POINT('',(0.0053086,0.046438414556572,0.0));
#2758=CARTESIAN_POINT('',(0.0053086,0.0533967,0.0));
#2759=CARTESIAN_POINT('',(0.0053086,0.0590453333333333,0.0));
#2760=CARTESIAN_POINT('',(0.0053086,0.0646939666666667,0.0));
#2761=CARTESIAN_POINT('',(0.0053086,0.0703426,0.0));
#2762=CARTESIAN_POINT('',(0.0053086,0.0773008854434281,0.0));
#2763=CARTESIAN_POINT('',(0.0053086,0.0842591708868561,0.0));
#2764=CARTESIAN_POINT('',(0.0053086,0.0912174563302841,0.0));
#2765=DIRECTION('',(-0.0,-0.0,1.0));
#2766=ORIENTED_EDGE('',*,*,#4091,.T.);
#2767=ORIENTED_EDGE('',*,*,#3985,.T.);
#2768=ORIENTED_EDGE('',*,*,#3988,.F.);
#2769=ORIENTED_EDGE('',*,*,#4086,.T.);
#2770=ORIENTED_EDGE('',*,*,#4092,.F.);
#2771=ORIENTED_EDGE('',*,*,#4093,.T.);
#2772=ORIENTED_EDGE('',*,*,#4000,.F.);
#2773=ORIENTED_EDGE('',*,*,#4094,.T.);
#2774=CARTESIAN_POINT('',(-0.0121914,0.0266910568840235,0.0));
#2775=CARTESIAN_POINT('',(-0.0121914,0.0345336712560156,0.0));
#2776=CARTESIAN_POINT('',(-0.0121914,0.0423762856280078,0.0));
#2777=CARTESIAN_POINT('',(-0.0121914,0.0502189,0.0));
#2778=CARTESIAN_POINT('',(-0.0121914,0.0569268,0.0));
#2779=CARTESIAN_POINT('',(-0.0121914,0.0636347,0.0));
#2780=CARTESIAN_POINT('',(-0.0121914,0.0703426,0.0));
#2781=CARTESIAN_POINT('',(-0.0121914,0.0781852143719922,0.0));
#2782=CARTESIAN_POINT('',(-0.0121914,0.0860278287439844,0.0));
#2783=CARTESIAN_POINT('',(-0.0121914,0.0938704431159765,0.0));
#2784=DIRECTION('',(-0.0,-0.0,1.0));
#2785=ORIENTED_EDGE('',*,*,#3992,.F.);
#2786=ORIENTED_EDGE('',*,*,#4095,.F.);
#2787=ORIENTED_EDGE('',*,*,#3996,.F.);
#2788=ORIENTED_EDGE('',*,*,#4096,.T.);
#2789=ORIENTED_EDGE('',*,*,#4097,.F.);
#2790=ORIENTED_EDGE('',*,*,#4006,.T.);
#2791=ORIENTED_EDGE('',*,*,#3978,.T.);
#2792=ORIENTED_EDGE('',*,*,#4098,.T.);
#2793=CARTESIAN_POINT('',(-0.0071914,0.10223733,0.0));
#2794=CARTESIAN_POINT('',(-0.0071914,0.0916057533333335,0.0));
#2795=CARTESIAN_POINT('',(-0.0071914,0.0809741766666668,0.0));
#2796=CARTESIAN_POINT('',(-0.0071914,0.0703426,0.0));
#2797=CARTESIAN_POINT('',(-0.0071914,0.0636347,0.0));
#2798=CARTESIAN_POINT('',(-0.0071914,0.0569268,0.0));
#2799=CARTESIAN_POINT('',(-0.0071914,0.0502189,0.0));
#2800=CARTESIAN_POINT('',(-0.0071914,0.0423762856280078,0.0));
#2801=CARTESIAN_POINT('',(-0.0071914,0.0345336712560156,0.0));
#2802=CARTESIAN_POINT('',(-0.0071914,0.0266910568840235,0.0));
#2803=DIRECTION('',(-0.0,-0.0,1.0));
#2804=ORIENTED_EDGE('',*,*,#4007,.T.);
#2805=ORIENTED_EDGE('',*,*,#4097,.T.);
#2806=ORIENTED_EDGE('',*,*,#4099,.T.);
#2807=ORIENTED_EDGE('',*,*,#4100,.T.);
#2808=ORIENTED_EDGE('',*,*,#4085,.T.);
#2809=ORIENTED_EDGE('',*,*,#4101,.T.);
#2810=ORIENTED_EDGE('',*,*,#4102,.T.);
#2811=ORIENTED_EDGE('',*,*,#4092,.T.);
#2812=ORIENTED_EDGE('',*,*,#4101,.F.);
#2813=ORIENTED_EDGE('',*,*,#4084,.T.);
#2814=ORIENTED_EDGE('',*,*,#4083,.T.);
#2815=ORIENTED_EDGE('',*,*,#4082,.T.);
#2816=ORIENTED_EDGE('',*,*,#4081,.T.);
#2817=ORIENTED_EDGE('',*,*,#4080,.T.);
#2818=ORIENTED_EDGE('',*,*,#4079,.T.);
#2819=ORIENTED_EDGE('',*,*,#4078,.T.);
#2820=ORIENTED_EDGE('',*,*,#4077,.T.);
#2821=ORIENTED_EDGE('',*,*,#4076,.T.);
#2822=ORIENTED_EDGE('',*,*,#4075,.T.);
#2823=ORIENTED_EDGE('',*,*,#4074,.T.);
#2824=ORIENTED_EDGE('',*,*,#4073,.T.);
#2825=ORIENTED_EDGE('',*,*,#4072,.T.);
#2826=ORIENTED_EDGE('',*,*,#4071,.T.);
#2827=ORIENTED_EDGE('',*,*,#4070,.T.);
#2828=ORIENTED_EDGE('',*,*,#4069,.T.);
#2829=ORIENTED_EDGE('',*,*,#4068,.T.);
#2830=ORIENTED_EDGE('',*,*,#4067,.T.);
#2831=ORIENTED_EDGE('',*,*,#4066,.T.);
#2832=ORIENTED_EDGE('',*,*,#4065,.T.);
#2833=ORIENTED_EDGE('',*,*,#4064,.T.);
#2834=ORIENTED_EDGE('',*,*,#4063,.T.);
#2835=ORIENTED_EDGE('',*,*,#4062,.T.);
#2836=ORIENTED_EDGE('',*,*,#4061,.T.);
#2837=ORIENTED_EDGE('',*,*,#4060,.T.);
#2838=ORIENTED_EDGE('',*,*,#4059,.T.);
#2839=ORIENTED_EDGE('',*,*,#4058,.T.);
#2840=ORIENTED_EDGE('',*,*,#4057,.T.);
#2841=ORIENTED_EDGE('',*,*,#4056,.T.);
#2842=ORIENTED_EDGE('',*,*,#4055,.T.);
#2843=ORIENTED_EDGE('',*,*,#4054,.T.);
#2844=ORIENTED_EDGE('',*,*,#4053,.T.);
#2845=ORIENTED_EDGE('',*,*,#4052,.T.);
#2846=ORIENTED_EDGE('',*,*,#4051,.T.);
#2847=ORIENTED_EDGE('',*,*,#4050,.T.);
#2848=ORIENTED_EDGE('',*,*,#4049,.T.);
#2849=ORIENTED_EDGE('',*,*,#4048,.T.);
#2850=ORIENTED_EDGE('',*,*,#4047,.T.);
#2851=ORIENTED_EDGE('',*,*,#4103,.F.);
#2852=ORIENTED_EDGE('',*,*,#4104,.T.);
#2853=ORIENTED_EDGE('',*,*,#4105,.T.);
#2854=ORIENTED_EDGE('',*,*,#4106,.T.);
#2855=ORIENTED_EDGE('',*,*,#4107,.T.);
#2856=ORIENTED_EDGE('',*,*,#4108,.T.);
#2857=ORIENTED_EDGE('',*,*,#4109,.T.);
#2858=ORIENTED_EDGE('',*,*,#4110,.T.);
#2859=ORIENTED_EDGE('',*,*,#4111,.T.);
#2860=ORIENTED_EDGE('',*,*,#4112,.T.);
#2861=ORIENTED_EDGE('',*,*,#4113,.T.);
#2862=ORIENTED_EDGE('',*,*,#4114,.T.);
#2863=ORIENTED_EDGE('',*,*,#4115,.T.);
#2864=ORIENTED_EDGE('',*,*,#4116,.T.);
#2865=ORIENTED_EDGE('',*,*,#4117,.T.);
#2866=ORIENTED_EDGE('',*,*,#4118,.T.);
#2867=ORIENTED_EDGE('',*,*,#4119,.T.);
#2868=ORIENTED_EDGE('',*,*,#4120,.T.);
#2869=ORIENTED_EDGE('',*,*,#4121,.T.);
#2870=ORIENTED_EDGE('',*,*,#4122,.T.);
#2871=ORIENTED_EDGE('',*,*,#4123,.T.);
#2872=ORIENTED_EDGE('',*,*,#4124,.T.);
#2873=ORIENTED_EDGE('',*,*,#4125,.T.);
#2874=ORIENTED_EDGE('',*,*,#4126,.T.);
#2875=ORIENTED_EDGE('',*,*,#4127,.T.);
#2876=ORIENTED_EDGE('',*,*,#4128,.T.);
#2877=ORIENTED_EDGE('',*,*,#4129,.T.);
#2878=ORIENTED_EDGE('',*,*,#4130,.T.);
#2879=ORIENTED_EDGE('',*,*,#4131,.T.);
#2880=ORIENTED_EDGE('',*,*,#4132,.T.);
#2881=ORIENTED_EDGE('',*,*,#4133,.T.);
#2882=ORIENTED_EDGE('',*,*,#4134,.T.);
#2883=ORIENTED_EDGE('',*,*,#4135,.T.);
#2884=ORIENTED_EDGE('',*,*,#4136,.T.);
#2885=ORIENTED_EDGE('',*,*,#4137,.T.);
#2886=ORIENTED_EDGE('',*,*,#4138,.T.);
#2887=ORIENTED_EDGE('',*,*,#4139,.T.);
#2888=ORIENTED_EDGE('',*,*,#4140,.T.);
#2889=ORIENTED_EDGE('',*,*,#4141,.T.);
#2890=ORIENTED_EDGE('',*,*,#4100,.F.);
#2891=ORIENTED_EDGE('',*,*,#4142,.T.);
#2892=ORIENTED_EDGE('',*,*,#4143,.T.);
#2893=ORIENTED_EDGE('',*,*,#4144,.T.);
#2894=ORIENTED_EDGE('',*,*,#4145,.T.);
#2895=ORIENTED_EDGE('',*,*,#4146,.T.);
#2896=ORIENTED_EDGE('',*,*,#4147,.T.);
#2897=ORIENTED_EDGE('',*,*,#4148,.T.);
#2898=ORIENTED_EDGE('',*,*,#4149,.T.);
#2899=ORIENTED_EDGE('',*,*,#4150,.T.);
#2900=ORIENTED_EDGE('',*,*,#4151,.T.);
#2901=ORIENTED_EDGE('',*,*,#4152,.T.);
#2902=ORIENTED_EDGE('',*,*,#4153,.T.);
#2903=ORIENTED_EDGE('',*,*,#4154,.T.);
#2904=ORIENTED_EDGE('',*,*,#4155,.T.);
#2905=ORIENTED_EDGE('',*,*,#4156,.T.);
#2906=ORIENTED_EDGE('',*,*,#4157,.T.);
#2907=ORIENTED_EDGE('',*,*,#4158,.T.);
#2908=ORIENTED_EDGE('',*,*,#4159,.T.);
#2909=ORIENTED_EDGE('',*,*,#4160,.T.);
#2910=ORIENTED_EDGE('',*,*,#4161,.T.);
#2911=ORIENTED_EDGE('',*,*,#4162,.T.);
#2912=ORIENTED_EDGE('',*,*,#4163,.T.);
#2913=ORIENTED_EDGE('',*,*,#4164,.T.);
#2914=ORIENTED_EDGE('',*,*,#4165,.T.);
#2915=ORIENTED_EDGE('',*,*,#4166,.T.);
#2916=ORIENTED_EDGE('',*,*,#4167,.T.);
#2917=ORIENTED_EDGE('',*,*,#4168,.T.);
#2918=ORIENTED_EDGE('',*,*,#4169,.T.);
#2919=ORIENTED_EDGE('',*,*,#4170,.T.);
#2920=ORIENTED_EDGE('',*,*,#4171,.T.);
#2921=ORIENTED_EDGE('',*,*,#4172,.T.);
#2922=ORIENTED_EDGE('',*,*,#4173,.T.);
#2923=ORIENTED_EDGE('',*,*,#4174,.T.);
#2924=ORIENTED_EDGE('',*,*,#4175,.T.);
#2925=ORIENTED_EDGE('',*,*,#4176,.T.);
#2926=ORIENTED_EDGE('',*,*,#4177,.T.);
#2927=ORIENTED_EDGE('',*,*,#4178,.T.);
#2928=ORIENTED_EDGE('',*,*,#4179,.T.);
#2929=ORIENTED_EDGE('',*,*,#4180,.T.);
#2930=ORIENTED_EDGE('',*,*,#4045,.T.);
#2931=ORIENTED_EDGE('',*,*,#4044,.T.);
#2932=ORIENTED_EDGE('',*,*,#4043,.T.);
#2933=ORIENTED_EDGE('',*,*,#4042,.T.);
#2934=ORIENTED_EDGE('',*,*,#4041,.T.);
#2935=ORIENTED_EDGE('',*,*,#4040,.T.);
#2936=ORIENTED_EDGE('',*,*,#4039,.T.);
#2937=ORIENTED_EDGE('',*,*,#4038,.T.);
#2938=ORIENTED_EDGE('',*,*,#4037,.T.);
#2939=ORIENTED_EDGE('',*,*,#4036,.T.);
#2940=ORIENTED_EDGE('',*,*,#4035,.T.);
#2941=ORIENTED_EDGE('',*,*,#4034,.T.);
#2942=ORIENTED_EDGE('',*,*,#4033,.T.);
#2943=ORIENTED_EDGE('',*,*,#4032,.T.);
#2944=ORIENTED_EDGE('',*,*,#4031,.T.);
#2945=ORIENTED_EDGE('',*,*,#4030,.T.);
#2946=ORIENTED_EDGE('',*,*,#4029,.T.);
#2947=ORIENTED_EDGE('',*,*,#4028,.T.);
#2948=ORIENTED_EDGE('',*,*,#4027,.T.);
#2949=ORIENTED_EDGE('',*,*,#4026,.T.);
#2950=ORIENTED_EDGE('',*,*,#4025,.T.);
#2951=ORIENTED_EDGE('',*,*,#4024,.T.);
#2952=ORIENTED_EDGE('',*,*,#4023,.T.);
#2953=ORIENTED_EDGE('',*,*,#4022,.T.);
#2954=ORIENTED_EDGE('',*,*,#4021,.T.);
#2955=ORIENTED_EDGE('',*,*,#4020,.T.);
#2956=ORIENTED_EDGE('',*,*,#4019,.T.);
#2957=ORIENTED_EDGE('',*,*,#4018,.T.);
#2958=ORIENTED_EDGE('',*,*,#4017,.T.);
#2959=ORIENTED_EDGE('',*,*,#4016,.T.);
#2960=ORIENTED_EDGE('',*,*,#4015,.T.);
#2961=ORIENTED_EDGE('',*,*,#4014,.T.);
#2962=ORIENTED_EDGE('',*,*,#4013,.T.);
#2963=ORIENTED_EDGE('',*,*,#4012,.T.);
#2964=ORIENTED_EDGE('',*,*,#4011,.T.);
#2965=ORIENTED_EDGE('',*,*,#4010,.T.);
#2966=ORIENTED_EDGE('',*,*,#4009,.T.);
#2967=ORIENTED_EDGE('',*,*,#4008,.T.);
#2968=ORIENTED_EDGE('',*,*,#3981,.T.);
#2969=ORIENTED_EDGE('',*,*,#4091,.F.);
#2970=ORIENTED_EDGE('',*,*,#3984,.T.);
#2971=ORIENTED_EDGE('',*,*,#4181,.F.);
#2972=CARTESIAN_POINT('',(0.0053086,0.0622343000000001,0.00749999999999995));
#2973=DIRECTION('',(-1.0,0.0,0.0));
#2974=DIRECTION('',(0.0,1.0,0.0));
#2975=ORIENTED_EDGE('',*,*,#3977,.T.);
#2976=ORIENTED_EDGE('',*,*,#4087,.F.);
#2977=ORIENTED_EDGE('',*,*,#3979,.T.);
#2978=ORIENTED_EDGE('',*,*,#4098,.F.);
#2979=CARTESIAN_POINT('',(0.0053086,0.0622343000000001,0.00749999999999995));
#2980=DIRECTION('',(-1.0,0.0,0.0));
#2981=DIRECTION('',(0.0,1.0,0.0));
#2982=ORIENTED_EDGE('',*,*,#3991,.F.);
#2983=ORIENTED_EDGE('',*,*,#4090,.F.);
#2984=ORIENTED_EDGE('',*,*,#3997,.F.);
#2985=ORIENTED_EDGE('',*,*,#4095,.T.);
#2986=CARTESIAN_POINT('',(0.0383085999999999,0.0703426,0.0));
#2987=CARTESIAN_POINT('',(0.0273086,0.0703426,0.0));
#2988=CARTESIAN_POINT('',(0.0163086,0.0703426,0.0));
#2989=CARTESIAN_POINT('',(0.0053086,0.0703426,0.0));
#2990=CARTESIAN_POINT('',(0.00114193333333333,0.0703426,0.0));
#2991=CARTESIAN_POINT('',(-0.00302473333333333,0.0703426,0.0));
#2992=CARTESIAN_POINT('',(-0.0071914,0.0703426,0.0));
#2993=CARTESIAN_POINT('',(-0.0293851248388418,0.0703426,0.0));
#2994=CARTESIAN_POINT('',(-0.0515788496776837,0.0703426,0.0));
#2995=CARTESIAN_POINT('',(-0.0737725745165255,0.0703426,0.0));
#2996=DIRECTION('',(-0.0,-0.0,1.0));
#2997=ORIENTED_EDGE('',*,*,#4088,.T.);
#2998=ORIENTED_EDGE('',*,*,#4004,.T.);
#2999=ORIENTED_EDGE('',*,*,#4182,.F.);
#3000=ORIENTED_EDGE('',*,*,#4183,.T.);
#3001=CARTESIAN_POINT('',(0.01656617,0.0437742525,0.0));
#3002=CARTESIAN_POINT('',(0.01337298,0.045943535,0.0));
#3003=CARTESIAN_POINT('',(0.01017979,0.0481128175,0.0));
#3004=CARTESIAN_POINT('',(0.0069866,0.0502821,0.0));
#3005=CARTESIAN_POINT('',(0.0053278,0.051409,0.0));
#3006=CARTESIAN_POINT('',(0.0053553,0.0512972,0.0));
#3007=CARTESIAN_POINT('',(0.0053086,0.0533967,0.0));
#3008=CARTESIAN_POINT('',(0.0052187025,0.0574382375,0.0));
#3009=CARTESIAN_POINT('',(0.005128805,0.0614797750000001,0.0));
#3010=CARTESIAN_POINT('',(0.0050389075,0.0655213125000001,0.0));
#3011=DIRECTION('',(-0.0,-0.0,1.0));
#3012=ORIENTED_EDGE('',*,*,#4182,.T.);
#3013=ORIENTED_EDGE('',*,*,#4003,.T.);
#3014=ORIENTED_EDGE('',*,*,#4184,.F.);
#3015=ORIENTED_EDGE('',*,*,#4185,.T.);
#3016=CARTESIAN_POINT('',(0.0471212541240084,0.0928722333754301,0.0));
#3017=CARTESIAN_POINT('',(0.0231837027493389,0.0790241889169534,0.0));
#3018=CARTESIAN_POINT('',(-0.000753848625330542,0.0651761444584767,0.0));
#3019=CARTESIAN_POINT('',(-0.0246914,0.0513281,0.0));
#3020=CARTESIAN_POINT('',(-0.0336581,0.0461408,0.0));
#3021=CARTESIAN_POINT('',(-0.0396914,0.0364466,0.0));
#3022=CARTESIAN_POINT('',(-0.0396914,0.0253426,0.0));
#3023=CARTESIAN_POINT('',(-0.0396914,0.0087741,0.0));
#3024=CARTESIAN_POINT('',(-0.0262599,-0.0046574,0.0));
#3025=CARTESIAN_POINT('',(-0.0096914,-0.0046574,0.0));
#3026=CARTESIAN_POINT('',(0.0068771,-0.0046574,0.0));
#3027=CARTESIAN_POINT('',(0.0203086,0.0087741,0.0));
#3028=CARTESIAN_POINT('',(0.0203086,0.0253426,0.0));
#3029=CARTESIAN_POINT('',(0.0203086,0.0357389,0.0));
#3030=CARTESIAN_POINT('',(0.0150199,0.0448994,0.0));
#3031=CARTESIAN_POINT('',(0.0069866,0.0502821,0.0));
#3032=CARTESIAN_POINT('',(0.00181477673674068,0.053747472023844,0.0));
#3033=CARTESIAN_POINT('',(-0.00335704652651865,0.057212844047688,0.0));
#3034=CARTESIAN_POINT('',(-0.00852886978977797,0.060678216071532,0.0));
#3035=DIRECTION('',(-0.0,-0.0,1.0));
#3036=ORIENTED_EDGE('',*,*,#3986,.F.);
#3037=ORIENTED_EDGE('',*,*,#4186,.F.);
#3038=ORIENTED_EDGE('',*,*,#3998,.F.);
#3039=ORIENTED_EDGE('',*,*,#4187,.T.);
#3040=ORIENTED_EDGE('',*,*,#4184,.T.);
#3041=ORIENTED_EDGE('',*,*,#4002,.T.);
#3042=ORIENTED_EDGE('',*,*,#3982,.T.);
#3043=ORIENTED_EDGE('',*,*,#4181,.T.);
#3044=ORIENTED_EDGE('',*,*,#3983,.T.);
#3045=CARTESIAN_POINT('',(-0.0365251113892492,0.0881980954788265,0.0));
#3046=CARTESIAN_POINT('',(-0.0314464075928328,0.082246263652551,0.0));
#3047=CARTESIAN_POINT('',(-0.0263677037964164,0.0762944318262755,0.0));
#3048=CARTESIAN_POINT('',(-0.021289,0.0703426,0.0));
#3049=CARTESIAN_POINT('',(-0.0194265,0.0681599,0.0));
#3050=CARTESIAN_POINT('',(-0.0183019,0.0653286,0.0));
#3051=CARTESIAN_POINT('',(-0.0183019,0.0622343,0.0));
#3052=CARTESIAN_POINT('',(-0.0183019,0.0575505,0.0));
#3053=CARTESIAN_POINT('',(-0.0208788,0.0534694,0.0));
#3054=CARTESIAN_POINT('',(-0.0246914,0.0513285,0.0));
#3055=CARTESIAN_POINT('',(-0.0315135671141111,0.0474976293147457,0.0));
#3056=CARTESIAN_POINT('',(-0.0383357342282222,0.0436667586294914,0.0));
#3057=CARTESIAN_POINT('',(-0.0451579013423333,0.0398358879442371,0.0));
#3058=DIRECTION('',(-0.0,-0.0,1.0));
#3059=ORIENTED_EDGE('',*,*,#3989,.F.);
#3060=ORIENTED_EDGE('',*,*,#4094,.F.);
#3061=ORIENTED_EDGE('',*,*,#3999,.F.);
#3062=ORIENTED_EDGE('',*,*,#4186,.T.);
#3063=CARTESIAN_POINT('',(0.0543897745165246,0.0703426,0.0));
#3064=CARTESIAN_POINT('',(0.0321960496776831,0.0703426,0.0));
#3065=CARTESIAN_POINT('',(0.0100023248388415,0.0703426,0.0));
#3066=CARTESIAN_POINT('',(-0.0121914,0.0703426,0.0));
#3067=CARTESIAN_POINT('',(-0.0152239333333333,0.0703426,0.0));
#3068=CARTESIAN_POINT('',(-0.0182564666666667,0.0703426,0.0));
#3069=CARTESIAN_POINT('',(-0.021289,0.0703426,0.0));
#3070=CARTESIAN_POINT('',(-0.0347840933333333,0.0703426,0.0));
#3071=CARTESIAN_POINT('',(-0.0482791866666666,0.0703426,0.0));
#3072=CARTESIAN_POINT('',(-0.0617742799999999,0.0703426,0.0));
#3073=DIRECTION('',(-0.0,-0.0,1.0));
#3074=ORIENTED_EDGE('',*,*,#4103,.T.);
#3075=ORIENTED_EDGE('',*,*,#4046,.T.);
#3076=ORIENTED_EDGE('',*,*,#4180,.F.);
#3077=ORIENTED_EDGE('',*,*,#4188,.T.);
#3078=CARTESIAN_POINT('',(-0.0493522483912417,0.0864032513170772,0.0));
#3079=CARTESIAN_POINT('',(-0.0311319655941612,0.0727167342113848,0.0));
#3080=CARTESIAN_POINT('',(-0.0129116827970806,0.0590302171056924,0.0));
#3081=CARTESIAN_POINT('',(0.0053086,0.0453437,0.0));
#3082=CARTESIAN_POINT('',(0.0113806,0.0407826,0.0));
#3083=CARTESIAN_POINT('',(0.0153086,0.0335215,0.0));
#3084=CARTESIAN_POINT('',(0.0153086,0.0253426,0.0));
#3085=CARTESIAN_POINT('',(0.0153086,0.0115355,0.0));
#3086=CARTESIAN_POINT('',(0.0041157,0.0003426,0.0));
#3087=CARTESIAN_POINT('',(-0.0096914,0.0003426,0.0));
#3088=CARTESIAN_POINT('',(-0.0234985,0.0003426,0.0));
#3089=CARTESIAN_POINT('',(-0.0346914,0.0115355,0.0));
#3090=CARTESIAN_POINT('',(-0.0346914,0.0253426,0.0));
#3091=CARTESIAN_POINT('',(-0.0346914,0.0335216,0.0));
#3092=CARTESIAN_POINT('',(-0.0307637,0.0407829,0.0));
#3093=CARTESIAN_POINT('',(-0.0246914,0.0453437,0.0));
#3094=CARTESIAN_POINT('',(-0.0196911175961809,0.0490993260374715,0.0));
#3095=CARTESIAN_POINT('',(-0.0146908351923619,0.052854952074943,0.0));
#3096=CARTESIAN_POINT('',(-0.00969055278854279,0.0566105781124144,0.0));
#3097=DIRECTION('',(-0.0,-0.0,1.0));
#3098=ORIENTED_EDGE('',*,*,#3995,.F.);
#3099=ORIENTED_EDGE('',*,*,#4089,.F.);
#3100=ORIENTED_EDGE('',*,*,#4183,.F.);
#3101=ORIENTED_EDGE('',*,*,#4185,.F.);
#3102=ORIENTED_EDGE('',*,*,#4187,.F.);
#3103=ORIENTED_EDGE('',*,*,#4001,.F.);
#3104=ORIENTED_EDGE('',*,*,#4093,.F.);
#3105=ORIENTED_EDGE('',*,*,#4102,.F.);
#3106=ORIENTED_EDGE('',*,*,#4141,.F.);
#3107=ORIENTED_EDGE('',*,*,#4140,.F.);
#3108=ORIENTED_EDGE('',*,*,#4139,.F.);
#3109=ORIENTED_EDGE('',*,*,#4138,.F.);
#3110=ORIENTED_EDGE('',*,*,#4137,.F.);
#3111=ORIENTED_EDGE('',*,*,#4136,.F.);
#3112=ORIENTED_EDGE('',*,*,#4135,.F.);
#3113=ORIENTED_EDGE('',*,*,#4134,.F.);
#3114=ORIENTED_EDGE('',*,*,#4133,.F.);
#3115=ORIENTED_EDGE('',*,*,#4132,.F.);
#3116=ORIENTED_EDGE('',*,*,#4131,.F.);
#3117=ORIENTED_EDGE('',*,*,#4130,.F.);
#3118=ORIENTED_EDGE('',*,*,#4129,.F.);
#3119=ORIENTED_EDGE('',*,*,#4128,.F.);
#3120=ORIENTED_EDGE('',*,*,#4127,.F.);
#3121=ORIENTED_EDGE('',*,*,#4126,.F.);
#3122=ORIENTED_EDGE('',*,*,#4125,.F.);
#3123=ORIENTED_EDGE('',*,*,#4124,.F.);
#3124=ORIENTED_EDGE('',*,*,#4123,.F.);
#3125=ORIENTED_EDGE('',*,*,#4122,.F.);
#3126=ORIENTED_EDGE('',*,*,#4121,.F.);
#3127=ORIENTED_EDGE('',*,*,#4120,.F.);
#3128=ORIENTED_EDGE('',*,*,#4119,.F.);
#3129=ORIENTED_EDGE('',*,*,#4118,.F.);
#3130=ORIENTED_EDGE('',*,*,#4117,.F.);
#3131=ORIENTED_EDGE('',*,*,#4116,.F.);
#3132=ORIENTED_EDGE('',*,*,#4115,.F.);
#3133=ORIENTED_EDGE('',*,*,#4114,.F.);
#3134=ORIENTED_EDGE('',*,*,#4113,.F.);
#3135=ORIENTED_EDGE('',*,*,#4112,.F.);
#3136=ORIENTED_EDGE('',*,*,#4111,.F.);
#3137=ORIENTED_EDGE('',*,*,#4110,.F.);
#3138=ORIENTED_EDGE('',*,*,#4109,.F.);
#3139=ORIENTED_EDGE('',*,*,#4108,.F.);
#3140=ORIENTED_EDGE('',*,*,#4107,.F.);
#3141=ORIENTED_EDGE('',*,*,#4106,.F.);
#3142=ORIENTED_EDGE('',*,*,#4105,.F.);
#3143=ORIENTED_EDGE('',*,*,#4104,.F.);
#3144=ORIENTED_EDGE('',*,*,#4188,.F.);
#3145=ORIENTED_EDGE('',*,*,#4179,.F.);
#3146=ORIENTED_EDGE('',*,*,#4178,.F.);
#3147=ORIENTED_EDGE('',*,*,#4177,.F.);
#3148=ORIENTED_EDGE('',*,*,#4176,.F.);
#3149=ORIENTED_EDGE('',*,*,#4175,.F.);
#3150=ORIENTED_EDGE('',*,*,#4174,.F.);
#3151=ORIENTED_EDGE('',*,*,#4173,.F.);
#3152=ORIENTED_EDGE('',*,*,#4172,.F.);
#3153=ORIENTED_EDGE('',*,*,#4171,.F.);
#3154=ORIENTED_EDGE('',*,*,#4170,.F.);
#3155=ORIENTED_EDGE('',*,*,#4169,.F.);
#3156=ORIENTED_EDGE('',*,*,#4168,.F.);
#3157=ORIENTED_EDGE('',*,*,#4167,.F.);
#3158=ORIENTED_EDGE('',*,*,#4166,.F.);
#3159=ORIENTED_EDGE('',*,*,#4165,.F.);
#3160=ORIENTED_EDGE('',*,*,#4164,.F.);
#3161=ORIENTED_EDGE('',*,*,#4163,.F.);
#3162=ORIENTED_EDGE('',*,*,#4162,.F.);
#3163=ORIENTED_EDGE('',*,*,#4161,.F.);
#3164=ORIENTED_EDGE('',*,*,#4160,.F.);
#3165=ORIENTED_EDGE('',*,*,#4159,.F.);
#3166=ORIENTED_EDGE('',*,*,#4158,.F.);
#3167=ORIENTED_EDGE('',*,*,#4157,.F.);
#3168=ORIENTED_EDGE('',*,*,#4156,.F.);
#3169=ORIENTED_EDGE('',*,*,#4155,.F.);
#3170=ORIENTED_EDGE('',*,*,#4154,.F.);
#3171=ORIENTED_EDGE('',*,*,#4153,.F.);
#3172=ORIENTED_EDGE('',*,*,#4152,.F.);
#3173=ORIENTED_EDGE('',*,*,#4151,.F.);
#3174=ORIENTED_EDGE('',*,*,#4150,.F.);
#3175=ORIENTED_EDGE('',*,*,#4149,.F.);
#3176=ORIENTED_EDGE('',*,*,#4148,.F.);
#3177=ORIENTED_EDGE('',*,*,#4147,.F.);
#3178=ORIENTED_EDGE('',*,*,#4146,.F.);
#3179=ORIENTED_EDGE('',*,*,#4145,.F.);
#3180=ORIENTED_EDGE('',*,*,#4144,.F.);
#3181=ORIENTED_EDGE('',*,*,#4143,.F.);
#3182=ORIENTED_EDGE('',*,*,#4142,.F.);
#3183=ORIENTED_EDGE('',*,*,#4099,.F.);
#3184=ORIENTED_EDGE('',*,*,#4096,.F.);
#3185=CARTESIAN_POINT('',(-0.0071914,0.0502189,0.0));
#3186=DIRECTION('',(0.0,0.0,-1.0));
#3187=DIRECTION('',(-1.0,0.0,0.0));
#3188=FILL_AREA_STYLE_COLOUR('',#4189);
#3189=ORIENTED_EDGE('',*,*,#4190,.F.);
#3190=ORIENTED_EDGE('',*,*,#4191,.F.);
#3191=ORIENTED_EDGE('',*,*,#4192,.T.);
#3192=ORIENTED_EDGE('',*,*,#4193,.F.);
#3193=CARTESIAN_POINT('',(0.0078386,0.0526393702638552,0.00468267443158565));
#3194=DIRECTION('',(1.0,0.0,-0.0));
#3195=DIRECTION('',(0.0,0.959492973614497,0.28173255684143));
#3196=ORIENTED_EDGE('',*,*,#4194,.F.);
#3197=ORIENTED_EDGE('',*,*,#4195,.F.);
#3198=ORIENTED_EDGE('',*,*,#4196,.T.);
#3199=ORIENTED_EDGE('',*,*,#4197,.F.);
#3200=CARTESIAN_POINT('',(0.0078386,0.0556856926605473,-5.74957435426279E-05));
#3201=DIRECTION('',(1.0,0.0,-0.0));
#3202=DIRECTION('',(0.0,0.654860733945285,0.755749574354258));
#3203=ORIENTED_EDGE('',*,*,#4198,.F.);
#3204=ORIENTED_EDGE('',*,*,#4199,.F.);
#3205=ORIENTED_EDGE('',*,*,#4200,.T.);
#3206=ORIENTED_EDGE('',*,*,#4201,.F.);
#3207=CARTESIAN_POINT('',(0.0078386,0.0608111516172673,-0.00239821441880937));
#3208=DIRECTION('',(1.0,0.0,-0.0));
#3209=DIRECTION('',(0.0,0.142314838273285,0.989821441880933));
#3210=ORIENTED_EDGE('',*,*,#4202,.F.);
#3211=ORIENTED_EDGE('',*,*,#4203,.F.);
#3212=ORIENTED_EDGE('',*,*,#4204,.T.);
#3213=ORIENTED_EDGE('',*,*,#4205,.F.);
#3214=ORIENTED_EDGE('',*,*,#4206,.F.);
#3215=CARTESIAN_POINT('',(0.0078386,0.066388450130019,-0.00159631995354523));
#3216=DIRECTION('',(1.0,0.0,0.0));
#3217=DIRECTION('',(0.0,-0.415415013001886,0.909631995354518));
#3218=ORIENTED_EDGE('',*,*,#4207,.F.);
#3219=ORIENTED_EDGE('',*,*,#4208,.F.);
#3220=ORIENTED_EDGE('',*,*,#4209,.T.);
#3221=ORIENTED_EDGE('',*,*,#4210,.F.);
#3222=ORIENTED_EDGE('',*,*,#4211,.F.);
#3223=CARTESIAN_POINT('',(0.0078386,0.0706468353283119,0.00209359182544398));
#3224=DIRECTION('',(1.0,0.0,0.0));
#3225=DIRECTION('',(0.0,-0.841253532831181,0.540640817455598));
#3226=ORIENTED_EDGE('',*,*,#4212,.F.);
#3227=ORIENTED_EDGE('',*,*,#4213,.F.);
#3228=ORIENTED_EDGE('',*,*,#4214,.T.);
#3229=ORIENTED_EDGE('',*,*,#4215,.F.);
#3230=CARTESIAN_POINT('',(0.0078386,0.0722343000000001,0.00749999999999995));
#3231=DIRECTION('',(1.0,0.0,-0.0));
#3232=DIRECTION('',(0.0,-1.0,0.0));
#3233=ORIENTED_EDGE('',*,*,#4216,.F.);
#3234=ORIENTED_EDGE('',*,*,#4217,.F.);
#3235=ORIENTED_EDGE('',*,*,#4218,.T.);
#3236=ORIENTED_EDGE('',*,*,#4219,.F.);
#3237=CARTESIAN_POINT('',(0.0078386,0.0706468353283119,0.0129064081745559));
#3238=DIRECTION('',(1.0,0.0,0.0));
#3239=DIRECTION('',(0.0,-0.841253532831181,-0.540640817455597));
#3240=ORIENTED_EDGE('',*,*,#4220,.F.);
#3241=ORIENTED_EDGE('',*,*,#4221,.F.);
#3242=ORIENTED_EDGE('',*,*,#4222,.T.);
#3243=ORIENTED_EDGE('',*,*,#4223,.F.);
#3244=CARTESIAN_POINT('',(0.0078386,0.066388450130019,0.0165963199535451));
#3245=DIRECTION('',(1.0,0.0,0.0));
#3246=DIRECTION('',(0.0,-0.415415013001886,-0.909631995354519));
#3247=ORIENTED_EDGE('',*,*,#4224,.F.);
#3248=ORIENTED_EDGE('',*,*,#4225,.F.);
#3249=ORIENTED_EDGE('',*,*,#4226,.T.);
#3250=ORIENTED_EDGE('',*,*,#4227,.F.);
#3251=ORIENTED_EDGE('',*,*,#4228,.F.);
#3252=CARTESIAN_POINT('',(0.0078386,0.0608111516172673,0.0173982144188093));
#3253=DIRECTION('',(1.0,0.0,0.0));
#3254=DIRECTION('',(0.0,0.142314838273285,-0.989821441880933));
#3255=ORIENTED_EDGE('',*,*,#4229,.F.);
#3256=ORIENTED_EDGE('',*,*,#4230,.F.);
#3257=ORIENTED_EDGE('',*,*,#4231,.T.);
#3258=ORIENTED_EDGE('',*,*,#4232,.F.);
#3259=ORIENTED_EDGE('',*,*,#4233,.F.);
#3260=CARTESIAN_POINT('',(0.0078386,0.0556856926605473,0.0150574957435425));
#3261=DIRECTION('',(1.0,0.0,0.0));
#3262=DIRECTION('',(0.0,0.654860733945285,-0.755749574354258));
#3263=ORIENTED_EDGE('',*,*,#4234,.F.);
#3264=ORIENTED_EDGE('',*,*,#4235,.F.);
#3265=ORIENTED_EDGE('',*,*,#4236,.T.);
#3266=ORIENTED_EDGE('',*,*,#4237,.F.);
#3267=ORIENTED_EDGE('',*,*,#4238,.F.);
#3268=CARTESIAN_POINT('',(0.0078386,0.0526393702638552,0.0103173255684142));
#3269=DIRECTION('',(1.0,0.0,0.0));
#3270=DIRECTION('',(0.0,0.959492973614497,-0.281732556841429));
#3271=ORIENTED_EDGE('',*,*,#4239,.F.);
#3272=ORIENTED_EDGE('',*,*,#4240,.T.);
#3273=ORIENTED_EDGE('',*,*,#4241,.F.);
#3274=ORIENTED_EDGE('',*,*,#4242,.T.);
#3275=CARTESIAN_POINT('',(0.0268386,0.0706468353283119,0.0129064081745559));
#3276=DIRECTION('',(1.0,-0.0,0.0));
#3277=DIRECTION('',(0.0,0.0,-1.0));
#3278=ORIENTED_EDGE('',*,*,#4243,.F.);
#3279=ORIENTED_EDGE('',*,*,#4244,.T.);
#3280=ORIENTED_EDGE('',*,*,#4245,.T.);
#3281=ORIENTED_EDGE('',*,*,#4246,.T.);
#3282=CARTESIAN_POINT('',(0.0268386,0.066388450130019,0.0165963199535451));
#3283=DIRECTION('',(1.0,-0.0,0.0));
#3284=DIRECTION('',(0.0,0.0,-1.0));
#3285=ORIENTED_EDGE('',*,*,#4247,.F.);
#3286=ORIENTED_EDGE('',*,*,#4248,.T.);
#3287=ORIENTED_EDGE('',*,*,#4249,.T.);
#3288=ORIENTED_EDGE('',*,*,#4250,.T.);
#3289=ORIENTED_EDGE('',*,*,#4228,.T.);
#3290=CARTESIAN_POINT('',(0.0268386,0.0608111516172673,0.0173982144188093));
#3291=DIRECTION('',(1.0,-0.0,0.0));
#3292=DIRECTION('',(0.0,0.0,-1.0));
#3293=ORIENTED_EDGE('',*,*,#4251,.F.);
#3294=ORIENTED_EDGE('',*,*,#4252,.T.);
#3295=ORIENTED_EDGE('',*,*,#4253,.T.);
#3296=ORIENTED_EDGE('',*,*,#4254,.T.);
#3297=ORIENTED_EDGE('',*,*,#4233,.T.);
#3298=CARTESIAN_POINT('',(0.0268386,0.0556856926605473,0.0150574957435425));
#3299=DIRECTION('',(1.0,-0.0,0.0));
#3300=DIRECTION('',(0.0,0.0,-1.0));
#3301=ORIENTED_EDGE('',*,*,#4255,.F.);
#3302=ORIENTED_EDGE('',*,*,#4256,.F.);
#3303=ORIENTED_EDGE('',*,*,#4257,.T.);
#3304=ORIENTED_EDGE('',*,*,#4258,.T.);
#3305=ORIENTED_EDGE('',*,*,#4259,.T.);
#3306=ORIENTED_EDGE('',*,*,#4238,.T.);
#3307=CARTESIAN_POINT('',(0.0268386,0.0526393702638552,0.0103173255684142));
#3308=DIRECTION('',(1.0,-0.0,0.0));
#3309=DIRECTION('',(0.0,0.0,-1.0));
#3310=ORIENTED_EDGE('',*,*,#4260,.F.);
#3311=ORIENTED_EDGE('',*,*,#4261,.T.);
#3312=ORIENTED_EDGE('',*,*,#4193,.T.);
#3313=ORIENTED_EDGE('',*,*,#4262,.F.);
#3314=ORIENTED_EDGE('',*,*,#4263,.T.);
#3315=ORIENTED_EDGE('',*,*,#4264,.T.);
#3316=CARTESIAN_POINT('',(0.0268386,0.0526393702638552,0.00468267443158565));
#3317=DIRECTION('',(1.0,-0.0,0.0));
#3318=DIRECTION('',(0.0,0.0,-1.0));
#3319=ORIENTED_EDGE('',*,*,#4265,.F.);
#3320=ORIENTED_EDGE('',*,*,#4266,.T.);
#3321=ORIENTED_EDGE('',*,*,#4197,.T.);
#3322=ORIENTED_EDGE('',*,*,#4267,.F.);
#3323=ORIENTED_EDGE('',*,*,#4268,.T.);
#3324=CARTESIAN_POINT('',(0.0268386,0.0556856926605473,-5.74957435426279E-05));
#3325=DIRECTION('',(1.0,-0.0,0.0));
#3326=DIRECTION('',(0.0,0.0,-1.0));
#3327=ORIENTED_EDGE('',*,*,#4269,.F.);
#3328=ORIENTED_EDGE('',*,*,#4270,.T.);
#3329=ORIENTED_EDGE('',*,*,#4201,.T.);
#3330=ORIENTED_EDGE('',*,*,#4271,.F.);
#3331=ORIENTED_EDGE('',*,*,#4272,.T.);
#3332=CARTESIAN_POINT('',(0.0268386,0.0608111516172673,-0.00239821441880937));
#3333=DIRECTION('',(1.0,-0.0,0.0));
#3334=DIRECTION('',(0.0,0.0,-1.0));
#3335=ORIENTED_EDGE('',*,*,#4273,.F.);
#3336=ORIENTED_EDGE('',*,*,#4205,.T.);
#3337=ORIENTED_EDGE('',*,*,#4274,.F.);
#3338=ORIENTED_EDGE('',*,*,#4275,.T.);
#3339=CARTESIAN_POINT('',(0.0268386,0.066388450130019,-0.00159631995354523));
#3340=DIRECTION('',(1.0,-0.0,0.0));
#3341=DIRECTION('',(0.0,0.0,-1.0));
#3342=ORIENTED_EDGE('',*,*,#4276,.F.);
#3343=ORIENTED_EDGE('',*,*,#4210,.T.);
#3344=ORIENTED_EDGE('',*,*,#4277,.F.);
#3345=ORIENTED_EDGE('',*,*,#4278,.T.);
#3346=CARTESIAN_POINT('',(0.0268386,0.0706468353283119,0.00209359182544398));
#3347=DIRECTION('',(1.0,-0.0,0.0));
#3348=DIRECTION('',(0.0,0.0,-1.0));
#3349=ORIENTED_EDGE('',*,*,#4279,.F.);
#3350=ORIENTED_EDGE('',*,*,#4280,.F.);
#3351=ORIENTED_EDGE('',*,*,#4281,.F.);
#3352=ORIENTED_EDGE('',*,*,#4282,.F.);
#3353=ORIENTED_EDGE('',*,*,#4283,.F.);
#3354=CARTESIAN_POINT('',(0.0278386,0.0622343000000001,0.00749999999999995));
#3355=DIRECTION('',(-1.0,0.0,0.0));
#3356=DIRECTION('',(0.0,1.0,0.0));
#3357=ORIENTED_EDGE('',*,*,#4284,.F.);
#3358=ORIENTED_EDGE('',*,*,#4285,.T.);
#3359=ORIENTED_EDGE('',*,*,#4286,.F.);
#3360=ORIENTED_EDGE('',*,*,#4287,.T.);
#3361=ORIENTED_EDGE('',*,*,#4283,.T.);
#3362=CARTESIAN_POINT('',(0.0270386,0.0622343000000001,0.00749999999999995));
#3363=DIRECTION('',(1.0,-0.0,0.0));
#3364=DIRECTION('',(0.0,0.0,-1.0));
#3365=ORIENTED_EDGE('',*,*,#4288,.F.);
#3366=ORIENTED_EDGE('',*,*,#4289,.T.);
#3367=ORIENTED_EDGE('',*,*,#4290,.F.);
#3368=ORIENTED_EDGE('',*,*,#4291,.F.);
#3369=CARTESIAN_POINT('',(0.0053086,0.0622343000000001,0.00749999999999995));
#3370=DIRECTION('',(1.0,0.0,-0.0));
#3371=DIRECTION('',(0.0,1.0,0.0));
#3372=ORIENTED_EDGE('',*,*,#4288,.T.);
#3373=ORIENTED_EDGE('',*,*,#4292,.F.);
#3374=ORIENTED_EDGE('',*,*,#4290,.T.);
#3375=ORIENTED_EDGE('',*,*,#4293,.T.);
#3376=CARTESIAN_POINT('',(0.0053086,0.0622343000000001,0.00749999999999995));
#3377=DIRECTION('',(1.0,0.0,-0.0));
#3378=DIRECTION('',(0.0,1.0,0.0));
#3379=ORIENTED_EDGE('',*,*,#4294,.F.);
#3380=ORIENTED_EDGE('',*,*,#4295,.F.);
#3381=ORIENTED_EDGE('',*,*,#4296,.T.);
#3382=ORIENTED_EDGE('',*,*,#4297,.T.);
#3383=CARTESIAN_POINT('',(0.0078386,0.0646568242389175,0.0118734282891114));
#3384=DIRECTION('',(-0.0,-0.499999999999999,-0.866025403784439));
#3385=DIRECTION('',(-1.0,0.0,0.0));
#3386=ORIENTED_EDGE('',*,*,#4298,.F.);
#3387=ORIENTED_EDGE('',*,*,#4299,.F.);
#3388=ORIENTED_EDGE('',*,*,#4300,.T.);
#3389=ORIENTED_EDGE('',*,*,#4295,.T.);
#3390=CARTESIAN_POINT('',(0.0078386,0.0596068242389175,0.0118734282891114));
#3391=DIRECTION('',(0.0,0.500000000000001,-0.866025403784438));
#3392=DIRECTION('',(-1.0,0.0,0.0));
#3393=ORIENTED_EDGE('',*,*,#4301,.F.);
#3394=ORIENTED_EDGE('',*,*,#4302,.F.);
#3395=ORIENTED_EDGE('',*,*,#4303,.T.);
#3396=ORIENTED_EDGE('',*,*,#4299,.T.);
#3397=CARTESIAN_POINT('',(0.0078386,0.0570818242389175,0.00749999999999995));
#3398=DIRECTION('',(0.0,1.0,-0.0));
#3399=DIRECTION('',(-0.0,0.0,1.0));
#3400=ORIENTED_EDGE('',*,*,#4304,.F.);
#3401=ORIENTED_EDGE('',*,*,#4305,.F.);
#3402=ORIENTED_EDGE('',*,*,#4306,.T.);
#3403=ORIENTED_EDGE('',*,*,#4302,.T.);
#3404=CARTESIAN_POINT('',(0.0078386,0.0596068242389175,0.00312657171088853));
#3405=DIRECTION('',(-0.0,0.5,0.866025403784439));
#3406=DIRECTION('',(1.0,0.0,0.0));
#3407=ORIENTED_EDGE('',*,*,#4307,.F.);
#3408=ORIENTED_EDGE('',*,*,#4308,.F.);
#3409=ORIENTED_EDGE('',*,*,#4309,.T.);
#3410=ORIENTED_EDGE('',*,*,#4305,.T.);
#3411=CARTESIAN_POINT('',(0.0078386,0.0646568242389175,0.00312657171088853));
#3412=DIRECTION('',(0.0,-0.5,0.866025403784439));
#3413=DIRECTION('',(1.0,0.0,-0.0));
#3414=ORIENTED_EDGE('',*,*,#4310,.F.);
#3415=ORIENTED_EDGE('',*,*,#4297,.F.);
#3416=ORIENTED_EDGE('',*,*,#4311,.T.);
#3417=ORIENTED_EDGE('',*,*,#4308,.T.);
#3418=CARTESIAN_POINT('',(0.0078386,0.0671818242389175,0.00749999999999995));
#3419=DIRECTION('',(0.0,-1.0,-0.0));
#3420=DIRECTION('',(0.0,0.0,-1.0));
#3421=ORIENTED_EDGE('',*,*,#4310,.T.);
#3422=ORIENTED_EDGE('',*,*,#4307,.T.);
#3423=ORIENTED_EDGE('',*,*,#4304,.T.);
#3424=ORIENTED_EDGE('',*,*,#4301,.T.);
#3425=ORIENTED_EDGE('',*,*,#4298,.T.);
#3426=ORIENTED_EDGE('',*,*,#4294,.T.);
#3427=ORIENTED_EDGE('',*,*,#4292,.T.);
#3428=ORIENTED_EDGE('',*,*,#4291,.T.);
#3429=CARTESIAN_POINT('',(0.0130386,0.0622343000000001,0.00749999999999995));
#3430=DIRECTION('',(-1.0,0.0,0.0));
#3431=DIRECTION('',(0.0,1.0,0.0));
#3432=ORIENTED_EDGE('',*,*,#4213,.T.);
#3433=ORIENTED_EDGE('',*,*,#4312,.T.);
#3434=ORIENTED_EDGE('',*,*,#4313,.F.);
#3435=ORIENTED_EDGE('',*,*,#4208,.T.);
#3436=ORIENTED_EDGE('',*,*,#4314,.T.);
#3437=ORIENTED_EDGE('',*,*,#4315,.F.);
#3438=ORIENTED_EDGE('',*,*,#4203,.T.);
#3439=ORIENTED_EDGE('',*,*,#4316,.T.);
#3440=ORIENTED_EDGE('',*,*,#4317,.F.);
#3441=ORIENTED_EDGE('',*,*,#4199,.T.);
#3442=ORIENTED_EDGE('',*,*,#4318,.T.);
#3443=ORIENTED_EDGE('',*,*,#4319,.F.);
#3444=ORIENTED_EDGE('',*,*,#4195,.T.);
#3445=ORIENTED_EDGE('',*,*,#4320,.T.);
#3446=ORIENTED_EDGE('',*,*,#4321,.F.);
#3447=ORIENTED_EDGE('',*,*,#4191,.T.);
#3448=ORIENTED_EDGE('',*,*,#4322,.T.);
#3449=ORIENTED_EDGE('',*,*,#4323,.F.);
#3450=ORIENTED_EDGE('',*,*,#4235,.T.);
#3451=ORIENTED_EDGE('',*,*,#4324,.T.);
#3452=ORIENTED_EDGE('',*,*,#4325,.F.);
#3453=ORIENTED_EDGE('',*,*,#4230,.T.);
#3454=ORIENTED_EDGE('',*,*,#4326,.T.);
#3455=ORIENTED_EDGE('',*,*,#4327,.F.);
#3456=ORIENTED_EDGE('',*,*,#4225,.T.);
#3457=ORIENTED_EDGE('',*,*,#4328,.T.);
#3458=ORIENTED_EDGE('',*,*,#4329,.F.);
#3459=ORIENTED_EDGE('',*,*,#4221,.T.);
#3460=ORIENTED_EDGE('',*,*,#4330,.T.);
#3461=ORIENTED_EDGE('',*,*,#4331,.F.);
#3462=ORIENTED_EDGE('',*,*,#4217,.T.);
#3463=ORIENTED_EDGE('',*,*,#4332,.T.);
#3464=ORIENTED_EDGE('',*,*,#4333,.F.);
#3465=ORIENTED_EDGE('',*,*,#4311,.F.);
#3466=ORIENTED_EDGE('',*,*,#4296,.F.);
#3467=ORIENTED_EDGE('',*,*,#4300,.F.);
#3468=ORIENTED_EDGE('',*,*,#4303,.F.);
#3469=ORIENTED_EDGE('',*,*,#4306,.F.);
#3470=ORIENTED_EDGE('',*,*,#4309,.F.);
#3471=CARTESIAN_POINT('',(0.0078386,0.0622343000000001,0.00749999999999995));
#3472=DIRECTION('',(-1.0,0.0,0.0));
#3473=DIRECTION('',(0.0,1.0,0.0));
#3474=ORIENTED_EDGE('',*,*,#4284,.T.);
#3475=ORIENTED_EDGE('',*,*,#4282,.T.);
#3476=ORIENTED_EDGE('',*,*,#4334,.T.);
#3477=ORIENTED_EDGE('',*,*,#4286,.T.);
#3478=ORIENTED_EDGE('',*,*,#4335,.T.);
#3479=ORIENTED_EDGE('',*,*,#4336,.T.);
#3480=CARTESIAN_POINT('',(0.0270386,0.0622343000000001,0.00749999999999995));
#3481=DIRECTION('',(1.0,-0.0,0.0));
#3482=DIRECTION('',(0.0,0.0,-1.0));
#3483=ORIENTED_EDGE('',*,*,#4279,.T.);
#3484=ORIENTED_EDGE('',*,*,#4287,.F.);
#3485=ORIENTED_EDGE('',*,*,#4334,.F.);
#3486=ORIENTED_EDGE('',*,*,#4281,.T.);
#3487=ORIENTED_EDGE('',*,*,#4337,.F.);
#3488=CARTESIAN_POINT('',(0.0278386,0.0622343000000001,0.00749999999999995));
#3489=DIRECTION('',(-1.0,0.0,0.0));
#3490=DIRECTION('',(0.0,1.0,0.0));
#3491=ORIENTED_EDGE('',*,*,#4338,.F.);
#3492=ORIENTED_EDGE('',*,*,#4240,.F.);
#3493=ORIENTED_EDGE('',*,*,#4339,.F.);
#3494=ORIENTED_EDGE('',*,*,#4340,.F.);
#3495=ORIENTED_EDGE('',*,*,#4244,.F.);
#3496=ORIENTED_EDGE('',*,*,#4341,.F.);
#3497=ORIENTED_EDGE('',*,*,#4342,.F.);
#3498=ORIENTED_EDGE('',*,*,#4248,.F.);
#3499=ORIENTED_EDGE('',*,*,#4343,.F.);
#3500=ORIENTED_EDGE('',*,*,#4344,.F.);
#3501=ORIENTED_EDGE('',*,*,#4252,.F.);
#3502=ORIENTED_EDGE('',*,*,#4345,.F.);
#3503=ORIENTED_EDGE('',*,*,#4346,.F.);
#3504=ORIENTED_EDGE('',*,*,#4257,.F.);
#3505=ORIENTED_EDGE('',*,*,#4347,.F.);
#3506=ORIENTED_EDGE('',*,*,#4263,.F.);
#3507=ORIENTED_EDGE('',*,*,#4348,.F.);
#3508=ORIENTED_EDGE('',*,*,#4349,.F.);
#3509=ORIENTED_EDGE('',*,*,#4268,.F.);
#3510=ORIENTED_EDGE('',*,*,#4350,.F.);
#3511=ORIENTED_EDGE('',*,*,#4351,.F.);
#3512=ORIENTED_EDGE('',*,*,#4272,.F.);
#3513=ORIENTED_EDGE('',*,*,#4352,.F.);
#3514=ORIENTED_EDGE('',*,*,#4353,.F.);
#3515=ORIENTED_EDGE('',*,*,#4275,.F.);
#3516=ORIENTED_EDGE('',*,*,#4354,.F.);
#3517=ORIENTED_EDGE('',*,*,#4355,.F.);
#3518=ORIENTED_EDGE('',*,*,#4278,.F.);
#3519=ORIENTED_EDGE('',*,*,#4356,.F.);
#3520=ORIENTED_EDGE('',*,*,#4357,.F.);
#3521=ORIENTED_EDGE('',*,*,#4336,.F.);
#3522=ORIENTED_EDGE('',*,*,#4335,.F.);
#3523=ORIENTED_EDGE('',*,*,#4285,.F.);
#3524=CARTESIAN_POINT('',(0.0278386,0.0622343000000001,0.00749999999999995));
#3525=DIRECTION('',(-1.0,0.0,0.0));
#3526=DIRECTION('',(0.0,1.0,0.0));
#3527=ORIENTED_EDGE('',*,*,#4293,.F.);
#3528=ORIENTED_EDGE('',*,*,#4289,.F.);
#3529=ORIENTED_EDGE('',*,*,#4280,.T.);
#3530=ORIENTED_EDGE('',*,*,#4337,.T.);
#3531=CARTESIAN_POINT('',(0.0208386,0.0622343000000001,0.00749999999999995));
#3532=DIRECTION('',(-1.0,0.0,0.0));
#3533=DIRECTION('',(0.0,1.0,0.0));
#3534=ORIENTED_EDGE('',*,*,#4338,.T.);
#3535=ORIENTED_EDGE('',*,*,#4358,.T.);
#3536=ORIENTED_EDGE('',*,*,#4359,.T.);
#3537=ORIENTED_EDGE('',*,*,#4241,.T.);
#3538=CARTESIAN_POINT('',(0.0268386,0.0622343000000001,0.00749999999999995));
#3539=DIRECTION('',(1.0,-0.0,0.0));
#3540=DIRECTION('',(0.0,0.0,-1.0));
#3541=ORIENTED_EDGE('',*,*,#4357,.T.);
#3542=ORIENTED_EDGE('',*,*,#4360,.T.);
#3543=ORIENTED_EDGE('',*,*,#4361,.T.);
#3544=ORIENTED_EDGE('',*,*,#4215,.T.);
#3545=ORIENTED_EDGE('',*,*,#4358,.F.);
#3546=CARTESIAN_POINT('',(0.0268386,0.0722343000000001,0.00749999999999995));
#3547=DIRECTION('',(-1.0,0.0,0.0));
#3548=DIRECTION('',(0.0,-0.0,1.0));
#3549=ORIENTED_EDGE('',*,*,#4362,.T.);
#3550=ORIENTED_EDGE('',*,*,#4360,.F.);
#3551=ORIENTED_EDGE('',*,*,#4356,.T.);
#3552=ORIENTED_EDGE('',*,*,#4277,.T.);
#3553=CARTESIAN_POINT('',(0.0268386,0.0622343000000001,0.00749999999999995));
#3554=DIRECTION('',(-1.0,0.0,0.0));
#3555=DIRECTION('',(0.0,-0.0,1.0));
#3556=ORIENTED_EDGE('',*,*,#4276,.T.);
#3557=ORIENTED_EDGE('',*,*,#4355,.T.);
#3558=ORIENTED_EDGE('',*,*,#4363,.T.);
#3559=ORIENTED_EDGE('',*,*,#4364,.T.);
#3560=ORIENTED_EDGE('',*,*,#4211,.T.);
#3561=CARTESIAN_POINT('',(0.0268386,0.0706468353283119,0.00209359182544398));
#3562=DIRECTION('',(1.0,-0.0,0.0));
#3563=DIRECTION('',(0.0,0.0,-1.0));
#3564=ORIENTED_EDGE('',*,*,#4365,.T.);
#3565=ORIENTED_EDGE('',*,*,#4363,.F.);
#3566=ORIENTED_EDGE('',*,*,#4354,.T.);
#3567=ORIENTED_EDGE('',*,*,#4274,.T.);
#3568=CARTESIAN_POINT('',(0.0268386,0.0622343000000001,0.00749999999999995));
#3569=DIRECTION('',(-1.0,0.0,0.0));
#3570=DIRECTION('',(0.0,-0.0,1.0));
#3571=ORIENTED_EDGE('',*,*,#4273,.T.);
#3572=ORIENTED_EDGE('',*,*,#4353,.T.);
#3573=ORIENTED_EDGE('',*,*,#4366,.T.);
#3574=ORIENTED_EDGE('',*,*,#4367,.T.);
#3575=ORIENTED_EDGE('',*,*,#4206,.T.);
#3576=CARTESIAN_POINT('',(0.0268386,0.066388450130019,-0.00159631995354523));
#3577=DIRECTION('',(1.0,-0.0,0.0));
#3578=DIRECTION('',(0.0,0.0,-1.0));
#3579=ORIENTED_EDGE('',*,*,#4368,.T.);
#3580=ORIENTED_EDGE('',*,*,#4366,.F.);
#3581=ORIENTED_EDGE('',*,*,#4352,.T.);
#3582=ORIENTED_EDGE('',*,*,#4271,.T.);
#3583=CARTESIAN_POINT('',(0.0268386,0.0622343000000001,0.00749999999999995));
#3584=DIRECTION('',(-1.0,0.0,0.0));
#3585=DIRECTION('',(0.0,-0.0,1.0));
#3586=ORIENTED_EDGE('',*,*,#4269,.T.);
#3587=ORIENTED_EDGE('',*,*,#4351,.T.);
#3588=ORIENTED_EDGE('',*,*,#4369,.T.);
#3589=ORIENTED_EDGE('',*,*,#4370,.T.);
#3590=CARTESIAN_POINT('',(0.0268386,0.0608111516172673,-0.00239821441880937));
#3591=DIRECTION('',(1.0,-0.0,0.0));
#3592=DIRECTION('',(0.0,0.0,-1.0));
#3593=ORIENTED_EDGE('',*,*,#4371,.T.);
#3594=ORIENTED_EDGE('',*,*,#4369,.F.);
#3595=ORIENTED_EDGE('',*,*,#4350,.T.);
#3596=ORIENTED_EDGE('',*,*,#4267,.T.);
#3597=CARTESIAN_POINT('',(0.0268386,0.0622343000000001,0.00749999999999995));
#3598=DIRECTION('',(-1.0,0.0,0.0));
#3599=DIRECTION('',(0.0,-0.0,1.0));
#3600=ORIENTED_EDGE('',*,*,#4265,.T.);
#3601=ORIENTED_EDGE('',*,*,#4349,.T.);
#3602=ORIENTED_EDGE('',*,*,#4372,.T.);
#3603=ORIENTED_EDGE('',*,*,#4373,.T.);
#3604=CARTESIAN_POINT('',(0.0268386,0.0556856926605473,-5.74957435426279E-05));
#3605=DIRECTION('',(1.0,-0.0,0.0));
#3606=DIRECTION('',(0.0,0.0,-1.0));
#3607=ORIENTED_EDGE('',*,*,#4374,.T.);
#3608=ORIENTED_EDGE('',*,*,#4372,.F.);
#3609=ORIENTED_EDGE('',*,*,#4348,.T.);
#3610=ORIENTED_EDGE('',*,*,#4262,.T.);
#3611=CARTESIAN_POINT('',(0.0268386,0.0622343000000001,0.00749999999999995));
#3612=DIRECTION('',(-1.0,0.0,0.0));
#3613=DIRECTION('',(0.0,-0.0,1.0));
#3614=ORIENTED_EDGE('',*,*,#4260,.T.);
#3615=ORIENTED_EDGE('',*,*,#4375,.T.);
#3616=ORIENTED_EDGE('',*,*,#4376,.T.);
#3617=CARTESIAN_POINT('',(0.0268386,0.0526393702638552,0.00468267443158565));
#3618=DIRECTION('',(1.0,-0.0,0.0));
#3619=DIRECTION('',(0.0,0.0,-1.0));
#3620=ORIENTED_EDGE('',*,*,#4377,.T.);
#3621=ORIENTED_EDGE('',*,*,#4375,.F.);
#3622=ORIENTED_EDGE('',*,*,#4264,.F.);
#3623=ORIENTED_EDGE('',*,*,#4347,.T.);
#3624=ORIENTED_EDGE('',*,*,#4256,.T.);
#3625=ORIENTED_EDGE('',*,*,#4378,.T.);
#3626=CARTESIAN_POINT('',(0.0268386,0.0622343000000001,0.00749999999999995));
#3627=DIRECTION('',(-1.0,0.0,0.0));
#3628=DIRECTION('',(0.0,-0.0,1.0));
#3629=ORIENTED_EDGE('',*,*,#4255,.T.);
#3630=ORIENTED_EDGE('',*,*,#4237,.T.);
#3631=ORIENTED_EDGE('',*,*,#4378,.F.);
#3632=CARTESIAN_POINT('',(0.0268386,0.0526393702638552,0.0103173255684142));
#3633=DIRECTION('',(1.0,-0.0,0.0));
#3634=DIRECTION('',(0.0,0.0,-1.0));
#3635=ORIENTED_EDGE('',*,*,#4379,.T.);
#3636=ORIENTED_EDGE('',*,*,#4258,.F.);
#3637=ORIENTED_EDGE('',*,*,#4346,.T.);
#3638=ORIENTED_EDGE('',*,*,#4380,.T.);
#3639=CARTESIAN_POINT('',(0.0268386,0.0622343000000001,0.00749999999999995));
#3640=DIRECTION('',(-1.0,0.0,0.0));
#3641=DIRECTION('',(0.0,-0.0,1.0));
#3642=ORIENTED_EDGE('',*,*,#4251,.T.);
#3643=ORIENTED_EDGE('',*,*,#4232,.T.);
#3644=ORIENTED_EDGE('',*,*,#4380,.F.);
#3645=ORIENTED_EDGE('',*,*,#4345,.T.);
#3646=CARTESIAN_POINT('',(0.0268386,0.0556856926605473,0.0150574957435425));
#3647=DIRECTION('',(1.0,-0.0,0.0));
#3648=DIRECTION('',(0.0,0.0,-1.0));
#3649=ORIENTED_EDGE('',*,*,#4381,.T.);
#3650=ORIENTED_EDGE('',*,*,#4253,.F.);
#3651=ORIENTED_EDGE('',*,*,#4344,.T.);
#3652=ORIENTED_EDGE('',*,*,#4382,.T.);
#3653=CARTESIAN_POINT('',(0.0268386,0.0622343000000001,0.00749999999999995));
#3654=DIRECTION('',(-1.0,0.0,0.0));
#3655=DIRECTION('',(0.0,-0.0,1.0));
#3656=ORIENTED_EDGE('',*,*,#4247,.T.);
#3657=ORIENTED_EDGE('',*,*,#4227,.T.);
#3658=ORIENTED_EDGE('',*,*,#4382,.F.);
#3659=ORIENTED_EDGE('',*,*,#4343,.T.);
#3660=CARTESIAN_POINT('',(0.0268386,0.0608111516172673,0.0173982144188093));
#3661=DIRECTION('',(1.0,-0.0,0.0));
#3662=DIRECTION('',(0.0,0.0,-1.0));
#3663=ORIENTED_EDGE('',*,*,#4383,.T.);
#3664=ORIENTED_EDGE('',*,*,#4249,.F.);
#3665=ORIENTED_EDGE('',*,*,#4342,.T.);
#3666=ORIENTED_EDGE('',*,*,#4384,.T.);
#3667=CARTESIAN_POINT('',(0.0268386,0.0622343000000001,0.00749999999999995));
#3668=DIRECTION('',(-1.0,0.0,0.0));
#3669=DIRECTION('',(0.0,-0.0,1.0));
#3670=ORIENTED_EDGE('',*,*,#4243,.T.);
#3671=ORIENTED_EDGE('',*,*,#4385,.T.);
#3672=ORIENTED_EDGE('',*,*,#4223,.T.);
#3673=ORIENTED_EDGE('',*,*,#4384,.F.);
#3674=ORIENTED_EDGE('',*,*,#4341,.T.);
#3675=CARTESIAN_POINT('',(0.0268386,0.066388450130019,0.0165963199535451));
#3676=DIRECTION('',(1.0,-0.0,0.0));
#3677=DIRECTION('',(0.0,0.0,-1.0));
#3678=ORIENTED_EDGE('',*,*,#4386,.T.);
#3679=ORIENTED_EDGE('',*,*,#4245,.F.);
#3680=ORIENTED_EDGE('',*,*,#4340,.T.);
#3681=ORIENTED_EDGE('',*,*,#4387,.T.);
#3682=CARTESIAN_POINT('',(0.0268386,0.0622343000000001,0.00749999999999995));
#3683=DIRECTION('',(-1.0,0.0,0.0));
#3684=DIRECTION('',(0.0,-0.0,1.0));
#3685=ORIENTED_EDGE('',*,*,#4239,.T.);
#3686=ORIENTED_EDGE('',*,*,#4388,.T.);
#3687=ORIENTED_EDGE('',*,*,#4219,.T.);
#3688=ORIENTED_EDGE('',*,*,#4387,.F.);
#3689=ORIENTED_EDGE('',*,*,#4339,.T.);
#3690=CARTESIAN_POINT('',(0.0268386,0.0706468353283119,0.0129064081745559));
#3691=DIRECTION('',(1.0,-0.0,0.0));
#3692=DIRECTION('',(0.0,0.0,-1.0));
#3693=ORIENTED_EDGE('',*,*,#4377,.F.);
#3694=ORIENTED_EDGE('',*,*,#4236,.F.);
#3695=ORIENTED_EDGE('',*,*,#4323,.T.);
#3696=ORIENTED_EDGE('',*,*,#4389,.T.);
#3697=CARTESIAN_POINT('',(0.0078386,0.0622343000000001,0.00749999999999995));
#3698=DIRECTION('',(1.0,0.0,0.0));
#3699=DIRECTION('',(0.0,0.959492973614497,-0.281732556841429));
#3700=ORIENTED_EDGE('',*,*,#4234,.T.);
#3701=ORIENTED_EDGE('',*,*,#4259,.F.);
#3702=ORIENTED_EDGE('',*,*,#4390,.F.);
#3703=ORIENTED_EDGE('',*,*,#4324,.F.);
#3704=CARTESIAN_POINT('',(0.0078386,0.0526393702638552,0.0103173255684142));
#3705=DIRECTION('',(1.0,0.0,0.0));
#3706=DIRECTION('',(0.0,0.959492973614497,-0.281732556841429));
#3707=ORIENTED_EDGE('',*,*,#4379,.F.);
#3708=ORIENTED_EDGE('',*,*,#4231,.F.);
#3709=ORIENTED_EDGE('',*,*,#4325,.T.);
#3710=ORIENTED_EDGE('',*,*,#4390,.T.);
#3711=CARTESIAN_POINT('',(0.0078386,0.0622343000000001,0.00749999999999995));
#3712=DIRECTION('',(1.0,0.0,0.0));
#3713=DIRECTION('',(0.0,0.654860733945285,-0.755749574354258));
#3714=ORIENTED_EDGE('',*,*,#4229,.T.);
#3715=ORIENTED_EDGE('',*,*,#4254,.F.);
#3716=ORIENTED_EDGE('',*,*,#4391,.F.);
#3717=ORIENTED_EDGE('',*,*,#4326,.F.);
#3718=CARTESIAN_POINT('',(0.0078386,0.0556856926605473,0.0150574957435425));
#3719=DIRECTION('',(1.0,0.0,0.0));
#3720=DIRECTION('',(0.0,0.654860733945285,-0.755749574354258));
#3721=ORIENTED_EDGE('',*,*,#4381,.F.);
#3722=ORIENTED_EDGE('',*,*,#4226,.F.);
#3723=ORIENTED_EDGE('',*,*,#4327,.T.);
#3724=ORIENTED_EDGE('',*,*,#4391,.T.);
#3725=CARTESIAN_POINT('',(0.0078386,0.0622343000000001,0.00749999999999995));
#3726=DIRECTION('',(1.0,0.0,0.0));
#3727=DIRECTION('',(0.0,0.142314838273285,-0.989821441880933));
#3728=ORIENTED_EDGE('',*,*,#4224,.T.);
#3729=ORIENTED_EDGE('',*,*,#4250,.F.);
#3730=ORIENTED_EDGE('',*,*,#4392,.F.);
#3731=ORIENTED_EDGE('',*,*,#4328,.F.);
#3732=CARTESIAN_POINT('',(0.0078386,0.0608111516172673,0.0173982144188093));
#3733=DIRECTION('',(1.0,0.0,0.0));
#3734=DIRECTION('',(0.0,0.142314838273285,-0.989821441880933));
#3735=ORIENTED_EDGE('',*,*,#4383,.F.);
#3736=ORIENTED_EDGE('',*,*,#4222,.F.);
#3737=ORIENTED_EDGE('',*,*,#4329,.T.);
#3738=ORIENTED_EDGE('',*,*,#4392,.T.);
#3739=CARTESIAN_POINT('',(0.0078386,0.0622343000000001,0.00749999999999995));
#3740=DIRECTION('',(1.0,0.0,0.0));
#3741=DIRECTION('',(0.0,-0.415415013001886,-0.909631995354519));
#3742=ORIENTED_EDGE('',*,*,#4220,.T.);
#3743=ORIENTED_EDGE('',*,*,#4385,.F.);
#3744=ORIENTED_EDGE('',*,*,#4246,.F.);
#3745=ORIENTED_EDGE('',*,*,#4393,.F.);
#3746=ORIENTED_EDGE('',*,*,#4330,.F.);
#3747=CARTESIAN_POINT('',(0.0078386,0.066388450130019,0.0165963199535451));
#3748=DIRECTION('',(1.0,0.0,0.0));
#3749=DIRECTION('',(0.0,-0.415415013001886,-0.909631995354519));
#3750=ORIENTED_EDGE('',*,*,#4386,.F.);
#3751=ORIENTED_EDGE('',*,*,#4218,.F.);
#3752=ORIENTED_EDGE('',*,*,#4331,.T.);
#3753=ORIENTED_EDGE('',*,*,#4393,.T.);
#3754=CARTESIAN_POINT('',(0.0078386,0.0622343000000001,0.00749999999999995));
#3755=DIRECTION('',(1.0,0.0,0.0));
#3756=DIRECTION('',(0.0,-0.841253532831181,-0.540640817455597));
#3757=ORIENTED_EDGE('',*,*,#4216,.T.);
#3758=ORIENTED_EDGE('',*,*,#4388,.F.);
#3759=ORIENTED_EDGE('',*,*,#4242,.F.);
#3760=ORIENTED_EDGE('',*,*,#4394,.F.);
#3761=ORIENTED_EDGE('',*,*,#4332,.F.);
#3762=CARTESIAN_POINT('',(0.0078386,0.0706468353283119,0.0129064081745559));
#3763=DIRECTION('',(1.0,0.0,0.0));
#3764=DIRECTION('',(0.0,-0.841253532831181,-0.540640817455597));
#3765=ORIENTED_EDGE('',*,*,#4359,.F.);
#3766=ORIENTED_EDGE('',*,*,#4214,.F.);
#3767=ORIENTED_EDGE('',*,*,#4333,.T.);
#3768=ORIENTED_EDGE('',*,*,#4394,.T.);
#3769=CARTESIAN_POINT('',(0.0078386,0.0622343000000001,0.00749999999999995));
#3770=DIRECTION('',(1.0,0.0,-0.0));
#3771=DIRECTION('',(0.0,-1.0,0.0));
#3772=ORIENTED_EDGE('',*,*,#4212,.T.);
#3773=ORIENTED_EDGE('',*,*,#4361,.F.);
#3774=ORIENTED_EDGE('',*,*,#4395,.F.);
#3775=ORIENTED_EDGE('',*,*,#4312,.F.);
#3776=CARTESIAN_POINT('',(0.0078386,0.0722343000000001,0.00749999999999995));
#3777=DIRECTION('',(1.0,0.0,-0.0));
#3778=DIRECTION('',(0.0,-1.0,0.0));
#3779=ORIENTED_EDGE('',*,*,#4362,.F.);
#3780=ORIENTED_EDGE('',*,*,#4209,.F.);
#3781=ORIENTED_EDGE('',*,*,#4313,.T.);
#3782=ORIENTED_EDGE('',*,*,#4395,.T.);
#3783=CARTESIAN_POINT('',(0.0078386,0.0622343000000001,0.00749999999999995));
#3784=DIRECTION('',(1.0,0.0,0.0));
#3785=DIRECTION('',(0.0,-0.841253532831181,0.540640817455598));
#3786=ORIENTED_EDGE('',*,*,#4207,.T.);
#3787=ORIENTED_EDGE('',*,*,#4364,.F.);
#3788=ORIENTED_EDGE('',*,*,#4396,.F.);
#3789=ORIENTED_EDGE('',*,*,#4314,.F.);
#3790=CARTESIAN_POINT('',(0.0078386,0.0706468353283119,0.00209359182544398));
#3791=DIRECTION('',(1.0,0.0,0.0));
#3792=DIRECTION('',(0.0,-0.841253532831181,0.540640817455598));
#3793=ORIENTED_EDGE('',*,*,#4202,.T.);
#3794=ORIENTED_EDGE('',*,*,#4367,.F.);
#3795=ORIENTED_EDGE('',*,*,#4397,.F.);
#3796=ORIENTED_EDGE('',*,*,#4316,.F.);
#3797=CARTESIAN_POINT('',(0.0078386,0.066388450130019,-0.00159631995354523));
#3798=DIRECTION('',(1.0,0.0,0.0));
#3799=DIRECTION('',(0.0,-0.415415013001886,0.909631995354518));
#3800=ORIENTED_EDGE('',*,*,#4198,.T.);
#3801=ORIENTED_EDGE('',*,*,#4270,.F.);
#3802=ORIENTED_EDGE('',*,*,#4370,.F.);
#3803=ORIENTED_EDGE('',*,*,#4398,.F.);
#3804=ORIENTED_EDGE('',*,*,#4318,.F.);
#3805=CARTESIAN_POINT('',(0.0078386,0.0608111516172673,-0.00239821441880937));
#3806=DIRECTION('',(1.0,0.0,-0.0));
#3807=DIRECTION('',(0.0,0.142314838273285,0.989821441880933));
#3808=ORIENTED_EDGE('',*,*,#4194,.T.);
#3809=ORIENTED_EDGE('',*,*,#4266,.F.);
#3810=ORIENTED_EDGE('',*,*,#4373,.F.);
#3811=ORIENTED_EDGE('',*,*,#4399,.F.);
#3812=ORIENTED_EDGE('',*,*,#4320,.F.);
#3813=CARTESIAN_POINT('',(0.0078386,0.0556856926605473,-5.74957435426279E-05));
#3814=DIRECTION('',(1.0,0.0,-0.0));
#3815=DIRECTION('',(0.0,0.654860733945285,0.755749574354258));
#3816=ORIENTED_EDGE('',*,*,#4190,.T.);
#3817=ORIENTED_EDGE('',*,*,#4261,.F.);
#3818=ORIENTED_EDGE('',*,*,#4376,.F.);
#3819=ORIENTED_EDGE('',*,*,#4389,.F.);
#3820=ORIENTED_EDGE('',*,*,#4322,.F.);
#3821=CARTESIAN_POINT('',(0.0078386,0.0526393702638552,0.00468267443158565));
#3822=DIRECTION('',(1.0,0.0,-0.0));
#3823=DIRECTION('',(0.0,0.959492973614497,0.28173255684143));
#3824=ORIENTED_EDGE('',*,*,#4365,.F.);
#3825=ORIENTED_EDGE('',*,*,#4204,.F.);
#3826=ORIENTED_EDGE('',*,*,#4315,.T.);
#3827=ORIENTED_EDGE('',*,*,#4396,.T.);
#3828=CARTESIAN_POINT('',(0.0078386,0.0622343000000001,0.00749999999999995));
#3829=DIRECTION('',(1.0,0.0,0.0));
#3830=DIRECTION('',(0.0,-0.415415013001886,0.909631995354518));
#3831=ORIENTED_EDGE('',*,*,#4368,.F.);
#3832=ORIENTED_EDGE('',*,*,#4200,.F.);
#3833=ORIENTED_EDGE('',*,*,#4317,.T.);
#3834=ORIENTED_EDGE('',*,*,#4397,.T.);
#3835=CARTESIAN_POINT('',(0.0078386,0.0622343000000001,0.00749999999999995));
#3836=DIRECTION('',(1.0,0.0,-0.0));
#3837=DIRECTION('',(0.0,0.142314838273285,0.989821441880933));
#3838=ORIENTED_EDGE('',*,*,#4371,.F.);
#3839=ORIENTED_EDGE('',*,*,#4196,.F.);
#3840=ORIENTED_EDGE('',*,*,#4319,.T.);
#3841=ORIENTED_EDGE('',*,*,#4398,.T.);
#3842=CARTESIAN_POINT('',(0.0078386,0.0622343000000001,0.00749999999999995));
#3843=DIRECTION('',(1.0,0.0,-0.0));
#3844=DIRECTION('',(0.0,0.654860733945285,0.755749574354258));
#3845=ORIENTED_EDGE('',*,*,#4374,.F.);
#3846=ORIENTED_EDGE('',*,*,#4192,.F.);
#3847=ORIENTED_EDGE('',*,*,#4321,.T.);
#3848=ORIENTED_EDGE('',*,*,#4399,.T.);
#3849=CARTESIAN_POINT('',(0.0078386,0.0622343000000001,0.00749999999999995));
#3850=DIRECTION('',(1.0,0.0,-0.0));
#3851=DIRECTION('',(0.0,0.959492973614497,0.28173255684143));
#3852=COLOUR_RGB('',0.560784339904785,0.623529434204102,0.686274528503418);
#3853=EDGE_CURVE('',#4400,#4401,#4402,.T.);
#3854=EDGE_CURVE('0:6143',#4400,#4403,#4404,.F.);
#3855=EDGE_CURVE('',#4403,#4405,#4406,.T.);
#3856=EDGE_CURVE('0:6146',#4407,#4405,#4408,.T.);
#3857=EDGE_CURVE('',#4409,#4407,#4410,.T.);
#3858=EDGE_CURVE('1:11380',#4409,#4411,#4412,.T.);
#3859=EDGE_CURVE('1:2137',#4411,#4413,#4414,.T.);
#3860=EDGE_CURVE('1:2137',#4413,#4415,#4416,.T.);
#3861=EDGE_CURVE('1:11368',#4415,#4401,#4417,.T.);
#3862=EDGE_CURVE('',#4413,#4418,#4419,.T.);
#3863=EDGE_CURVE('1:11412',#4420,#4411,#4421,.T.);
#3864=EDGE_CURVE('1:2125',#4418,#4420,#4422,.T.);
#3865=EDGE_CURVE('',#4423,#4424,#4425,.T.);
#3866=EDGE_CURVE('1:2131',#4426,#4423,#4427,.T.);
#3867=EDGE_CURVE('1:11415',#4428,#4426,#4429,.T.);
#3868=EDGE_CURVE('1:2134',#4424,#4428,#4430,.T.);
#3869=EDGE_CURVE('',#4431,#4432,#4433,.T.);
#3870=EDGE_CURVE('2:9019',#4431,#4434,#4435,.T.);
#3871=EDGE_CURVE('2:9013',#4434,#4436,#4437,.T.);
#3872=EDGE_CURVE('2:9016',#4436,#4432,#4438,.T.);
#3873=EDGE_CURVE('',#4439,#4440,#4441,.T.);
#3874=EDGE_CURVE('2:9004',#4439,#4442,#4443,.T.);
#3875=EDGE_CURVE('2:9001',#4442,#4444,#4445,.T.);
#3876=EDGE_CURVE('2:9010',#4444,#4440,#4446,.T.);
#3877=EDGE_CURVE('2:9010',#4440,#4447,#4448,.T.);
#3878=EDGE_CURVE('2:9007',#4447,#4449,#4450,.T.);
#3879=EDGE_CURVE('2:9004',#4449,#4439,#4451,.T.);
#3880=EDGE_CURVE('0:6143',#4403,#4400,#4452,.F.);
#3881=EDGE_CURVE('0:6080',#4453,#4454,#4455,.F.);
#3882=EDGE_CURVE('0:6137',#4456,#4453,#4457,.F.);
#3883=EDGE_CURVE('0:6128',#4458,#4456,#4459,.F.);
#3884=EDGE_CURVE('0:6119',#4460,#4458,#4461,.F.);
#3885=EDGE_CURVE('0:6110',#4462,#4460,#4463,.F.);
#3886=EDGE_CURVE('0:6101',#4464,#4462,#4465,.F.);
#3887=EDGE_CURVE('0:6092',#4454,#4464,#4466,.F.);
#3888=EDGE_CURVE('0:6011',#4467,#4447,#4468,.T.);
#3889=EDGE_CURVE('0:6002',#4469,#4467,#4470,.F.);
#3890=EDGE_CURVE('0:5990',#4471,#4469,#4472,.F.);
#3891=EDGE_CURVE('0:6074',#4473,#4471,#4474,.F.);
#3892=EDGE_CURVE('0:6065',#4475,#4473,#4476,.F.);
#3893=EDGE_CURVE('0:6056',#4477,#4475,#4478,.F.);
#3894=EDGE_CURVE('0:6047',#4479,#4477,#4480,.F.);
#3895=EDGE_CURVE('0:6038',#4481,#4479,#4482,.F.);
#3896=EDGE_CURVE('0:6029',#4449,#4481,#4483,.T.);
#3897=EDGE_CURVE('2:3163',#4444,#4484,#4485,.T.);
#3898=EDGE_CURVE('0:6014',#4486,#4484,#4487,.T.);
#3899=EDGE_CURVE('2:3151',#4486,#4434,#4488,.T.);
#3900=EDGE_CURVE('2:9019',#4489,#4431,#4490,.T.);
#3901=EDGE_CURVE('0:6017',#4491,#4489,#4492,.T.);
#3902=EDGE_CURVE('0:6005',#4491,#4467,#4493,.T.);
#3903=EDGE_CURVE('2:9016',#4432,#4494,#4495,.T.);
#3904=EDGE_CURVE('2:9022',#4494,#4489,#4496,.T.);
#3905=EDGE_CURVE('0:6140',#4497,#4498,#4499,.T.);
#3906=EDGE_CURVE('0:6086',#4498,#4500,#4501,.T.);
#3907=EDGE_CURVE('0:6098',#4500,#4502,#4503,.T.);
#3908=EDGE_CURVE('0:6107',#4502,#4504,#4505,.T.);
#3909=EDGE_CURVE('0:6116',#4504,#4506,#4507,.T.);
#3910=EDGE_CURVE('0:6125',#4506,#4508,#4509,.T.);
#3911=EDGE_CURVE('0:6134',#4508,#4497,#4510,.T.);
#3912=EDGE_CURVE('0:6146',#4405,#4407,#4511,.T.);
#3913=EDGE_CURVE('0:6035',#4494,#4512,#4513,.T.);
#3914=EDGE_CURVE('0:6044',#4512,#4514,#4515,.T.);
#3915=EDGE_CURVE('0:6053',#4514,#4516,#4517,.T.);
#3916=EDGE_CURVE('0:6062',#4516,#4518,#4519,.T.);
#3917=EDGE_CURVE('0:6071',#4518,#4520,#4521,.T.);
#3918=EDGE_CURVE('0:6077',#4520,#4522,#4523,.T.);
#3919=EDGE_CURVE('0:5996',#4522,#4524,#4525,.T.);
#3920=EDGE_CURVE('0:6008',#4524,#4491,#4526,.T.);
#3921=EDGE_CURVE('0:6032',#4512,#4481,#4527,.T.);
#3922=EDGE_CURVE('2:3157',#4436,#4528,#4529,.T.);
#3923=EDGE_CURVE('0:6023',#4528,#4530,#4531,.T.);
#3924=EDGE_CURVE('2:3169',#4530,#4442,#4532,.T.);
#3925=EDGE_CURVE('2:3154',#4528,#4486,#4533,.T.);
#3926=EDGE_CURVE('2:3166',#4484,#4530,#4534,.T.);
#3927=EDGE_CURVE('1:11425',#4535,#4415,#4536,.T.);
#3928=EDGE_CURVE('1:11371',#4537,#4535,#4538,.T.);
#3929=EDGE_CURVE('1:11365',#4539,#4537,#4540,.T.);
#3930=EDGE_CURVE('1:11374',#4541,#4539,#4542,.T.);
#3931=EDGE_CURVE('1:11422',#4543,#4541,#4544,.T.);
#3932=EDGE_CURVE('1:11368',#4401,#4543,#4545,.T.);
#3933=EDGE_CURVE('1:11380',#4428,#4409,#4546,.T.);
#3934=EDGE_CURVE('1:11386',#4547,#4426,#4548,.T.);
#3935=EDGE_CURVE('1:11377',#4549,#4547,#4550,.T.);
#3936=EDGE_CURVE('1:11383',#4420,#4549,#4551,.T.);
#3937=EDGE_CURVE('1:2134',#4543,#4424,#4552,.T.);
#3938=EDGE_CURVE('1:2131',#4423,#4541,#4553,.T.);
#3939=EDGE_CURVE('1:11393',#4539,#4473,#4554,.T.);
#3940=EDGE_CURVE('0:5999',#4522,#4471,#4555,.T.);
#3941=EDGE_CURVE('1:11390',#4520,#4547,#4556,.T.);
#3942=EDGE_CURVE('1:2141',#4518,#4549,#4557,.T.);
#3943=EDGE_CURVE('1:2125',#4535,#4418,#4558,.T.);
#3944=EDGE_CURVE('1:2144',#4537,#4475,#4559,.T.);
#3945=EDGE_CURVE('0:5993',#4524,#4469,#4560,.T.);
#3946=EDGE_CURVE('0:6041',#4514,#4479,#4561,.T.);
#3947=EDGE_CURVE('0:6050',#4516,#4477,#4562,.T.);
#3948=EDGE_CURVE('0:6095',#4502,#4464,#4563,.T.);
#3949=EDGE_CURVE('0:6083',#4500,#4454,#4564,.T.);
#3950=EDGE_CURVE('0:6104',#4504,#4462,#4565,.T.);
#3951=EDGE_CURVE('0:6113',#4506,#4460,#4566,.T.);
#3952=EDGE_CURVE('0:6122',#4508,#4458,#4567,.T.);
#3953=EDGE_CURVE('0:6131',#4497,#4456,#4568,.T.);
#3954=EDGE_CURVE('0:6089',#4498,#4453,#4569,.T.);
#3955=COLOUR_RGB('',0.560784339904785,0.623529434204102,0.686274528503418);
#3956=EDGE_CURVE('',#4570,#4571,#4572,.T.);
#3957=EDGE_CURVE('1:2205',#4573,#4570,#4574,.T.);
#3958=EDGE_CURVE('1:2205',#4575,#4573,#4576,.T.);
#3959=EDGE_CURVE('',#4577,#4575,#4578,.T.);
#3960=EDGE_CURVE('1:2202',#4579,#4577,#4580,.T.);
#3961=EDGE_CURVE('1:2202',#4571,#4579,#4581,.T.);
#3962=EDGE_CURVE('1:2202',#4577,#4571,#4582,.T.);
#3963=EDGE_CURVE('1:2205',#4570,#4575,#4583,.T.);
#3964=EDGE_CURVE('0:6446',#4584,#4585,#4586,.F.);
#3965=EDGE_CURVE('0:6449',#4587,#4585,#4588,.T.);
#3966=EDGE_CURVE('0:6452',#4587,#4589,#4590,.T.);
#3967=EDGE_CURVE('0:6437',#4589,#4584,#4591,.T.);
#3968=EDGE_CURVE('0:6455',#4585,#4592,#4593,.F.);
#3969=EDGE_CURVE('0:6458',#4594,#4592,#4595,.T.);
#3970=EDGE_CURVE('0:6461',#4594,#4587,#4596,.T.);
#3971=EDGE_CURVE('0:6464',#4592,#4597,#4598,.F.);
#3972=EDGE_CURVE('0:6443',#4599,#4597,#4600,.T.);
#3973=EDGE_CURVE('0:6467',#4599,#4594,#4601,.T.);
#3974=EDGE_CURVE('0:6434',#4597,#4584,#4602,.F.);
#3975=EDGE_CURVE('0:6440',#4589,#4599,#4603,.T.);
#3976=COLOUR_RGB('',0.560784339904785,0.623529434204102,0.686274528503418);
#3977=EDGE_CURVE('',#4604,#4605,#4606,.T.);
#3978=EDGE_CURVE('1:2256',#4607,#4604,#4608,.T.);
#3979=EDGE_CURVE('',#4609,#4607,#4610,.T.);
#3980=EDGE_CURVE('1:2072',#4605,#4609,#4611,.T.);
#3981=EDGE_CURVE('',#4612,#4613,#4614,.T.);
#3982=EDGE_CURVE('1:2259',#4615,#4612,#4616,.T.);
#3983=EDGE_CURVE('1:2259',#4617,#4615,#4618,.T.);
#3984=EDGE_CURVE('',#4619,#4617,#4620,.T.);
#3985=EDGE_CURVE('1:2262',#4613,#4619,#4621,.T.);
#3986=EDGE_CURVE('3:2808',#4622,#4623,#4624,.T.);
#3987=EDGE_CURVE('3:2805',#4623,#4625,#4626,.T.);
#3988=EDGE_CURVE('3:2814',#4625,#4627,#4628,.T.);
#3989=EDGE_CURVE('3:2811',#4627,#4622,#4629,.T.);
#3990=EDGE_CURVE('3:2826',#4630,#4631,#4632,.T.);
#3991=EDGE_CURVE('3:2823',#4631,#4633,#4634,.T.);
#3992=EDGE_CURVE('3:2817',#4633,#4635,#4636,.T.);
#3993=EDGE_CURVE('3:2820',#4635,#4630,#4637,.T.);
#3994=EDGE_CURVE('3:2835',#4638,#4639,#4640,.T.);
#3995=EDGE_CURVE('3:2838',#4639,#4641,#4642,.T.);
#3996=EDGE_CURVE('3:2829',#4641,#4643,#4644,.T.);
#3997=EDGE_CURVE('3:2832',#4643,#4638,#4645,.T.);
#3998=EDGE_CURVE('3:2841',#4646,#4647,#4648,.T.);
#3999=EDGE_CURVE('3:2844',#4647,#4649,#4650,.T.);
#4000=EDGE_CURVE('3:2847',#4649,#4651,#4652,.T.);
#4001=EDGE_CURVE('3:2850',#4651,#4646,#4653,.T.);
#4002=EDGE_CURVE('0:15536',#4654,#4623,#4655,.T.);
#4003=EDGE_CURVE('0:15518',#4656,#4654,#4657,.F.);
#4004=EDGE_CURVE('0:15509',#4658,#4656,#4659,.F.);
#4005=EDGE_CURVE('0:15500',#4630,#4658,#4660,.F.);
#4006=EDGE_CURVE('0:15479',#4661,#4635,#4662,.F.);
#4007=EDGE_CURVE('3:1497',#4663,#4661,#4664,.T.);
#4008=EDGE_CURVE('0:20458',#4665,#4663,#4666,.F.);
#4009=EDGE_CURVE('0:20455',#4667,#4665,#4668,.F.);
#4010=EDGE_CURVE('0:20452',#4669,#4667,#4670,.F.);
#4011=EDGE_CURVE('0:20449',#4671,#4669,#4672,.F.);
#4012=EDGE_CURVE('0:20446',#4673,#4671,#4674,.F.);
#4013=EDGE_CURVE('0:20443',#4675,#4673,#4676,.F.);
#4014=EDGE_CURVE('0:20440',#4677,#4675,#4678,.F.);
#4015=EDGE_CURVE('0:20437',#4679,#4677,#4680,.F.);
#4016=EDGE_CURVE('0:20434',#4681,#4679,#4682,.F.);
#4017=EDGE_CURVE('0:20431',#4683,#4681,#4684,.F.);
#4018=EDGE_CURVE('0:20428',#4685,#4683,#4686,.F.);
#4019=EDGE_CURVE('0:20425',#4687,#4685,#4688,.F.);
#4020=EDGE_CURVE('0:20422',#4689,#4687,#4690,.F.);
#4021=EDGE_CURVE('0:20419',#4691,#4689,#4692,.F.);
#4022=EDGE_CURVE('0:20416',#4693,#4691,#4694,.F.);
#4023=EDGE_CURVE('0:20413',#4695,#4693,#4696,.F.);
#4024=EDGE_CURVE('0:20410',#4697,#4695,#4698,.F.);
#4025=EDGE_CURVE('0:20407',#4699,#4697,#4700,.F.);
#4026=EDGE_CURVE('0:20404',#4701,#4699,#4702,.F.);
#4027=EDGE_CURVE('0:20401',#4703,#4701,#4704,.F.);
#4028=EDGE_CURVE('0:20398',#4705,#4703,#4706,.F.);
#4029=EDGE_CURVE('0:20395',#4707,#4705,#4708,.F.);
#4030=EDGE_CURVE('0:20392',#4709,#4707,#4710,.F.);
#4031=EDGE_CURVE('0:20389',#4711,#4709,#4712,.F.);
#4032=EDGE_CURVE('0:20386',#4713,#4711,#4714,.F.);
#4033=EDGE_CURVE('0:20383',#4715,#4713,#4716,.F.);
#4034=EDGE_CURVE('0:20380',#4717,#4715,#4718,.F.);
#4035=EDGE_CURVE('0:20377',#4719,#4717,#4720,.F.);
#4036=EDGE_CURVE('0:20374',#4721,#4719,#4722,.F.);
#4037=EDGE_CURVE('0:20371',#4723,#4721,#4724,.F.);
#4038=EDGE_CURVE('0:20368',#4725,#4723,#4726,.F.);
#4039=EDGE_CURVE('0:20365',#4727,#4725,#4728,.F.);
#4040=EDGE_CURVE('0:20362',#4729,#4727,#4730,.F.);
#4041=EDGE_CURVE('0:20359',#4731,#4729,#4732,.F.);
#4042=EDGE_CURVE('0:20356',#4733,#4731,#4734,.F.);
#4043=EDGE_CURVE('0:20353',#4735,#4733,#4736,.F.);
#4044=EDGE_CURVE('0:20350',#4737,#4735,#4738,.F.);
#4045=EDGE_CURVE('0:20347',#4739,#4737,#4740,.F.);
#4046=EDGE_CURVE('0:15977',#4741,#4739,#4742,.F.);
#4047=EDGE_CURVE('0:23137',#4743,#4741,#4744,.F.);
#4048=EDGE_CURVE('0:23134',#4745,#4743,#4746,.F.);
#4049=EDGE_CURVE('0:23131',#4747,#4745,#4748,.F.);
#4050=EDGE_CURVE('0:23128',#4749,#4747,#4750,.F.);
#4051=EDGE_CURVE('0:23125',#4751,#4749,#4752,.F.);
#4052=EDGE_CURVE('0:23122',#4753,#4751,#4754,.F.);
#4053=EDGE_CURVE('0:23119',#4755,#4753,#4756,.F.);
#4054=EDGE_CURVE('0:23116',#4757,#4755,#4758,.F.);
#4055=EDGE_CURVE('0:23113',#4759,#4757,#4760,.F.);
#4056=EDGE_CURVE('0:23110',#4761,#4759,#4762,.F.);
#4057=EDGE_CURVE('0:23107',#4763,#4761,#4764,.F.);
#4058=EDGE_CURVE('0:23104',#4765,#4763,#4766,.F.);
#4059=EDGE_CURVE('0:23101',#4767,#4765,#4768,.F.);
#4060=EDGE_CURVE('0:23098',#4769,#4767,#4770,.F.);
#4061=EDGE_CURVE('0:23095',#4771,#4769,#4772,.F.);
#4062=EDGE_CURVE('0:23092',#4773,#4771,#4774,.F.);
#4063=EDGE_CURVE('0:23089',#4775,#4773,#4776,.F.);
#4064=EDGE_CURVE('0:23086',#4777,#4775,#4778,.F.);
#4065=EDGE_CURVE('0:23083',#4779,#4777,#4780,.F.);
#4066=EDGE_CURVE('0:23080',#4781,#4779,#4782,.F.);
#4067=EDGE_CURVE('0:23077',#4783,#4781,#4784,.F.);
#4068=EDGE_CURVE('0:23074',#4785,#4783,#4786,.F.);
#4069=EDGE_CURVE('0:23071',#4787,#4785,#4788,.F.);
#4070=EDGE_CURVE('0:23068',#4789,#4787,#4790,.F.);
#4071=EDGE_CURVE('0:23065',#4791,#4789,#4792,.F.);
#4072=EDGE_CURVE('0:23062',#4793,#4791,#4794,.F.);
#4073=EDGE_CURVE('0:23059',#4795,#4793,#4796,.F.);
#4074=EDGE_CURVE('0:23056',#4797,#4795,#4798,.F.);
#4075=EDGE_CURVE('0:23053',#4799,#4797,#4800,.F.);
#4076=EDGE_CURVE('0:23050',#4801,#4799,#4802,.F.);
#4077=EDGE_CURVE('0:23047',#4803,#4801,#4804,.F.);
#4078=EDGE_CURVE('0:23044',#4805,#4803,#4806,.F.);
#4079=EDGE_CURVE('0:23041',#4807,#4805,#4808,.F.);
#4080=EDGE_CURVE('0:23038',#4809,#4807,#4810,.F.);
#4081=EDGE_CURVE('0:23035',#4811,#4809,#4812,.F.);
#4082=EDGE_CURVE('0:23032',#4813,#4811,#4814,.F.);
#4083=EDGE_CURVE('0:23029',#4815,#4813,#4816,.F.);
#4084=EDGE_CURVE('0:23026',#4817,#4815,#4818,.F.);
#4085=EDGE_CURVE('3:1509',#4819,#4817,#4820,.T.);
#4086=EDGE_CURVE('0:15554',#4625,#4819,#4821,.F.);
#4087=EDGE_CURVE('1:2072',#4609,#4605,#4822,.T.);
#4088=EDGE_CURVE('0:15503',#4823,#4658,#4824,.T.);
#4089=EDGE_CURVE('0:15506',#4823,#4639,#4825,.T.);
#4090=EDGE_CURVE('0:15494',#4638,#4631,#4826,.T.);
#4091=EDGE_CURVE('1:2262',#4619,#4613,#4827,.T.);
#4092=EDGE_CURVE('3:1512',#4828,#4819,#4829,.T.);
#4093=EDGE_CURVE('0:15560',#4828,#4651,#4830,.T.);
#4094=EDGE_CURVE('0:15548',#4649,#4627,#4831,.T.);
#4095=EDGE_CURVE('0:15482',#4643,#4633,#4832,.T.);
#4096=EDGE_CURVE('0:15485',#4641,#4833,#4834,.T.);
#4097=EDGE_CURVE('3:1500',#4661,#4833,#4835,.T.);
#4098=EDGE_CURVE('1:2256',#4604,#4607,#4836,.T.);
#4099=EDGE_CURVE('3:1503',#4833,#4837,#4838,.T.);
#4100=EDGE_CURVE('3:1494',#4837,#4663,#4839,.T.);
#4101=EDGE_CURVE('3:1506',#4817,#4840,#4841,.T.);
#4102=EDGE_CURVE('3:1515',#4840,#4828,#4842,.T.);
#4103=EDGE_CURVE('0:23140',#4843,#4741,#4844,.T.);
#4104=EDGE_CURVE('0:23143',#4843,#4845,#4846,.T.);
#4105=EDGE_CURVE('0:22864',#4845,#4847,#4848,.T.);
#4106=EDGE_CURVE('0:22867',#4847,#4849,#4850,.T.);
#4107=EDGE_CURVE('0:22870',#4849,#4851,#4852,.T.);
#4108=EDGE_CURVE('0:22873',#4851,#4853,#4854,.T.);
#4109=EDGE_CURVE('0:22876',#4853,#4855,#4856,.T.);
#4110=EDGE_CURVE('0:22879',#4855,#4857,#4858,.T.);
#4111=EDGE_CURVE('0:22882',#4857,#4859,#4860,.T.);
#4112=EDGE_CURVE('0:22885',#4859,#4861,#4862,.T.);
#4113=EDGE_CURVE('0:22888',#4861,#4863,#4864,.T.);
#4114=EDGE_CURVE('0:22891',#4863,#4865,#4866,.T.);
#4115=EDGE_CURVE('0:22894',#4865,#4867,#4868,.T.);
#4116=EDGE_CURVE('0:22897',#4867,#4869,#4870,.T.);
#4117=EDGE_CURVE('0:22900',#4869,#4871,#4872,.T.);
#4118=EDGE_CURVE('0:22903',#4871,#4873,#4874,.T.);
#4119=EDGE_CURVE('0:22906',#4873,#4875,#4876,.T.);
#4120=EDGE_CURVE('0:22909',#4875,#4877,#4878,.T.);
#4121=EDGE_CURVE('0:22912',#4877,#4879,#4880,.T.);
#4122=EDGE_CURVE('0:22915',#4879,#4881,#4882,.T.);
#4123=EDGE_CURVE('0:22918',#4881,#4883,#4884,.T.);
#4124=EDGE_CURVE('0:22921',#4883,#4885,#4886,.T.);
#4125=EDGE_CURVE('0:22924',#4885,#4887,#4888,.T.);
#4126=EDGE_CURVE('0:22927',#4887,#4889,#4890,.T.);
#4127=EDGE_CURVE('0:22930',#4889,#4891,#4892,.T.);
#4128=EDGE_CURVE('0:22933',#4891,#4893,#4894,.T.);
#4129=EDGE_CURVE('0:22936',#4893,#4895,#4896,.T.);
#4130=EDGE_CURVE('0:22939',#4895,#4897,#4898,.T.);
#4131=EDGE_CURVE('0:22942',#4897,#4899,#4900,.T.);
#4132=EDGE_CURVE('0:22945',#4899,#4901,#4902,.T.);
#4133=EDGE_CURVE('0:22948',#4901,#4903,#4904,.T.);
#4134=EDGE_CURVE('0:22951',#4903,#4905,#4906,.T.);
#4135=EDGE_CURVE('0:22954',#4905,#4907,#4908,.T.);
#4136=EDGE_CURVE('0:22957',#4907,#4909,#4910,.T.);
#4137=EDGE_CURVE('0:22960',#4909,#4911,#4912,.T.);
#4138=EDGE_CURVE('0:22963',#4911,#4913,#4914,.T.);
#4139=EDGE_CURVE('0:22966',#4913,#4915,#4916,.T.);
#4140=EDGE_CURVE('0:22969',#4915,#4917,#4918,.T.);
#4141=EDGE_CURVE('0:22972',#4917,#4840,#4919,.T.);
#4142=EDGE_CURVE('0:20230',#4837,#4920,#4921,.T.);
#4143=EDGE_CURVE('0:20233',#4920,#4922,#4923,.T.);
#4144=EDGE_CURVE('0:20236',#4922,#4924,#4925,.T.);
#4145=EDGE_CURVE('0:20239',#4924,#4926,#4927,.T.);
#4146=EDGE_CURVE('0:20242',#4926,#4928,#4929,.T.);
#4147=EDGE_CURVE('0:20245',#4928,#4930,#4931,.T.);
#4148=EDGE_CURVE('0:20248',#4930,#4932,#4933,.T.);
#4149=EDGE_CURVE('0:20251',#4932,#4934,#4935,.T.);
#4150=EDGE_CURVE('0:20254',#4934,#4936,#4937,.T.);
#4151=EDGE_CURVE('0:20257',#4936,#4938,#4939,.T.);
#4152=EDGE_CURVE('0:20260',#4938,#4940,#4941,.T.);
#4153=EDGE_CURVE('0:20263',#4940,#4942,#4943,.T.);
#4154=EDGE_CURVE('0:20266',#4942,#4944,#4945,.T.);
#4155=EDGE_CURVE('0:20269',#4944,#4946,#4947,.T.);
#4156=EDGE_CURVE('0:20272',#4946,#4948,#4949,.T.);
#4157=EDGE_CURVE('0:20275',#4948,#4950,#4951,.T.);
#4158=EDGE_CURVE('0:20278',#4950,#4952,#4953,.T.);
#4159=EDGE_CURVE('0:20281',#4952,#4954,#4955,.T.);
#4160=EDGE_CURVE('0:20284',#4954,#4956,#4957,.T.);
#4161=EDGE_CURVE('0:20287',#4956,#4958,#4959,.T.);
#4162=EDGE_CURVE('0:20290',#4958,#4960,#4961,.T.);
#4163=EDGE_CURVE('0:20293',#4960,#4962,#4963,.T.);
#4164=EDGE_CURVE('0:20296',#4962,#4964,#4965,.T.);
#4165=EDGE_CURVE('0:20299',#4964,#4966,#4967,.T.);
#4166=EDGE_CURVE('0:20302',#4966,#4968,#4969,.T.);
#4167=EDGE_CURVE('0:20305',#4968,#4970,#4971,.T.);
#4168=EDGE_CURVE('0:20308',#4970,#4972,#4973,.T.);
#4169=EDGE_CURVE('0:20311',#4972,#4974,#4975,.T.);
#4170=EDGE_CURVE('0:20314',#4974,#4976,#4977,.T.);
#4171=EDGE_CURVE('0:20317',#4976,#4978,#4979,.T.);
#4172=EDGE_CURVE('0:20320',#4978,#4980,#4981,.T.);
#4173=EDGE_CURVE('0:20323',#4980,#4982,#4983,.T.);
#4174=EDGE_CURVE('0:20326',#4982,#4984,#4985,.T.);
#4175=EDGE_CURVE('0:20329',#4984,#4986,#4987,.T.);
#4176=EDGE_CURVE('0:20332',#4986,#4988,#4989,.T.);
#4177=EDGE_CURVE('0:20335',#4988,#4990,#4991,.T.);
#4178=EDGE_CURVE('0:20338',#4990,#4992,#4993,.T.);
#4179=EDGE_CURVE('0:20341',#4992,#4994,#4995,.T.);
#4180=EDGE_CURVE('0:20344',#4994,#4739,#4996,.T.);
#4181=EDGE_CURVE('1:2259',#4612,#4617,#4997,.T.);
#4182=EDGE_CURVE('0:15512',#4998,#4656,#4999,.T.);
#4183=EDGE_CURVE('0:15515',#4998,#4823,#5000,.T.);
#4184=EDGE_CURVE('0:15530',#5001,#4654,#5002,.T.);
#4185=EDGE_CURVE('0:15524',#5001,#4998,#5003,.T.);
#4186=EDGE_CURVE('0:15539',#4647,#4622,#5004,.T.);
#4187=EDGE_CURVE('0:15542',#4646,#5001,#5005,.T.);
#4188=EDGE_CURVE('0:15983',#4994,#4843,#5006,.T.);
#4189=COLOUR_RGB('',0.560784339904785,0.623529434204102,0.686274528503418);
#4190=EDGE_CURVE('',#5007,#5008,#5009,.T.);
#4191=EDGE_CURVE('4:24255',#5010,#5007,#5011,.T.);
#4192=EDGE_CURVE('4:24258',#5010,#5012,#5013,.T.);
#4193=EDGE_CURVE('4:30293',#5008,#5012,#5014,.T.);
#4194=EDGE_CURVE('',#5015,#5016,#5017,.T.);
#4195=EDGE_CURVE('4:24237',#5018,#5015,#5019,.T.);
#4196=EDGE_CURVE('4:24240',#5018,#5020,#5021,.T.);
#4197=EDGE_CURVE('4:30287',#5016,#5020,#5022,.T.);
#4198=EDGE_CURVE('',#5023,#5024,#5025,.T.);
#4199=EDGE_CURVE('4:24219',#5026,#5023,#5027,.T.);
#4200=EDGE_CURVE('4:24222',#5026,#5028,#5029,.T.);
#4201=EDGE_CURVE('4:30281',#5024,#5028,#5030,.T.);
#4202=EDGE_CURVE('',#5031,#5032,#5033,.T.);
#4203=EDGE_CURVE('4:24201',#5034,#5031,#5035,.T.);
#4204=EDGE_CURVE('4:24204',#5034,#5036,#5037,.T.);
#4205=EDGE_CURVE('4:30275',#5038,#5036,#5039,.T.);
#4206=EDGE_CURVE('4:30275',#5032,#5038,#5040,.T.);
#4207=EDGE_CURVE('',#5041,#5042,#5043,.T.);
#4208=EDGE_CURVE('4:24183',#5044,#5041,#5045,.T.);
#4209=EDGE_CURVE('4:24186',#5044,#5046,#5047,.T.);
#4210=EDGE_CURVE('4:30269',#5048,#5046,#5049,.T.);
#4211=EDGE_CURVE('4:30269',#5042,#5048,#5050,.T.);
#4212=EDGE_CURVE('',#5051,#5052,#5053,.T.);
#4213=EDGE_CURVE('4:24074',#5054,#5051,#5055,.T.);
#4214=EDGE_CURVE('4:24062',#5054,#5056,#5057,.T.);
#4215=EDGE_CURVE('4:30263',#5052,#5056,#5058,.T.);
#4216=EDGE_CURVE('',#5059,#5060,#5061,.T.);
#4217=EDGE_CURVE('4:24345',#5062,#5059,#5063,.T.);
#4218=EDGE_CURVE('4:24348',#5062,#5064,#5065,.T.);
#4219=EDGE_CURVE('4:30323',#5060,#5064,#5066,.T.);
#4220=EDGE_CURVE('',#5067,#5068,#5069,.T.);
#4221=EDGE_CURVE('4:24327',#5070,#5067,#5071,.T.);
#4222=EDGE_CURVE('4:24330',#5070,#5072,#5073,.T.);
#4223=EDGE_CURVE('4:30317',#5068,#5072,#5074,.T.);
#4224=EDGE_CURVE('',#5075,#5076,#5077,.T.);
#4225=EDGE_CURVE('4:24309',#5078,#5075,#5079,.T.);
#4226=EDGE_CURVE('4:24312',#5078,#5080,#5081,.T.);
#4227=EDGE_CURVE('4:30311',#5082,#5080,#5083,.T.);
#4228=EDGE_CURVE('4:30311',#5076,#5082,#5084,.T.);
#4229=EDGE_CURVE('',#5085,#5086,#5087,.T.);
#4230=EDGE_CURVE('4:24291',#5088,#5085,#5089,.T.);
#4231=EDGE_CURVE('4:24294',#5088,#5090,#5091,.T.);
#4232=EDGE_CURVE('4:30305',#5092,#5090,#5093,.T.);
#4233=EDGE_CURVE('4:30305',#5086,#5092,#5094,.T.);
#4234=EDGE_CURVE('',#5095,#5096,#5097,.T.);
#4235=EDGE_CURVE('4:24273',#5098,#5095,#5099,.T.);
#4236=EDGE_CURVE('4:24276',#5098,#5100,#5101,.T.);
#4237=EDGE_CURVE('4:30299',#5102,#5100,#5103,.T.);
#4238=EDGE_CURVE('4:30299',#5096,#5102,#5104,.T.);
#4239=EDGE_CURVE('',#5105,#5106,#5107,.T.);
#4240=EDGE_CURVE('4:30326',#5105,#5108,#5109,.T.);
#4241=EDGE_CURVE('4:30194',#5110,#5108,#5111,.T.);
#4242=EDGE_CURVE('4:30323',#5110,#5106,#5112,.T.);
#4243=EDGE_CURVE('',#5113,#5114,#5115,.T.);
#4244=EDGE_CURVE('4:30320',#5113,#5116,#5117,.T.);
#4245=EDGE_CURVE('4:30185',#5116,#5118,#5119,.T.);
#4246=EDGE_CURVE('4:30317',#5118,#5114,#5120,.T.);
#4247=EDGE_CURVE('',#5121,#5082,#5122,.T.);
#4248=EDGE_CURVE('4:30314',#5121,#5123,#5124,.T.);
#4249=EDGE_CURVE('4:30179',#5123,#5125,#5126,.T.);
#4250=EDGE_CURVE('4:30311',#5125,#5076,#5127,.T.);
#4251=EDGE_CURVE('',#5128,#5092,#5129,.T.);
#4252=EDGE_CURVE('4:30308',#5128,#5130,#5131,.T.);
#4253=EDGE_CURVE('4:30173',#5130,#5132,#5133,.T.);
#4254=EDGE_CURVE('4:30305',#5132,#5086,#5134,.T.);
#4255=EDGE_CURVE('',#5135,#5102,#5136,.T.);
#4256=EDGE_CURVE('4:30164',#5137,#5135,#5138,.T.);
#4257=EDGE_CURVE('4:30302',#5137,#5139,#5140,.T.);
#4258=EDGE_CURVE('4:30167',#5139,#5141,#5142,.T.);
#4259=EDGE_CURVE('4:30299',#5141,#5096,#5143,.T.);
#4260=EDGE_CURVE('',#5144,#5145,#5146,.T.);
#4261=EDGE_CURVE('4:30293',#5144,#5008,#5147,.T.);
#4262=EDGE_CURVE('4:30158',#5148,#5012,#5149,.T.);
#4263=EDGE_CURVE('4:30296',#5148,#5150,#5151,.T.);
#4264=EDGE_CURVE('4:30161',#5150,#5145,#5152,.T.);
#4265=EDGE_CURVE('',#5153,#5154,#5155,.T.);
#4266=EDGE_CURVE('4:30287',#5153,#5016,#5156,.T.);
#4267=EDGE_CURVE('4:30152',#5157,#5020,#5158,.T.);
#4268=EDGE_CURVE('4:30290',#5157,#5154,#5159,.T.);
#4269=EDGE_CURVE('',#5160,#5161,#5162,.T.);
#4270=EDGE_CURVE('4:30281',#5160,#5024,#5163,.T.);
#4271=EDGE_CURVE('4:30146',#5164,#5028,#5165,.T.);
#4272=EDGE_CURVE('4:30284',#5164,#5161,#5166,.T.);
#4273=EDGE_CURVE('',#5038,#5167,#5168,.T.);
#4274=EDGE_CURVE('4:30140',#5169,#5036,#5170,.T.);
#4275=EDGE_CURVE('4:30278',#5169,#5167,#5171,.T.);
#4276=EDGE_CURVE('',#5048,#5172,#5173,.T.);
#4277=EDGE_CURVE('4:30134',#5174,#5046,#5175,.T.);
#4278=EDGE_CURVE('4:30272',#5174,#5172,#5176,.T.);
#4279=EDGE_CURVE('',#5177,#5178,#5179,.T.);
#4280=EDGE_CURVE('5:9711',#5180,#5177,#5181,.F.);
#4281=EDGE_CURVE('',#5182,#5180,#5183,.T.);
#4282=EDGE_CURVE('5:9941',#5184,#5182,#5185,.T.);
#4283=EDGE_CURVE('5:9941',#5178,#5184,#5186,.T.);
#4284=EDGE_CURVE('',#5187,#5184,#5188,.T.);
#4285=EDGE_CURVE('5:9944',#5187,#5189,#5190,.T.);
#4286=EDGE_CURVE('',#5191,#5189,#5192,.T.);
#4287=EDGE_CURVE('5:9941',#5191,#5178,#5193,.T.);
#4288=EDGE_CURVE('',#5194,#5195,#5196,.T.);
#4289=EDGE_CURVE('4:24478',#5194,#5197,#5198,.F.);
#4290=EDGE_CURVE('',#5199,#5197,#5200,.T.);
#4291=EDGE_CURVE('4:24499',#5195,#5199,#5201,.F.);
#4292=EDGE_CURVE('4:24499',#5199,#5195,#5202,.F.);
#4293=EDGE_CURVE('4:24478',#5197,#5194,#5203,.F.);
#4294=EDGE_CURVE('6:1814',#5204,#5205,#5206,.F.);
#4295=EDGE_CURVE('6:1760',#5207,#5204,#5208,.T.);
#4296=EDGE_CURVE('6:1817',#5207,#5209,#5210,.T.);
#4297=EDGE_CURVE('6:1745',#5209,#5205,#5211,.T.);
#4298=EDGE_CURVE('6:1804',#5212,#5204,#5213,.F.);
#4299=EDGE_CURVE('6:1757',#5214,#5212,#5215,.T.);
#4300=EDGE_CURVE('6:1807',#5214,#5207,#5216,.T.);
#4301=EDGE_CURVE('6:1794',#5217,#5212,#5218,.F.);
#4302=EDGE_CURVE('6:1754',#5219,#5217,#5220,.T.);
#4303=EDGE_CURVE('6:1797',#5219,#5214,#5221,.T.);
#4304=EDGE_CURVE('6:1784',#5222,#5217,#5223,.F.);
#4305=EDGE_CURVE('6:1751',#5224,#5222,#5225,.T.);
#4306=EDGE_CURVE('6:1787',#5224,#5219,#5226,.T.);
#4307=EDGE_CURVE('6:1774',#5227,#5222,#5228,.F.);
#4308=EDGE_CURVE('6:1748',#5229,#5227,#5230,.T.);
#4309=EDGE_CURVE('6:1777',#5229,#5224,#5231,.T.);
#4310=EDGE_CURVE('6:1764',#5205,#5227,#5232,.F.);
#4311=EDGE_CURVE('6:1767',#5209,#5229,#5233,.T.);
#4312=EDGE_CURVE('4:24074',#5051,#5234,#5235,.T.);
#4313=EDGE_CURVE('4:24192',#5044,#5234,#5236,.T.);
#4314=EDGE_CURVE('4:24183',#5041,#5237,#5238,.T.);
#4315=EDGE_CURVE('4:24210',#5034,#5237,#5239,.T.);
#4316=EDGE_CURVE('4:24201',#5031,#5240,#5241,.T.);
#4317=EDGE_CURVE('4:24228',#5026,#5240,#5242,.T.);
#4318=EDGE_CURVE('4:24219',#5023,#5243,#5244,.T.);
#4319=EDGE_CURVE('4:24246',#5018,#5243,#5245,.T.);
#4320=EDGE_CURVE('4:24237',#5015,#5246,#5247,.T.);
#4321=EDGE_CURVE('4:24264',#5010,#5246,#5248,.T.);
#4322=EDGE_CURVE('4:24255',#5007,#5249,#5250,.T.);
#4323=EDGE_CURVE('4:24282',#5098,#5249,#5251,.T.);
#4324=EDGE_CURVE('4:24273',#5095,#5252,#5253,.T.);
#4325=EDGE_CURVE('4:24300',#5088,#5252,#5254,.T.);
#4326=EDGE_CURVE('4:24291',#5085,#5255,#5256,.T.);
#4327=EDGE_CURVE('4:24318',#5078,#5255,#5257,.T.);
#4328=EDGE_CURVE('4:24309',#5075,#5258,#5259,.T.);
#4329=EDGE_CURVE('4:24336',#5070,#5258,#5260,.T.);
#4330=EDGE_CURVE('4:24327',#5067,#5261,#5262,.T.);
#4331=EDGE_CURVE('4:24354',#5062,#5261,#5263,.T.);
#4332=EDGE_CURVE('4:24345',#5059,#5264,#5265,.T.);
#4333=EDGE_CURVE('4:24065',#5054,#5264,#5266,.T.);
#4334=EDGE_CURVE('5:9941',#5182,#5191,#5267,.T.);
#4335=EDGE_CURVE('5:9944',#5189,#5268,#5269,.T.);
#4336=EDGE_CURVE('5:9944',#5268,#5187,#5270,.T.);
#4337=EDGE_CURVE('5:9711',#5177,#5180,#5271,.F.);
#4338=EDGE_CURVE('4:30200',#5108,#5272,#5273,.T.);
#4339=EDGE_CURVE('4:30326',#5274,#5105,#5275,.T.);
#4340=EDGE_CURVE('4:30206',#5116,#5274,#5276,.T.);
#4341=EDGE_CURVE('4:30320',#5277,#5113,#5278,.T.);
#4342=EDGE_CURVE('4:30212',#5123,#5277,#5279,.T.);
#4343=EDGE_CURVE('4:30314',#5280,#5121,#5281,.T.);
#4344=EDGE_CURVE('4:30218',#5130,#5280,#5282,.T.);
#4345=EDGE_CURVE('4:30308',#5283,#5128,#5284,.T.);
#4346=EDGE_CURVE('4:30224',#5139,#5283,#5285,.T.);
#4347=EDGE_CURVE('4:30230',#5150,#5137,#5286,.T.);
#4348=EDGE_CURVE('4:30236',#5287,#5148,#5288,.T.);
#4349=EDGE_CURVE('4:30290',#5154,#5287,#5289,.T.);
#4350=EDGE_CURVE('4:30242',#5290,#5157,#5291,.T.);
#4351=EDGE_CURVE('4:30284',#5161,#5290,#5292,.T.);
#4352=EDGE_CURVE('4:30248',#5293,#5164,#5294,.T.);
#4353=EDGE_CURVE('4:30278',#5167,#5293,#5295,.T.);
#4354=EDGE_CURVE('4:30254',#5296,#5169,#5297,.T.);
#4355=EDGE_CURVE('4:30272',#5172,#5296,#5298,.T.);
#4356=EDGE_CURVE('4:30260',#5299,#5174,#5300,.T.);
#4357=EDGE_CURVE('4:30266',#5272,#5299,#5301,.T.);
#4358=EDGE_CURVE('4:30191',#5272,#5056,#5302,.T.);
#4359=EDGE_CURVE('4:30197',#5056,#5110,#5303,.T.);
#4360=EDGE_CURVE('4:30131',#5299,#5304,#5305,.T.);
#4361=EDGE_CURVE('4:30263',#5304,#5052,#5306,.T.);
#4362=EDGE_CURVE('4:30257',#5046,#5304,#5307,.T.);
#4363=EDGE_CURVE('4:30137',#5296,#5308,#5309,.T.);
#4364=EDGE_CURVE('4:30269',#5308,#5042,#5310,.T.);
#4365=EDGE_CURVE('4:30251',#5036,#5308,#5311,.T.);
#4366=EDGE_CURVE('4:30143',#5293,#5312,#5313,.T.);
#4367=EDGE_CURVE('4:30275',#5312,#5032,#5314,.T.);
#4368=EDGE_CURVE('4:30245',#5028,#5312,#5315,.T.);
#4369=EDGE_CURVE('4:30149',#5290,#5316,#5317,.T.);
#4370=EDGE_CURVE('4:30281',#5316,#5160,#5318,.T.);
#4371=EDGE_CURVE('4:30239',#5020,#5316,#5319,.T.);
#4372=EDGE_CURVE('4:30155',#5287,#5320,#5321,.T.);
#4373=EDGE_CURVE('4:30287',#5320,#5153,#5322,.T.);
#4374=EDGE_CURVE('4:30233',#5012,#5320,#5323,.T.);
#4375=EDGE_CURVE('4:30161',#5145,#5324,#5325,.T.);
#4376=EDGE_CURVE('4:30293',#5324,#5144,#5326,.T.);
#4377=EDGE_CURVE('4:30227',#5100,#5324,#5327,.T.);
#4378=EDGE_CURVE('4:30164',#5135,#5100,#5328,.T.);
#4379=EDGE_CURVE('4:30221',#5090,#5141,#5329,.T.);
#4380=EDGE_CURVE('4:30170',#5283,#5090,#5330,.T.);
#4381=EDGE_CURVE('4:30215',#5080,#5132,#5331,.T.);
#4382=EDGE_CURVE('4:30176',#5280,#5080,#5332,.T.);
#4383=EDGE_CURVE('4:30209',#5072,#5125,#5333,.T.);
#4384=EDGE_CURVE('4:30182',#5277,#5072,#5334,.T.);
#4385=EDGE_CURVE('4:30317',#5114,#5068,#5335,.T.);
#4386=EDGE_CURVE('4:30203',#5064,#5118,#5336,.T.);
#4387=EDGE_CURVE('4:30188',#5274,#5064,#5337,.T.);
#4388=EDGE_CURVE('4:30323',#5106,#5060,#5338,.T.);
#4389=EDGE_CURVE('4:24252',#5249,#5324,#5339,.T.);
#4390=EDGE_CURVE('4:24270',#5252,#5141,#5340,.T.);
#4391=EDGE_CURVE('4:24288',#5255,#5132,#5341,.T.);
#4392=EDGE_CURVE('4:24306',#5258,#5125,#5342,.T.);
#4393=EDGE_CURVE('4:24324',#5261,#5118,#5343,.T.);
#4394=EDGE_CURVE('4:24342',#5264,#5110,#5344,.T.);
#4395=EDGE_CURVE('4:24068',#5234,#5304,#5345,.T.);
#4396=EDGE_CURVE('4:24180',#5237,#5308,#5346,.T.);
#4397=EDGE_CURVE('4:24198',#5240,#5312,#5347,.T.);
#4398=EDGE_CURVE('4:24216',#5243,#5316,#5348,.T.);
#4399=EDGE_CURVE('4:24234',#5246,#5320,#5349,.T.);
#4400=VERTEX_POINT('',#5350);
#4401=VERTEX_POINT('',#5351);
#4402=LINE('',#5352,#5353);
#4403=VERTEX_POINT('',#5354);
#4404=B_SPLINE_CURVE_WITH_KNOTS('',3,(#5355,#5356,#5357,#5358,#5359,#5360,#5361),.UNSPECIFIED.,.F.,.F.,(4,3,4),(0.5,0.75,1.0),.UNSPECIFIED.);
#4405=VERTEX_POINT('',#5362);
#4406=LINE('',#5363,#5364);
#4407=VERTEX_POINT('',#5365);
#4408=B_SPLINE_CURVE_WITH_KNOTS('',3,(#5366,#5367,#5368,#5369,#5370,#5371,#5372),.UNSPECIFIED.,.F.,.F.,(4,3,4),(-1.0,-0.75,-0.5),.UNSPECIFIED.);
#4409=VERTEX_POINT('',#5373);
#4410=LINE('',#5374,#5375);
#4411=VERTEX_POINT('',#5376);
#4412=B_SPLINE_CURVE_WITH_KNOTS('',3,(#5377,#5378,#5379,#5380,#5381,#5382,#5383,#5384,#5385,#5386,#5387,#5388,#5389,#5390,#5391,#5392,#5393,#5394,#5395,#5396),.UNSPECIFIED.,.F.,.F.,(4,2,2,2,2,2,2,2,2,4),(-0.0157575133328284,-0.0147409835691419,-0.0137562035858801,-0.0119013423857406,-0.0101027072359002,-0.00823548268315787,-0.0061763274160983,-0.00406303218519338,-0.00201100569904999,-0.0),.UNSPECIFIED.);
#4413=VERTEX_POINT('',#5397);
#4414=B_SPLINE_CURVE_WITH_KNOTS('',3,(#5398,#5399,#5400,#5401,#5402,#5403,#5404,#5405,#5406,#5407,#5408,#5409,#5410,#5411),.UNSPECIFIED.,.F.,.F.,(4,2,2,2,2,2,4),(-0.021102926645693,-0.0204901777207662,-0.0195876228742886,-0.0181998358864551,-0.0168404377750619,-0.0158233271041778,-0.0157088542144328),.UNSPECIFIED.);
#4415=VERTEX_POINT('',#5412);
#4416=B_SPLINE_CURVE_WITH_KNOTS('',3,(#5413,#5414,#5415,#5416,#5417,#5418,#5419,#5420,#5421,#5422,#5423,#5424,#5425,#5426,#5427,#5428),.UNSPECIFIED.,.F.,.F.,(4,2,2,2,2,2,2,4),(-0.0157088542144328,-0.0155909682988467,-0.0151040166329647,-0.0139044430802806,-0.0127046225446258,-0.0115528690090887,-0.0108691882062115,-0.0106071056536175),.UNSPECIFIED.);
#4417=B_SPLINE_CURVE_WITH_KNOTS('',3,(#5429,#5430,#5431,#5432,#5433,#5434,#5435,#5436,#5437,#5438,#5439,#5440,#5441,#5442,#5443,#5444,#5445,#5446,#5447,#5448),.UNSPECIFIED.,.F.,.F.,(4,2,2,2,2,2,2,2,2,4),(-0.0157575133327571,-0.0147409835690812,-0.0137562035858295,-0.0119013423857104,-0.0101027072358857,-0.00823548268315228,-0.00617632741609482,-0.00406303218518792,-0.00201100569904731,-0.0),.UNSPECIFIED.);
#4418=VERTEX_POINT('',#5449);
#4419=LINE('',#5450,#5451);
#4420=VERTEX_POINT('',#5452);
#4421=LINE('',#5453,#5454);
#4422=B_SPLINE_CURVE_WITH_KNOTS('',3,(#5455,#5456,#5457,#5458,#5459,#5460,#5461,#5462,#5463,#5464,#5465,#5466,#5467,#5468,#5469,#5470,#5471,#5472,#5473,#5474,#5475,#5476,#5477,#5478,#5479,#5480,#5481,#5482,#5483,#5484),.UNSPECIFIED.,.F.,.F.,(4,2,2,2,2,2,2,2,2,2,2,2,2,2,4),(-0.011320631753932,-0.0103663102335338,-0.0095905709328211,-0.00871354198217769,-0.00794212021468129,-0.00715749621749275,-0.00634671565988753,-0.00555520064579703,-0.00476455999963001,-0.00393927591705254,-0.00316346303602468,-0.00236869758665236,-0.00148790688241928,-0.000634903406515752,-0.0),.UNSPECIFIED.);
#4423=VERTEX_POINT('',#5485);
#4424=VERTEX_POINT('',#5486);
#4425=LINE('',#5487,#5488);
#4426=VERTEX_POINT('',#5489);
#4427=B_SPLINE_CURVE_WITH_KNOTS('',3,(#5490,#5491,#5492,#5493,#5494,#5495,#5496,#5497,#5498,#5499,#5500,#5501),.UNSPECIFIED.,.F.,.F.,(4,2,2,2,2,4),(-0.0206465771181865,-0.0198857991020152,-0.018812307614607,-0.0174958857208891,-0.0162342934651786,-0.0155121425385142),.UNSPECIFIED.);
#4428=VERTEX_POINT('',#5502);
#4429=LINE('',#5503,#5504);
#4430=B_SPLINE_CURVE_WITH_KNOTS('',3,(#5505,#5506,#5507,#5508,#5509,#5510,#5511,#5512,#5513,#5514,#5515,#5516,#5517,#5518),.UNSPECIFIED.,.F.,.F.,(4,2,2,2,2,2,4),(-0.00530034185501303,-0.00478397318851639,-0.00423936133991785,-0.00291243745635208,-0.00151949523392875,-0.000622151351803883,-0.0),.UNSPECIFIED.);
#4431=VERTEX_POINT('',#5519);
#4432=VERTEX_POINT('',#5520);
#4433=LINE('',#5521,#5522);
#4434=VERTEX_POINT('',#5523);
#4435=B_SPLINE_CURVE_WITH_KNOTS('',3,(#5524,#5525,#5526,#5527,#5528,#5529,#5530,#5531,#5532,#5533,#5534,#5535,#5536,#5537,#5538,#5539,#5540,#5541,#5542,#5543,#5544,#5545,#5546,#5547,#5548,#5549,#5550,#5551,#5552,#5553,#5554,#5555,#5556,#5557,#5558,#5559,#5560),.UNSPECIFIED.,.F.,.F.,(4,3,3,3,3,3,3,3,3,3,3,3,4),(-0.0212160344122921,-0.01795721129053,-0.0139715368694916,-0.0105087301824039,-0.00999370273687008,-0.00752535458293781,-0.0070366647718116,-0.00654274377917648,-0.00493713536466761,-0.00418204884970076,-0.00359030858802177,-0.000120310121141001,-0.0),.UNSPECIFIED.);
#4436=VERTEX_POINT('',#5561);
#4437=LINE('',#5562,#5563);
#4438=B_SPLINE_CURVE_WITH_KNOTS('',3,(#5564,#5565,#5566,#5567,#5568,#5569,#5570,#5571,#5572,#5573,#5574,#5575,#5576,#5577,#5578,#5579,#5580,#5581,#5582,#5583,#5584,#5585),.UNSPECIFIED.,.F.,.F.,(4,3,3,3,3,3,3,4),(-0.0172371725999813,-0.017052578812101,-0.0126797774411596,-0.00944324532293944,-0.00708243399220458,-0.00554829392462174,-0.00446178177411106,-0.0),.UNSPECIFIED.);
#4439=VERTEX_POINT('',#5586);
#4440=VERTEX_POINT('',#5587);
#4441=LINE('',#5588,#5589);
#4442=VERTEX_POINT('',#5590);
#4443=B_SPLINE_CURVE_WITH_KNOTS('',3,(#5591,#5592,#5593,#5594,#5595,#5596,#5597,#5598,#5599,#5600,#5601,#5602,#5603,#5604,#5605,#5606,#5607,#5608,#5609,#5610,#5611,#5612,#5613,#5614,#5615),.UNSPECIFIED.,.F.,.F.,(4,3,3,3,3,3,3,3,4),(-0.0156700148213641,-0.0117942693466123,-0.0108132389332181,-0.00984575111184666,-0.00743251613281458,-0.00543142851010325,-0.00162651994473372,-0.000167032922357062,-0.0),.UNSPECIFIED.);
#4444=VERTEX_POINT('',#5616);
#4445=LINE('',#5617,#5618);
#4446=B_SPLINE_CURVE_WITH_KNOTS('',3,(#5619,#5620,#5621,#5622,#5623,#5624,#5625,#5626,#5627,#5628,#5629,#5630,#5631,#5632),.UNSPECIFIED.,.F.,.F.,(4,2,2,2,2,2,4),(-0.0210697575174702,-0.0183695508333218,-0.0152981838543499,-0.0117821254029813,-0.00791702460544298,-0.0042924641924886,-0.0),.UNSPECIFIED.);
#4447=VERTEX_POINT('',#5633);
#4448=B_SPLINE_CURVE_WITH_KNOTS('',3,(#5634,#5635,#5636,#5637,#5638,#5639,#5640,#5641,#5642,#5643,#5644,#5645,#5646,#5647),.UNSPECIFIED.,.F.,.F.,(4,2,2,2,2,2,4),(-0.0210697575174702,-0.0183695508333218,-0.0152981838543499,-0.0117821254029813,-0.00791702460544298,-0.0042924641924886,-0.0),.UNSPECIFIED.);
#4449=VERTEX_POINT('',#5648);
#4450=LINE('',#5649,#5650);
#4451=B_SPLINE_CURVE_WITH_KNOTS('',3,(#5651,#5652,#5653,#5654,#5655,#5656,#5657,#5658,#5659,#5660,#5661,#5662,#5663,#5664,#5665,#5666,#5667,#5668,#5669,#5670,#5671,#5672,#5673,#5674,#5675),.UNSPECIFIED.,.F.,.F.,(4,3,3,3,3,3,3,3,4),(-0.0156700148213641,-0.0117942693466123,-0.0108132389332181,-0.00984575111184666,-0.00743251613281458,-0.00543142851010325,-0.00162651994473372,-0.000167032922357062,-0.0),.UNSPECIFIED.);
#4452=B_SPLINE_CURVE_WITH_KNOTS('',3,(#5676,#5677,#5678,#5679,#5680,#5681,#5682),.UNSPECIFIED.,.F.,.F.,(4,3,4),(0.0,0.25,0.5),.UNSPECIFIED.);
#4453=VERTEX_POINT('',#5683);
#4454=VERTEX_POINT('',#5684);
#4455=B_SPLINE_CURVE_WITH_KNOTS('',3,(#5685,#5686,#5687,#5688),.UNSPECIFIED.,.F.,.F.,(4,4),(-0.25,-0.125),.UNSPECIFIED.);
#4456=VERTEX_POINT('',#5689);
#4457=B_SPLINE_CURVE_WITH_KNOTS('',3,(#5690,#5691,#5692,#5693),.UNSPECIFIED.,.F.,.F.,(4,4),(-0.125,-0.0),.UNSPECIFIED.);
#4458=VERTEX_POINT('',#5694);
#4459=B_SPLINE_CURVE_WITH_KNOTS('',3,(#5695,#5696,#5697,#5698),.UNSPECIFIED.,.F.,.F.,(4,4),(-1.0,-0.875),.UNSPECIFIED.);
#4460=VERTEX_POINT('',#5699);
#4461=B_SPLINE_CURVE_WITH_KNOTS('',3,(#5700,#5701,#5702,#5703),.UNSPECIFIED.,.F.,.F.,(4,4),(-0.875,-0.75),.UNSPECIFIED.);
#4462=VERTEX_POINT('',#5704);
#4463=B_SPLINE_CURVE_WITH_KNOTS('',3,(#5705,#5706,#5707,#5708,#5709,#5710,#5711),.UNSPECIFIED.,.F.,.F.,(4,3,4),(-0.75,-0.625,-0.5),.UNSPECIFIED.);
#4464=VERTEX_POINT('',#5712);
#4465=B_SPLINE_CURVE_WITH_KNOTS('',3,(#5713,#5714,#5715,#5716),.UNSPECIFIED.,.F.,.F.,(4,4),(-0.5,-0.375),.UNSPECIFIED.);
#4466=B_SPLINE_CURVE_WITH_KNOTS('',3,(#5717,#5718,#5719,#5720),.UNSPECIFIED.,.F.,.F.,(4,4),(-0.375,-0.25),.UNSPECIFIED.);
#4467=VERTEX_POINT('',#5721);
#4468=B_SPLINE_CURVE_WITH_KNOTS('',3,(#5722,#5723,#5724,#5725),.UNSPECIFIED.,.F.,.F.,(4,4),(0.363636363636364,0.420877253141945),.UNSPECIFIED.);
#4469=VERTEX_POINT('',#5726);
#4470=B_SPLINE_CURVE_WITH_KNOTS('',3,(#5727,#5728,#5729,#5730),.UNSPECIFIED.,.F.,.F.,(4,4),(-0.363636363636364,-0.272727272727273),.UNSPECIFIED.);
#4471=VERTEX_POINT('',#5731);
#4472=B_SPLINE_CURVE_WITH_KNOTS('',3,(#5732,#5733,#5734,#5735),.UNSPECIFIED.,.F.,.F.,(4,4),(-0.272727272727273,-0.181818181818182),.UNSPECIFIED.);
#4473=VERTEX_POINT('',#5736);
#4474=B_SPLINE_CURVE_WITH_KNOTS('',3,(#5737,#5738,#5739,#5740,#5741,#5742,#5743),.UNSPECIFIED.,.F.,.F.,(4,3,4),(-0.181818181818182,-0.0909090909090909,-0.0),.UNSPECIFIED.);
#4475=VERTEX_POINT('',#5744);
#4476=B_SPLINE_CURVE_WITH_KNOTS('',3,(#5745,#5746,#5747,#5748),.UNSPECIFIED.,.F.,.F.,(4,4),(-1.0,-0.909090909090909),.UNSPECIFIED.);
#4477=VERTEX_POINT('',#5749);
#4478=B_SPLINE_CURVE_WITH_KNOTS('',3,(#5750,#5751,#5752,#5753),.UNSPECIFIED.,.F.,.F.,(4,4),(-0.909090909090909,-0.818181818181818),.UNSPECIFIED.);
#4479=VERTEX_POINT('',#5754);
#4480=B_SPLINE_CURVE_WITH_KNOTS('',3,(#5755,#5756,#5757,#5758),.UNSPECIFIED.,.F.,.F.,(4,4),(-0.818181818181818,-0.727272727272727),.UNSPECIFIED.);
#4481=VERTEX_POINT('',#5759);
#4482=B_SPLINE_CURVE_WITH_KNOTS('',3,(#5760,#5761,#5762,#5763),.UNSPECIFIED.,.F.,.F.,(4,4),(-0.727272727272727,-0.636363636363636),.UNSPECIFIED.);
#4483=B_SPLINE_CURVE_WITH_KNOTS('',3,(#5764,#5765,#5766,#5767),.UNSPECIFIED.,.F.,.F.,(4,4),(0.578420608111405,0.636363636363636),.UNSPECIFIED.);
#4484=VERTEX_POINT('',#5768);
#4485=B_SPLINE_CURVE_WITH_KNOTS('',3,(#5769,#5770,#5771,#5772,#5773,#5774,#5775),.UNSPECIFIED.,.F.,.F.,(4,3,4),(-0.00397610409106896,-0.00165292442217371,-0.0),.UNSPECIFIED.);
#4486=VERTEX_POINT('',#5776);
#4487=LINE('',#5777,#5778);
#4488=B_SPLINE_CURVE_WITH_KNOTS('',3,(#5779,#5780,#5781,#5782,#5783,#5784,#5785,#5786,#5787,#5788),.UNSPECIFIED.,.F.,.F.,(4,3,3,4),(-0.0113469098190222,-0.00735794402581341,-0.0050761749154164,-0.00442505006002105),.UNSPECIFIED.);
#4489=VERTEX_POINT('',#5789);
#4490=B_SPLINE_CURVE_WITH_KNOTS('',3,(#5790,#5791,#5792,#5793,#5794,#5795,#5796,#5797,#5798,#5799,#5800,#5801,#5802,#5803,#5804,#5805,#5806,#5807,#5808,#5809,#5810,#5811,#5812,#5813,#5814,#5815,#5816,#5817,#5818,#5819,#5820,#5821,#5822,#5823,#5824,#5825,#5826),.UNSPECIFIED.,.F.,.F.,(4,3,3,3,3,3,3,3,3,3,3,3,4),(-0.0212160344122921,-0.01795721129053,-0.0139715368694916,-0.0105087301824039,-0.00999370273687008,-0.00752535458293781,-0.0070366647718116,-0.00654274377917648,-0.00493713536466761,-0.00418204884970076,-0.00359030858802177,-0.000120310121141001,-0.0),.UNSPECIFIED.);
#4491=VERTEX_POINT('',#5827);
#4492=B_SPLINE_CURVE_WITH_KNOTS('',3,(#5828,#5829,#5830,#5831),.UNSPECIFIED.,.F.,.F.,(4,4),(0.363636363636364,0.420877253141947),.UNSPECIFIED.);
#4493=LINE('',#5832,#5833);
#4494=VERTEX_POINT('',#5834);
#4495=B_SPLINE_CURVE_WITH_KNOTS('',3,(#5835,#5836,#5837,#5838,#5839,#5840,#5841,#5842,#5843,#5844,#5845,#5846,#5847,#5848,#5849,#5850,#5851,#5852,#5853,#5854,#5855,#5856),.UNSPECIFIED.,.F.,.F.,(4,3,3,3,3,3,3,4),(-0.0172371725999813,-0.017052578812101,-0.0126797774411596,-0.00944324532293944,-0.00708243399220458,-0.00554829392462174,-0.00446178177411106,-0.0),.UNSPECIFIED.);
#4496=LINE('',#5857,#5858);
#4497=VERTEX_POINT('',#5859);
#4498=VERTEX_POINT('',#5860);
#4499=B_SPLINE_CURVE_WITH_KNOTS('',3,(#5861,#5862,#5863,#5864),.UNSPECIFIED.,.F.,.F.,(4,4),(0.0,0.125),.UNSPECIFIED.);
#4500=VERTEX_POINT('',#5865);
#4501=B_SPLINE_CURVE_WITH_KNOTS('',3,(#5866,#5867,#5868,#5869),.UNSPECIFIED.,.F.,.F.,(4,4),(0.125,0.25),.UNSPECIFIED.);
#4502=VERTEX_POINT('',#5870);
#4503=B_SPLINE_CURVE_WITH_KNOTS('',3,(#5871,#5872,#5873,#5874),.UNSPECIFIED.,.F.,.F.,(4,4),(0.25,0.375),.UNSPECIFIED.);
#4504=VERTEX_POINT('',#5875);
#4505=B_SPLINE_CURVE_WITH_KNOTS('',3,(#5876,#5877,#5878,#5879),.UNSPECIFIED.,.F.,.F.,(4,4),(0.375,0.5),.UNSPECIFIED.);
#4506=VERTEX_POINT('',#5880);
#4507=B_SPLINE_CURVE_WITH_KNOTS('',3,(#5881,#5882,#5883,#5884,#5885,#5886,#5887),.UNSPECIFIED.,.F.,.F.,(4,3,4),(0.5,0.625,0.75),.UNSPECIFIED.);
#4508=VERTEX_POINT('',#5888);
#4509=B_SPLINE_CURVE_WITH_KNOTS('',3,(#5889,#5890,#5891,#5892),.UNSPECIFIED.,.F.,.F.,(4,4),(0.75,0.875),.UNSPECIFIED.);
#4510=B_SPLINE_CURVE_WITH_KNOTS('',3,(#5893,#5894,#5895,#5896),.UNSPECIFIED.,.F.,.F.,(4,4),(0.875,1.0),.UNSPECIFIED.);
#4511=B_SPLINE_CURVE_WITH_KNOTS('',3,(#5897,#5898,#5899,#5900,#5901,#5902,#5903),.UNSPECIFIED.,.F.,.F.,(4,3,4),(-0.5,-0.25,-0.0),.UNSPECIFIED.);
#4512=VERTEX_POINT('',#5904);
#4513=B_SPLINE_CURVE_WITH_KNOTS('',3,(#5905,#5906,#5907,#5908),.UNSPECIFIED.,.F.,.F.,(4,4),(0.578420607874477,0.636363636363636),.UNSPECIFIED.);
#4514=VERTEX_POINT('',#5909);
#4515=B_SPLINE_CURVE_WITH_KNOTS('',3,(#5910,#5911,#5912,#5913),.UNSPECIFIED.,.F.,.F.,(4,4),(0.636363636363636,0.727272727272727),.UNSPECIFIED.);
#4516=VERTEX_POINT('',#5914);
#4517=B_SPLINE_CURVE_WITH_KNOTS('',3,(#5915,#5916,#5917,#5918),.UNSPECIFIED.,.F.,.F.,(4,4),(0.727272727272727,0.818181818181818),.UNSPECIFIED.);
#4518=VERTEX_POINT('',#5919);
#4519=B_SPLINE_CURVE_WITH_KNOTS('',3,(#5920,#5921,#5922,#5923),.UNSPECIFIED.,.F.,.F.,(4,4),(0.818181818181818,0.909090909090909),.UNSPECIFIED.);
#4520=VERTEX_POINT('',#5924);
#4521=B_SPLINE_CURVE_WITH_KNOTS('',3,(#5925,#5926,#5927,#5928),.UNSPECIFIED.,.F.,.F.,(4,4),(0.909090909090909,1.0),.UNSPECIFIED.);
#4522=VERTEX_POINT('',#5929);
#4523=B_SPLINE_CURVE_WITH_KNOTS('',3,(#5930,#5931,#5932,#5933,#5934,#5935,#5936),.UNSPECIFIED.,.F.,.F.,(4,3,4),(0.0,0.0909090909090909,0.181818181818182),.UNSPECIFIED.);
#4524=VERTEX_POINT('',#5937);
#4525=B_SPLINE_CURVE_WITH_KNOTS('',3,(#5938,#5939,#5940,#5941),.UNSPECIFIED.,.F.,.F.,(4,4),(0.181818181818182,0.272727272727273),.UNSPECIFIED.);
#4526=B_SPLINE_CURVE_WITH_KNOTS('',3,(#5942,#5943,#5944,#5945),.UNSPECIFIED.,.F.,.F.,(4,4),(0.272727272727273,0.363636363636364),.UNSPECIFIED.);
#4527=LINE('',#5946,#5947);
#4528=VERTEX_POINT('',#5948);
#4529=B_SPLINE_CURVE_WITH_KNOTS('',3,(#5949,#5950,#5951,#5952,#5953,#5954,#5955,#5956,#5957,#5958),.UNSPECIFIED.,.F.,.F.,(4,3,3,4),(-0.0279342815336899,-0.0269816552033862,-0.0259787644581095,-0.0236091565864219),.UNSPECIFIED.);
#4530=VERTEX_POINT('',#5959);
#4531=LINE('',#5960,#5961);
#4532=B_SPLINE_CURVE_WITH_KNOTS('',3,(#5962,#5963,#5964,#5965,#5966,#5967,#5968),.UNSPECIFIED.,.F.,.F.,(4,3,4),(-0.0268336822139697,-0.0260984640943416,-0.0240207400017666),.UNSPECIFIED.);
#4533=B_SPLINE_CURVE_WITH_KNOTS('',3,(#5969,#5970,#5971,#5972,#5973,#5974,#5975,#5976,#5977,#5978,#5979,#5980,#5981,#5982,#5983,#5984,#5985,#5986,#5987,#5988),.UNSPECIFIED.,.F.,.F.,(4,2,2,2,2,2,2,2,2,4),(-0.00595049269011706,-0.00536471063905565,-0.00478031128505047,-0.00409941692321872,-0.00351189077325188,-0.00295776654816607,-0.00238610860586302,-0.00175673695318516,-0.00099579907326314,-0.0),.UNSPECIFIED.);
#4534=B_SPLINE_CURVE_WITH_KNOTS('',3,(#5989,#5990,#5991,#5992,#5993,#5994,#5995,#5996,#5997,#5998,#5999,#6000,#6001,#6002,#6003,#6004,#6005,#6006,#6007,#6008),.UNSPECIFIED.,.F.,.F.,(4,2,2,2,2,2,2,2,2,4),(-0.00607006570359469,-0.00549377458623895,-0.00491821424000216,-0.00423620703748357,-0.00364293579891258,-0.00307771865164224,-0.00249172961196199,-0.00184019118525625,-0.00104593710590205,-0.0),.UNSPECIFIED.);
#4535=VERTEX_POINT('',#6009);
#4536=LINE('',#6010,#6011);
#4537=VERTEX_POINT('',#6012);
#4538=B_SPLINE_CURVE_WITH_KNOTS('',3,(#6013,#6014,#6015,#6016),.UNSPECIFIED.,.F.,.F.,(4,4),(-0.000697663055083143,-0.0),.UNSPECIFIED.);
#4539=VERTEX_POINT('',#6017);
#4540=B_SPLINE_CURVE_WITH_KNOTS('',3,(#6018,#6019,#6020,#6021,#6022,#6023,#6024,#6025,#6026,#6027),.UNSPECIFIED.,.F.,.F.,(4,3,3,4),(-1.10308095749243,-1.0,-0.909090909090909,-0.800824080644899),.UNSPECIFIED.);
#4541=VERTEX_POINT('',#6028);
#4542=B_SPLINE_CURVE_WITH_KNOTS('',3,(#6029,#6030,#6031,#6032,#6033,#6034,#6035,#6036,#6037,#6038,#6039,#6040),.UNSPECIFIED.,.F.,.F.,(4,2,2,2,2,4),(-0.0166955467167651,-0.0144729828145287,-0.012313704144859,-0.00808563887176469,-0.00397939801013187,-0.0),.UNSPECIFIED.);
#4543=VERTEX_POINT('',#6041);
#4544=LINE('',#6042,#6043);
#4545=B_SPLINE_CURVE_WITH_KNOTS('',3,(#6044,#6045,#6046,#6047,#6048,#6049,#6050,#6051,#6052,#6053,#6054,#6055,#6056,#6057,#6058,#6059,#6060,#6061,#6062,#6063),.UNSPECIFIED.,.F.,.F.,(4,2,2,2,2,2,2,2,2,4),(-0.0157575133327571,-0.0147409835690812,-0.0137562035858295,-0.0119013423857104,-0.0101027072358857,-0.00823548268315228,-0.00617632741609482,-0.00406303218518792,-0.00201100569904731,-0.0),.UNSPECIFIED.);
#4546=B_SPLINE_CURVE_WITH_KNOTS('',3,(#6064,#6065,#6066,#6067,#6068,#6069,#6070,#6071,#6072,#6073,#6074,#6075,#6076,#6077,#6078,#6079,#6080,#6081,#6082,#6083),.UNSPECIFIED.,.F.,.F.,(4,2,2,2,2,2,2,2,2,4),(-0.0157575133328284,-0.0147409835691419,-0.0137562035858801,-0.0119013423857406,-0.0101027072359002,-0.00823548268315787,-0.0061763274160983,-0.00406303218519338,-0.00201100569904999,-0.0),.UNSPECIFIED.);
#4547=VERTEX_POINT('',#6084);
#4548=B_SPLINE_CURVE_WITH_KNOTS('',3,(#6085,#6086,#6087,#6088,#6089,#6090,#6091,#6092,#6093,#6094),.UNSPECIFIED.,.F.,.F.,(4,2,2,2,4),(-0.0164279750615057,-0.0123621579855558,-0.0081779539278159,-0.00410828017161657,-0.0),.UNSPECIFIED.);
#4549=VERTEX_POINT('',#6095);
#4550=B_SPLINE_CURVE_WITH_KNOTS('',3,(#6096,#6097,#6098,#6099,#6100,#6101,#6102,#6103,#6104,#6105),.UNSPECIFIED.,.F.,.F.,(4,3,3,4),(0.800824080644899,0.909090909090909,1.0,1.10308095749243),.UNSPECIFIED.);
#4551=B_SPLINE_CURVE_WITH_KNOTS('',3,(#6106,#6107,#6108,#6109),.UNSPECIFIED.,.F.,.F.,(4,4),(-0.0014649683339867,-0.0),.UNSPECIFIED.);
#4552=B_SPLINE_CURVE_WITH_KNOTS('',3,(#6110,#6111,#6112,#6113,#6114,#6115,#6116,#6117,#6118,#6119,#6120,#6121,#6122,#6123),.UNSPECIFIED.,.F.,.F.,(4,2,2,2,2,2,4),(-0.0106071056535813,-0.0102951996580434,-0.00958008889556546,-0.00838995579596589,-0.00692878883176234,-0.0058215123812157,-0.00530034185501303),.UNSPECIFIED.);
#4553=B_SPLINE_CURVE_WITH_KNOTS('',3,(#6124,#6125,#6126,#6127,#6128,#6129,#6130,#6131,#6132,#6133,#6134,#6135,#6136,#6137),.UNSPECIFIED.,.F.,.F.,(4,2,2,2,2,2,4),(-0.0155121425385142,-0.0150408570233019,-0.0138148466800961,-0.0125931891789257,-0.0114183843666661,-0.0105042737724092,-0.010366369540945),.UNSPECIFIED.);
#4554=LINE('',#6138,#6139);
#4555=LINE('',#6140,#6141);
#4556=LINE('',#6142,#6143);
#4557=LINE('',#6144,#6145);
#4558=B_SPLINE_CURVE_WITH_KNOTS('',3,(#6146,#6147,#6148,#6149,#6150,#6151,#6152,#6153,#6154,#6155,#6156,#6157,#6158,#6159,#6160,#6161,#6162,#6163,#6164,#6165,#6166,#6167,#6168,#6169,#6170,#6171,#6172,#6173,#6174,#6175),.UNSPECIFIED.,.F.,.F.,(4,2,2,2,2,2,2,2,2,2,2,2,2,2,4),(-0.011320631753932,-0.0103663102335338,-0.0095905709328211,-0.00871354198217769,-0.00794212021468129,-0.00715749621749275,-0.00634671565988753,-0.00555520064579703,-0.00476455999963001,-0.00393927591705254,-0.00316346303602468,-0.00236869758665236,-0.00148790688241928,-0.000634903406515752,-0.0),.UNSPECIFIED.);
#4559=LINE('',#6176,#6177);
#4560=LINE('',#6178,#6179);
#4561=LINE('',#6180,#6181);
#4562=LINE('',#6182,#6183);
#4563=LINE('',#6184,#6185);
#4564=LINE('',#6186,#6187);
#4565=LINE('',#6188,#6189);
#4566=LINE('',#6190,#6191);
#4567=LINE('',#6192,#6193);
#4568=LINE('',#6194,#6195);
#4569=LINE('',#6196,#6197);
#4570=VERTEX_POINT('',#6198);
#4571=VERTEX_POINT('',#6199);
#4572=LINE('',#6200,#6201);
#4573=VERTEX_POINT('',#6202);
#4574=B_SPLINE_CURVE_WITH_KNOTS('',3,(#6203,#6204,#6205,#6206,#6207,#6208,#6209,#6210,#6211,#6212,#6213,#6214,#6215,#6216),.UNSPECIFIED.,.F.,.F.,(4,2,2,2,2,2,4),(-0.0207281692000696,-0.02061338851082,-0.0195362541082489,-0.0182968754836242,-0.0169691833973648,-0.0157423374164352,-0.0155458389078109),.UNSPECIFIED.);
#4575=VERTEX_POINT('',#6217);
#4576=B_SPLINE_CURVE_WITH_KNOTS('',3,(#6218,#6219,#6220,#6221,#6222,#6223,#6224,#6225,#6226,#6227,#6228,#6229),.UNSPECIFIED.,.F.,.F.,(4,2,2,2,2,4),(-0.00518244076507358,-0.00484802921603106,-0.0035923232150639,-0.00231883704054778,-0.00106197034948931,-0.0),.UNSPECIFIED.);
#4577=VERTEX_POINT('',#6230);
#4578=LINE('',#6231,#6232);
#4579=VERTEX_POINT('',#6233);
#4580=B_SPLINE_CURVE_WITH_KNOTS('',3,(#6234,#6235,#6236,#6237,#6238,#6239,#6240,#6241,#6242,#6243,#6244,#6245,#6246,#6247),.UNSPECIFIED.,.F.,.F.,(4,2,2,2,2,2,4),(-0.0205294524831452,-0.0201574389854038,-0.0193384604576746,-0.0181918183936774,-0.0168866203254747,-0.0156229254202176,-0.015386444187161),.UNSPECIFIED.);
#4581=B_SPLINE_CURVE_WITH_KNOTS('',3,(#6248,#6249,#6250,#6251,#6252,#6253,#6254,#6255,#6256,#6257,#6258,#6259,#6260,#6261),.UNSPECIFIED.,.F.,.F.,(4,2,2,2,2,2,4),(-0.00512179177152568,-0.00480419897745746,-0.00419421766074272,-0.00299339138016247,-0.00168564083169144,-0.00073236962193602,-0.0),.UNSPECIFIED.);
#4582=B_SPLINE_CURVE_WITH_KNOTS('',3,(#6262,#6263,#6264,#6265,#6266,#6267,#6268,#6269,#6270,#6271,#6272,#6273,#6274,#6275,#6276,#6277,#6278,#6279,#6280,#6281,#6282,#6283,#6284,#6285),.UNSPECIFIED.,.F.,.F.,(4,2,2,2,2,2,2,2,2,2,2,4),(-0.015386444187161,-0.0150144009460487,-0.0138052994722202,-0.0126260106016123,-0.0114426590725332,-0.0106282732690038,-0.00992229798827084,-0.0091120096761776,-0.00798617380904122,-0.0066805413711732,-0.00541297262107612,-0.00512179177152568),.UNSPECIFIED.);
#4583=B_SPLINE_CURVE_WITH_KNOTS('',3,(#6286,#6287,#6288,#6289,#6290,#6291,#6292,#6293,#6294,#6295,#6296,#6297,#6298,#6299,#6300,#6301,#6302,#6303,#6304,#6305,#6306,#6307),.UNSPECIFIED.,.F.,.F.,(4,2,2,2,2,2,2,2,2,2,4),(-0.0155458389078109,-0.0151422757059501,-0.0138840701835371,-0.0126131697699956,-0.011368283623795,-0.0103125438043425,-0.00924402402781197,-0.00801140718836723,-0.00667727143138316,-0.00544748945616078,-0.00518244076507358),.UNSPECIFIED.);
#4584=VERTEX_POINT('',#6308);
#4585=VERTEX_POINT('',#6309);
#4586=B_SPLINE_CURVE_WITH_KNOTS('',3,(#6310,#6311,#6312,#6313,#6314,#6315,#6316),.UNSPECIFIED.,.F.,.F.,(4,3,4),(0.5,0.666666666666667,0.833333333333333),.UNSPECIFIED.);
#4587=VERTEX_POINT('',#6317);
#4588=LINE('',#6318,#6319);
#4589=VERTEX_POINT('',#6320);
#4590=B_SPLINE_CURVE_WITH_KNOTS('',3,(#6321,#6322,#6323,#6324,#6325,#6326,#6327),.UNSPECIFIED.,.F.,.F.,(4,3,4),(0.5,0.666666666666667,0.833333333333333),.UNSPECIFIED.);
#4591=LINE('',#6328,#6329);
#4592=VERTEX_POINT('',#6330);
#4593=B_SPLINE_CURVE_WITH_KNOTS('',3,(#6331,#6332,#6333,#6334),.UNSPECIFIED.,.F.,.F.,(4,4),(0.333333333333333,0.5),.UNSPECIFIED.);
#4594=VERTEX_POINT('',#6335);
#4595=LINE('',#6336,#6337);
#4596=B_SPLINE_CURVE_WITH_KNOTS('',3,(#6338,#6339,#6340,#6341),.UNSPECIFIED.,.F.,.F.,(4,4),(0.333333333333333,0.5),.UNSPECIFIED.);
#4597=VERTEX_POINT('',#6342);
#4598=B_SPLINE_CURVE_WITH_KNOTS('',3,(#6343,#6344,#6345,#6346,#6347,#6348,#6349),.UNSPECIFIED.,.F.,.F.,(4,3,4),(0.0,0.166666666666667,0.333333333333333),.UNSPECIFIED.);
#4599=VERTEX_POINT('',#6350);
#4600=LINE('',#6351,#6352);
#4601=B_SPLINE_CURVE_WITH_KNOTS('',3,(#6353,#6354,#6355,#6356,#6357,#6358,#6359),.UNSPECIFIED.,.F.,.F.,(4,3,4),(0.0,0.166666666666667,0.333333333333333),.UNSPECIFIED.);
#4602=B_SPLINE_CURVE_WITH_KNOTS('',3,(#6360,#6361,#6362,#6363),.UNSPECIFIED.,.F.,.F.,(4,4),(0.833333333333333,1.0),.UNSPECIFIED.);
#4603=B_SPLINE_CURVE_WITH_KNOTS('',3,(#6364,#6365,#6366,#6367),.UNSPECIFIED.,.F.,.F.,(4,4),(0.833333333333333,1.0),.UNSPECIFIED.);
#4604=VERTEX_POINT('',#6368);
#4605=VERTEX_POINT('',#6369);
#4606=LINE('',#6370,#6371);
#4607=VERTEX_POINT('',#6372);
#4608=CIRCLE('',#6373,0.00325);
#4609=VERTEX_POINT('',#6374);
#4610=LINE('',#6375,#6376);
#4611=CIRCLE('',#6377,0.00325);
#4612=VERTEX_POINT('',#6378);
#4613=VERTEX_POINT('',#6379);
#4614=LINE('',#6380,#6381);
#4615=VERTEX_POINT('',#6382);
#4616=B_SPLINE_CURVE_WITH_KNOTS('',3,(#6383,#6384,#6385,#6386,#6387,#6388,#6389,#6390,#6391,#6392,#6393,#6394,#6395,#6396,#6397,#6398,#6399,#6400,#6401,#6402),.UNSPECIFIED.,.F.,.F.,(4,2,2,2,2,2,2,2,2,4),(-0.0205673097564769,-0.0194783991785143,-0.0181681672163821,-0.0172332175722981,-0.0164859561587867,-0.0153835347491257,-0.0141725206699744,-0.0128625731550147,-0.0116160541201584,-0.0114028539422472),.UNSPECIFIED.);
#4617=VERTEX_POINT('',#6403);
#4618=B_SPLINE_CURVE_WITH_KNOTS('',3,(#6404,#6405,#6406,#6407),.UNSPECIFIED.,.F.,.F.,(4,4),(-0.00111836215091405,-0.0),.UNSPECIFIED.);
#4619=VERTEX_POINT('',#6408);
#4620=LINE('',#6409,#6410);
#4621=CIRCLE('',#6411,0.00325);
#4622=VERTEX_POINT('',#6412);
#4623=VERTEX_POINT('',#6413);
#4624=B_SPLINE_CURVE_WITH_KNOTS('',3,(#6414,#6415,#6416,#6417,#6418,#6419,#6420,#6421,#6422,#6423,#6424,#6425),.UNSPECIFIED.,.F.,.F.,(4,2,2,2,2,4),(-0.00536424552542624,-0.00433173278326369,-0.00320752047302809,-0.00169394376956124,-0.000707366072455163,-0.0),.UNSPECIFIED.);
#4625=VERTEX_POINT('',#6426);
#4626=B_SPLINE_CURVE_WITH_KNOTS('',3,(#6427,#6428,#6429,#6430),.UNSPECIFIED.,.F.,.F.,(4,4),(0.0263011336144379,0.0335000000000001),.UNSPECIFIED.);
#4627=VERTEX_POINT('',#6431);
#4628=B_SPLINE_CURVE_WITH_KNOTS('',3,(#6432,#6433,#6434,#6435,#6436,#6437,#6438,#6439,#6440,#6441,#6442,#6443),.UNSPECIFIED.,.F.,.F.,(4,2,2,2,2,4),(0.0,0.0011719334201608,0.00234386684032157,0.00351580026048236,0.00412012134692722,0.00472444243337207),.UNSPECIFIED.);
#4629=B_SPLINE_CURVE_WITH_KNOTS('',3,(#6444,#6445,#6446,#6447),.UNSPECIFIED.,.F.,.F.,(4,4),(-0.0335000000000001,-0.0244024),.UNSPECIFIED.);
#4630=VERTEX_POINT('',#6448);
#4631=VERTEX_POINT('',#6449);
#4632=B_SPLINE_CURVE_WITH_KNOTS('',3,(#6450,#6451,#6452,#6453,#6454,#6455,#6456,#6457,#6458,#6459,#6460,#6461),.UNSPECIFIED.,.F.,.F.,(4,2,2,2,2,4),(0.0,0.00117193342016078,0.00234386684032156,0.00351580026048234,0.0041201213469272,0.00472444243337205),.UNSPECIFIED.);
#4633=VERTEX_POINT('',#6462);
#4634=B_SPLINE_CURVE_WITH_KNOTS('',3,(#6463,#6464,#6465,#6466,#6467,#6468),.UNSPECIFIED.,.F.,.F.,(4,2,4),(-0.0509999999999999,-0.0465035693439405,-0.0384999999999999),.UNSPECIFIED.);
#4635=VERTEX_POINT('',#6469);
#4636=B_SPLINE_CURVE_WITH_KNOTS('',3,(#6470,#6471,#6472,#6473,#6474,#6475,#6476,#6477,#6478,#6479,#6480,#6481),.UNSPECIFIED.,.F.,.F.,(4,2,2,2,2,4),(0.0,0.00117193342016078,0.00234386684032157,0.00351580026048234,0.00412012134692719,0.00472444243337205),.UNSPECIFIED.);
#4637=B_SPLINE_CURVE_WITH_KNOTS('',3,(#6482,#6483,#6484,#6485,#6486,#6487),.UNSPECIFIED.,.F.,.F.,(4,2,4),(0.0384999999999999,0.0465035693439405,0.0509999999999999),.UNSPECIFIED.);
#4638=VERTEX_POINT('',#6488);
#4639=VERTEX_POINT('',#6489);
#4640=B_SPLINE_CURVE_WITH_KNOTS('',3,(#6490,#6491,#6492,#6493,#6494,#6495,#6496,#6497,#6498,#6499,#6500,#6501),.UNSPECIFIED.,.F.,.F.,(4,2,2,2,2,4),(0.0,0.00117193342016078,0.00234386684032157,0.00351580026048235,0.0041201213469272,0.00472444243337206),.UNSPECIFIED.);
#4641=VERTEX_POINT('',#6502);
#4642=B_SPLINE_CURVE_WITH_KNOTS('',3,(#6503,#6504,#6505,#6506,#6507,#6508),.UNSPECIFIED.,.F.,.F.,(4,2,4),(0.021,0.0254964306560595,0.0335000000000001),.UNSPECIFIED.);
#4643=VERTEX_POINT('',#6509);
#4644=B_SPLINE_CURVE_WITH_KNOTS('',3,(#6510,#6511,#6512,#6513,#6514,#6515,#6516,#6517,#6518,#6519,#6520,#6521),.UNSPECIFIED.,.F.,.F.,(4,2,2,2,2,4),(0.0,0.00117193342016078,0.00234386684032157,0.00351580026048235,0.0041201213469272,0.00472444243337206),.UNSPECIFIED.);
#4645=B_SPLINE_CURVE_WITH_KNOTS('',3,(#6522,#6523,#6524,#6525,#6526,#6527),.UNSPECIFIED.,.F.,.F.,(4,2,4),(-0.0335000000000001,-0.0254964306560595,-0.021),.UNSPECIFIED.);
#4646=VERTEX_POINT('',#6528);
#4647=VERTEX_POINT('',#6529);
#4648=B_SPLINE_CURVE_WITH_KNOTS('',3,(#6530,#6531,#6532,#6533,#6534,#6535,#6536,#6537,#6538,#6539,#6540,#6541,#6542,#6543),.UNSPECIFIED.,.F.,.F.,(4,2,2,2,2,2,4),(-0.00486086114581327,-0.00455027190579052,-0.00421089695687381,-0.0033460956336678,-0.00198231942204039,-0.000914180211317898,-0.0),.UNSPECIFIED.);
#4649=VERTEX_POINT('',#6544);
#4650=B_SPLINE_CURVE_WITH_KNOTS('',3,(#6545,#6546,#6547,#6548),.UNSPECIFIED.,.F.,.F.,(4,4),(-0.0475976,-0.0385),.UNSPECIFIED.);
#4651=VERTEX_POINT('',#6549);
#4652=B_SPLINE_CURVE_WITH_KNOTS('',3,(#6550,#6551,#6552,#6553,#6554,#6555,#6556,#6557,#6558,#6559,#6560,#6561),.UNSPECIFIED.,.F.,.F.,(4,2,2,2,2,4),(0.0,0.00117193342016078,0.00234386684032157,0.00351580026048234,0.0041201213469272,0.00472444243337205),.UNSPECIFIED.);
#4653=B_SPLINE_CURVE_WITH_KNOTS('',3,(#6562,#6563,#6564,#6565),.UNSPECIFIED.,.F.,.F.,(4,4),(0.0385,0.0456988663855622),.UNSPECIFIED.);
#4654=VERTEX_POINT('',#6566);
#4655=B_SPLINE_CURVE_WITH_KNOTS('',3,(#6567,#6568,#6569,#6570,#6571,#6572,#6573),.UNSPECIFIED.,.F.,.F.,(4,3,4),(-0.917431192660551,-0.908256880733945,-0.899082568807339),.UNSPECIFIED.);
#4656=VERTEX_POINT('',#6574);
#4657=B_SPLINE_CURVE_WITH_KNOTS('',3,(#6575,#6576,#6577,#6578,#6579,#6580,#6581,#6582,#6583,#6584,#6585,#6586,#6587),.UNSPECIFIED.,.F.,.F.,(4,3,3,3,4),(0.926605504587156,0.935779816513762,0.944954128440367,0.954128440366973,0.963302752293578),.UNSPECIFIED.);
#4658=VERTEX_POINT('',#6588);
#4659=B_SPLINE_CURVE_WITH_KNOTS('',3,(#6589,#6590,#6591,#6592),.UNSPECIFIED.,.F.,.F.,(4,4),(0.963302752293578,0.972477064220184),.UNSPECIFIED.);
#4660=B_SPLINE_CURVE_WITH_KNOTS('',3,(#6593,#6594,#6595,#6596),.UNSPECIFIED.,.F.,.F.,(4,4),(0.972477064220184,0.981651376146789),.UNSPECIFIED.);
#4661=VERTEX_POINT('',#6597);
#4662=B_SPLINE_CURVE_WITH_KNOTS('',3,(#6598,#6599,#6600,#6601),.UNSPECIFIED.,.F.,.F.,(4,4),(0.990825688073395,0.998822502657529),.UNSPECIFIED.);
#4663=VERTEX_POINT('',#6602);
#4664=B_SPLINE_CURVE_WITH_KNOTS('',3,(#6603,#6604,#6605,#6606,#6607,#6608,#6609,#6610,#6611,#6612),.UNSPECIFIED.,.F.,.F.,(4,2,2,2,4),(0.0,0.00117193342015997,0.0023438668403209,0.00323846648378186,0.00413306612724312),.UNSPECIFIED.);
#4665=VERTEX_POINT('',#6613);
#4666=B_SPLINE_CURVE_WITH_KNOTS('',3,(#6614,#6615,#6616,#6617,#6618,#6619,#6620,#6621,#6622,#6623,#6624,#6625,#6626,#6627,#6628,#6629),.UNSPECIFIED.,.F.,.F.,(4,3,3,3,3,4),(0.00176217666713816,0.00183455342649519,0.00251160365387214,0.00302407908780778,0.00321822649338219,0.00449590656188032),.UNSPECIFIED.);
#4667=VERTEX_POINT('',#6630);
#4668=LINE('',#6631,#6632);
#4669=VERTEX_POINT('',#6633);
#4670=B_SPLINE_CURVE_WITH_KNOTS('',3,(#6634,#6635,#6636,#6637),.UNSPECIFIED.,.F.,.F.,(4,4),(0.0917431192660551,0.100917431192661),.UNSPECIFIED.);
#4671=VERTEX_POINT('',#6638);
#4672=LINE('',#6639,#6640);
#4673=VERTEX_POINT('',#6641);
#4674=B_SPLINE_CURVE_WITH_KNOTS('',3,(#6642,#6643,#6644,#6645),.UNSPECIFIED.,.F.,.F.,(4,4),(0.110091743119266,0.119266055045872),.UNSPECIFIED.);
#4675=VERTEX_POINT('',#6646);
#4676=LINE('',#6647,#6648);
#4677=VERTEX_POINT('',#6649);
#4678=B_SPLINE_CURVE_WITH_KNOTS('',3,(#6650,#6651,#6652,#6653),.UNSPECIFIED.,.F.,.F.,(4,4),(0.128440366972477,0.137614678899083),.UNSPECIFIED.);
#4679=VERTEX_POINT('',#6654);
#4680=LINE('',#6655,#6656);
#4681=VERTEX_POINT('',#6657);
#4682=B_SPLINE_CURVE_WITH_KNOTS('',3,(#6658,#6659,#6660,#6661),.UNSPECIFIED.,.F.,.F.,(4,4),(0.146788990825688,0.155963302752294),.UNSPECIFIED.);
#4683=VERTEX_POINT('',#6662);
#4684=LINE('',#6663,#6664);
#4685=VERTEX_POINT('',#6665);
#4686=B_SPLINE_CURVE_WITH_KNOTS('',3,(#6666,#6667,#6668,#6669),.UNSPECIFIED.,.F.,.F.,(4,4),(0.165137614678899,0.174311926605505),.UNSPECIFIED.);
#4687=VERTEX_POINT('',#6670);
#4688=LINE('',#6671,#6672);
#4689=VERTEX_POINT('',#6673);
#4690=B_SPLINE_CURVE_WITH_KNOTS('',3,(#6674,#6675,#6676,#6677),.UNSPECIFIED.,.F.,.F.,(4,4),(0.18348623853211,0.192660550458716),.UNSPECIFIED.);
#4691=VERTEX_POINT('',#6678);
#4692=LINE('',#6679,#6680);
#4693=VERTEX_POINT('',#6681);
#4694=B_SPLINE_CURVE_WITH_KNOTS('',3,(#6682,#6683,#6684,#6685),.UNSPECIFIED.,.F.,.F.,(4,4),(0.201834862385321,0.211009174311927),.UNSPECIFIED.);
#4695=VERTEX_POINT('',#6686);
#4696=LINE('',#6687,#6688);
#4697=VERTEX_POINT('',#6689);
#4698=B_SPLINE_CURVE_WITH_KNOTS('',3,(#6690,#6691,#6692,#6693),.UNSPECIFIED.,.F.,.F.,(4,4),(0.220183486238532,0.229357798165138),.UNSPECIFIED.);
#4699=VERTEX_POINT('',#6694);
#4700=LINE('',#6695,#6696);
#4701=VERTEX_POINT('',#6697);
#4702=B_SPLINE_CURVE_WITH_KNOTS('',3,(#6698,#6699,#6700,#6701),.UNSPECIFIED.,.F.,.F.,(4,4),(0.238532110091743,0.247706422018349),.UNSPECIFIED.);
#4703=VERTEX_POINT('',#6702);
#4704=LINE('',#6703,#6704);
#4705=VERTEX_POINT('',#6705);
#4706=B_SPLINE_CURVE_WITH_KNOTS('',3,(#6706,#6707,#6708,#6709),.UNSPECIFIED.,.F.,.F.,(4,4),(0.256880733944954,0.26605504587156),.UNSPECIFIED.);
#4707=VERTEX_POINT('',#6710);
#4708=LINE('',#6711,#6712);
#4709=VERTEX_POINT('',#6713);
#4710=B_SPLINE_CURVE_WITH_KNOTS('',3,(#6714,#6715,#6716,#6717),.UNSPECIFIED.,.F.,.F.,(4,4),(0.275229357798165,0.284403669724771),.UNSPECIFIED.);
#4711=VERTEX_POINT('',#6718);
#4712=LINE('',#6719,#6720);
#4713=VERTEX_POINT('',#6721);
#4714=B_SPLINE_CURVE_WITH_KNOTS('',3,(#6722,#6723,#6724,#6725),.UNSPECIFIED.,.F.,.F.,(4,4),(0.293577981651376,0.302752293577982),.UNSPECIFIED.);
#4715=VERTEX_POINT('',#6726);
#4716=LINE('',#6727,#6728);
#4717=VERTEX_POINT('',#6729);
#4718=B_SPLINE_CURVE_WITH_KNOTS('',3,(#6730,#6731,#6732,#6733),.UNSPECIFIED.,.F.,.F.,(4,4),(0.311926605504587,0.321100917431193),.UNSPECIFIED.);
#4719=VERTEX_POINT('',#6734);
#4720=LINE('',#6735,#6736);
#4721=VERTEX_POINT('',#6737);
#4722=B_SPLINE_CURVE_WITH_KNOTS('',3,(#6738,#6739,#6740,#6741),.UNSPECIFIED.,.F.,.F.,(4,4),(0.330275229357798,0.339449541284404),.UNSPECIFIED.);
#4723=VERTEX_POINT('',#6742);
#4724=LINE('',#6743,#6744);
#4725=VERTEX_POINT('',#6745);
#4726=B_SPLINE_CURVE_WITH_KNOTS('',3,(#6746,#6747,#6748,#6749),.UNSPECIFIED.,.F.,.F.,(4,4),(0.348623853211009,0.357798165137615),.UNSPECIFIED.);
#4727=VERTEX_POINT('',#6750);
#4728=LINE('',#6751,#6752);
#4729=VERTEX_POINT('',#6753);
#4730=B_SPLINE_CURVE_WITH_KNOTS('',3,(#6754,#6755,#6756,#6757),.UNSPECIFIED.,.F.,.F.,(4,4),(0.36697247706422,0.376146788990826),.UNSPECIFIED.);
#4731=VERTEX_POINT('',#6758);
#4732=LINE('',#6759,#6760);
#4733=VERTEX_POINT('',#6761);
#4734=B_SPLINE_CURVE_WITH_KNOTS('',3,(#6762,#6763,#6764,#6765),.UNSPECIFIED.,.F.,.F.,(4,4),(0.385321100917431,0.394495412844037),.UNSPECIFIED.);
#4735=VERTEX_POINT('',#6766);
#4736=LINE('',#6767,#6768);
#4737=VERTEX_POINT('',#6769);
#4738=B_SPLINE_CURVE_WITH_KNOTS('',3,(#6770,#6771,#6772,#6773),.UNSPECIFIED.,.F.,.F.,(4,4),(0.403669724770642,0.412844036697248),.UNSPECIFIED.);
#4739=VERTEX_POINT('',#6774);
#4740=LINE('',#6775,#6776);
#4741=VERTEX_POINT('',#6777);
#4742=B_SPLINE_CURVE_WITH_KNOTS('',3,(#6778,#6779,#6780,#6781,#6782,#6783,#6784,#6785,#6786,#6787,#6788,#6789,#6790),.UNSPECIFIED.,.F.,.F.,(4,3,3,3,4),(0.422018348623853,0.431192660550459,0.440366972477064,0.44954128440367,0.458715596330275),.UNSPECIFIED.);
#4743=VERTEX_POINT('',#6791);
#4744=LINE('',#6792,#6793);
#4745=VERTEX_POINT('',#6794);
#4746=B_SPLINE_CURVE_WITH_KNOTS('',3,(#6795,#6796,#6797,#6798),.UNSPECIFIED.,.F.,.F.,(4,4),(0.467889908256881,0.477064220183486),.UNSPECIFIED.);
#4747=VERTEX_POINT('',#6799);
#4748=LINE('',#6800,#6801);
#4749=VERTEX_POINT('',#6802);
#4750=B_SPLINE_CURVE_WITH_KNOTS('',3,(#6803,#6804,#6805,#6806),.UNSPECIFIED.,.F.,.F.,(4,4),(0.486238532110092,0.495412844036697),.UNSPECIFIED.);
#4751=VERTEX_POINT('',#6807);
#4752=LINE('',#6808,#6809);
#4753=VERTEX_POINT('',#6810);
#4754=B_SPLINE_CURVE_WITH_KNOTS('',3,(#6811,#6812,#6813,#6814),.UNSPECIFIED.,.F.,.F.,(4,4),(0.504587155963303,0.513761467889908),.UNSPECIFIED.);
#4755=VERTEX_POINT('',#6815);
#4756=LINE('',#6816,#6817);
#4757=VERTEX_POINT('',#6818);
#4758=B_SPLINE_CURVE_WITH_KNOTS('',3,(#6819,#6820,#6821,#6822),.UNSPECIFIED.,.F.,.F.,(4,4),(0.522935779816514,0.532110091743119),.UNSPECIFIED.);
#4759=VERTEX_POINT('',#6823);
#4760=LINE('',#6824,#6825);
#4761=VERTEX_POINT('',#6826);
#4762=B_SPLINE_CURVE_WITH_KNOTS('',3,(#6827,#6828,#6829,#6830),.UNSPECIFIED.,.F.,.F.,(4,4),(0.541284403669725,0.55045871559633),.UNSPECIFIED.);
#4763=VERTEX_POINT('',#6831);
#4764=LINE('',#6832,#6833);
#4765=VERTEX_POINT('',#6834);
#4766=B_SPLINE_CURVE_WITH_KNOTS('',3,(#6835,#6836,#6837,#6838),.UNSPECIFIED.,.F.,.F.,(4,4),(0.559633027522936,0.568807339449541),.UNSPECIFIED.);
#4767=VERTEX_POINT('',#6839);
#4768=LINE('',#6840,#6841);
#4769=VERTEX_POINT('',#6842);
#4770=B_SPLINE_CURVE_WITH_KNOTS('',3,(#6843,#6844,#6845,#6846),.UNSPECIFIED.,.F.,.F.,(4,4),(0.577981651376147,0.587155963302752),.UNSPECIFIED.);
#4771=VERTEX_POINT('',#6847);
#4772=LINE('',#6848,#6849);
#4773=VERTEX_POINT('',#6850);
#4774=B_SPLINE_CURVE_WITH_KNOTS('',3,(#6851,#6852,#6853,#6854),.UNSPECIFIED.,.F.,.F.,(4,4),(0.596330275229358,0.605504587155963),.UNSPECIFIED.);
#4775=VERTEX_POINT('',#6855);
#4776=LINE('',#6856,#6857);
#4777=VERTEX_POINT('',#6858);
#4778=B_SPLINE_CURVE_WITH_KNOTS('',3,(#6859,#6860,#6861,#6862),.UNSPECIFIED.,.F.,.F.,(4,4),(0.614678899082569,0.623853211009174),.UNSPECIFIED.);
#4779=VERTEX_POINT('',#6863);
#4780=LINE('',#6864,#6865);
#4781=VERTEX_POINT('',#6866);
#4782=B_SPLINE_CURVE_WITH_KNOTS('',3,(#6867,#6868,#6869,#6870),.UNSPECIFIED.,.F.,.F.,(4,4),(0.63302752293578,0.642201834862385),.UNSPECIFIED.);
#4783=VERTEX_POINT('',#6871);
#4784=LINE('',#6872,#6873);
#4785=VERTEX_POINT('',#6874);
#4786=B_SPLINE_CURVE_WITH_KNOTS('',3,(#6875,#6876,#6877,#6878),.UNSPECIFIED.,.F.,.F.,(4,4),(0.651376146788991,0.660550458715596),.UNSPECIFIED.);
#4787=VERTEX_POINT('',#6879);
#4788=LINE('',#6880,#6881);
#4789=VERTEX_POINT('',#6882);
#4790=B_SPLINE_CURVE_WITH_KNOTS('',3,(#6883,#6884,#6885,#6886),.UNSPECIFIED.,.F.,.F.,(4,4),(0.669724770642202,0.678899082568807),.UNSPECIFIED.);
#4791=VERTEX_POINT('',#6887);
#4792=LINE('',#6888,#6889);
#4793=VERTEX_POINT('',#6890);
#4794=B_SPLINE_CURVE_WITH_KNOTS('',3,(#6891,#6892,#6893,#6894),.UNSPECIFIED.,.F.,.F.,(4,4),(0.688073394495413,0.697247706422018),.UNSPECIFIED.);
#4795=VERTEX_POINT('',#6895);
#4796=LINE('',#6896,#6897);
#4797=VERTEX_POINT('',#6898);
#4798=B_SPLINE_CURVE_WITH_KNOTS('',3,(#6899,#6900,#6901,#6902),.UNSPECIFIED.,.F.,.F.,(4,4),(0.706422018348624,0.715596330275229),.UNSPECIFIED.);
#4799=VERTEX_POINT('',#6903);
#4800=LINE('',#6904,#6905);
#4801=VERTEX_POINT('',#6906);
#4802=B_SPLINE_CURVE_WITH_KNOTS('',3,(#6907,#6908,#6909,#6910),.UNSPECIFIED.,.F.,.F.,(4,4),(0.724770642201835,0.73394495412844),.UNSPECIFIED.);
#4803=VERTEX_POINT('',#6911);
#4804=LINE('',#6912,#6913);
#4805=VERTEX_POINT('',#6914);
#4806=B_SPLINE_CURVE_WITH_KNOTS('',3,(#6915,#6916,#6917,#6918),.UNSPECIFIED.,.F.,.F.,(4,4),(0.743119266055046,0.752293577981651),.UNSPECIFIED.);
#4807=VERTEX_POINT('',#6919);
#4808=LINE('',#6920,#6921);
#4809=VERTEX_POINT('',#6922);
#4810=B_SPLINE_CURVE_WITH_KNOTS('',3,(#6923,#6924,#6925,#6926),.UNSPECIFIED.,.F.,.F.,(4,4),(0.761467889908257,0.770642201834862),.UNSPECIFIED.);
#4811=VERTEX_POINT('',#6927);
#4812=LINE('',#6928,#6929);
#4813=VERTEX_POINT('',#6930);
#4814=B_SPLINE_CURVE_WITH_KNOTS('',3,(#6931,#6932,#6933,#6934),.UNSPECIFIED.,.F.,.F.,(4,4),(0.779816513761468,0.788990825688073),.UNSPECIFIED.);
#4815=VERTEX_POINT('',#6935);
#4816=LINE('',#6936,#6937);
#4817=VERTEX_POINT('',#6938);
#4818=B_SPLINE_CURVE_WITH_KNOTS('',3,(#6939,#6940,#6941,#6942,#6943,#6944,#6945,#6946,#6947,#6948,#6949,#6950,#6951,#6952,#6953,#6954),.UNSPECIFIED.,.F.,.F.,(4,3,3,3,3,4),(0.00952938777299652,0.0100803942126236,0.0108795288892787,0.0113489903669062,0.0113974761192579,0.0120738491380118),.UNSPECIFIED.);
#4819=VERTEX_POINT('',#6955);
#4820=B_SPLINE_CURVE_WITH_KNOTS('',3,(#6956,#6957,#6958,#6959,#6960,#6961,#6962,#6963,#6964,#6965),.UNSPECIFIED.,.F.,.F.,(4,2,2,2,4),(0.0,0.00117193342016449,0.00234386684032798,0.00323844465057892,0.00413302246082965),.UNSPECIFIED.);
#4821=B_SPLINE_CURVE_WITH_KNOTS('',3,(#6966,#6967,#6968,#6969),.UNSPECIFIED.,.F.,.F.,(4,4),(0.881911437884104,0.889908256880734),.UNSPECIFIED.);
#4822=CIRCLE('',#6970,0.00325);
#4823=VERTEX_POINT('',#6971);
#4824=LINE('',#6972,#6973);
#4825=B_SPLINE_CURVE_WITH_KNOTS('',3,(#6974,#6975,#6976,#6977),.UNSPECIFIED.,.F.,.F.,(4,4),(0.972477064220184,0.981651376146789),.UNSPECIFIED.);
#4826=LINE('',#6978,#6979);
#4827=CIRCLE('',#6980,0.00325);
#4828=VERTEX_POINT('',#6981);
#4829=B_SPLINE_CURVE_WITH_KNOTS('',3,(#6982,#6983,#6984,#6985,#6986,#6987,#6988,#6989,#6990,#6991,#6992,#6993,#6994,#6995),.UNSPECIFIED.,.F.,.F.,(4,2,2,2,2,2,4),(0.00380531214425185,0.00672187719755457,0.00954245424184768,0.0113053148945309,0.0130681755472141,0.0158887525915072,0.0188053121442554),.UNSPECIFIED.);
#4830=B_SPLINE_CURVE_WITH_KNOTS('',3,(#6996,#6997,#6998,#6999),.UNSPECIFIED.,.F.,.F.,(4,4),(0.88191143786789,0.889908256880734),.UNSPECIFIED.);
#4831=LINE('',#7000,#7001);
#4832=LINE('',#7002,#7003);
#4833=VERTEX_POINT('',#7004);
#4834=B_SPLINE_CURVE_WITH_KNOTS('',3,(#7005,#7006,#7007,#7008),.UNSPECIFIED.,.F.,.F.,(4,4),(0.990825688073395,0.998822502581783),.UNSPECIFIED.);
#4835=B_SPLINE_CURVE_WITH_KNOTS('',3,(#7009,#7010,#7011,#7012,#7013,#7014,#7015,#7016,#7017,#7018,#7019,#7020,#7021,#7022),.UNSPECIFIED.,.F.,.F.,(4,2,2,2,2,2,4),(0.00500000000000437,0.0082140129344372,0.0115422245482025,0.0136223568068058,0.0157024890654091,0.0190307006791744,0.0200000000000082),.UNSPECIFIED.);
#4836=CIRCLE('',#7023,0.00325);
#4837=VERTEX_POINT('',#7024);
#4838=B_SPLINE_CURVE_WITH_KNOTS('',3,(#7025,#7026,#7027,#7028,#7029,#7030,#7031,#7032,#7033,#7034),.UNSPECIFIED.,.F.,.F.,(4,2,2,2,4),(0.0,0.00117193342016311,0.00234386684032559,0.00323846650447019,0.00413306616861456),.UNSPECIFIED.);
#4839=B_SPLINE_CURVE_WITH_KNOTS('',3,(#7035,#7036,#7037,#7038,#7039,#7040,#7041,#7042,#7043,#7044,#7045,#7046,#7047,#7048),.UNSPECIFIED.,.F.,.F.,(4,2,2,2,2,2,4),(-0.0199999955523178,-0.0190307006791744,-0.0157024890654091,-0.0136223568068058,-0.0115422245482025,-0.0082140129344372,-0.00500000378467578),.UNSPECIFIED.);
#4840=VERTEX_POINT('',#7049);
#4841=B_SPLINE_CURVE_WITH_KNOTS('',3,(#7050,#7051,#7052,#7053,#7054,#7055,#7056,#7057,#7058,#7059,#7060,#7061,#7062,#7063),.UNSPECIFIED.,.F.,.F.,(4,2,2,2,2,2,4),(-0.0188053079186762,-0.0158887525915072,-0.0130681755472141,-0.0113053148945309,-0.00954245424184768,-0.00672187719755457,-0.00380531624128863),.UNSPECIFIED.);
#4842=B_SPLINE_CURVE_WITH_KNOTS('',3,(#7064,#7065,#7066,#7067,#7068,#7069,#7070,#7071,#7072,#7073),.UNSPECIFIED.,.F.,.F.,(4,2,2,2,4),(0.0,0.00117193342016016,0.00234386684032076,0.00323844463661763,0.00413302243291368),.UNSPECIFIED.);
#4843=VERTEX_POINT('',#7074);
#4844=LINE('',#7075,#7076);
#4845=VERTEX_POINT('',#7077);
#4846=LINE('',#7078,#7079);
#4847=VERTEX_POINT('',#7080);
#4848=B_SPLINE_CURVE_WITH_KNOTS('',3,(#7081,#7082,#7083,#7084),.UNSPECIFIED.,.F.,.F.,(4,4),(0.467889908256881,0.477064220183486),.UNSPECIFIED.);
#4849=VERTEX_POINT('',#7085);
#4850=LINE('',#7086,#7087);
#4851=VERTEX_POINT('',#7088);
#4852=B_SPLINE_CURVE_WITH_KNOTS('',3,(#7089,#7090,#7091,#7092),.UNSPECIFIED.,.F.,.F.,(4,4),(0.486238532110092,0.495412844036697),.UNSPECIFIED.);
#4853=VERTEX_POINT('',#7093);
#4854=LINE('',#7094,#7095);
#4855=VERTEX_POINT('',#7096);
#4856=B_SPLINE_CURVE_WITH_KNOTS('',3,(#7097,#7098,#7099,#7100),.UNSPECIFIED.,.F.,.F.,(4,4),(0.504587155963303,0.513761467889908),.UNSPECIFIED.);
#4857=VERTEX_POINT('',#7101);
#4858=LINE('',#7102,#7103);
#4859=VERTEX_POINT('',#7104);
#4860=B_SPLINE_CURVE_WITH_KNOTS('',3,(#7105,#7106,#7107,#7108),.UNSPECIFIED.,.F.,.F.,(4,4),(0.522935779816514,0.532110091743119),.UNSPECIFIED.);
#4861=VERTEX_POINT('',#7109);
#4862=LINE('',#7110,#7111);
#4863=VERTEX_POINT('',#7112);
#4864=B_SPLINE_CURVE_WITH_KNOTS('',3,(#7113,#7114,#7115,#7116),.UNSPECIFIED.,.F.,.F.,(4,4),(0.541284403669725,0.55045871559633),.UNSPECIFIED.);
#4865=VERTEX_POINT('',#7117);
#4866=LINE('',#7118,#7119);
#4867=VERTEX_POINT('',#7120);
#4868=B_SPLINE_CURVE_WITH_KNOTS('',3,(#7121,#7122,#7123,#7124),.UNSPECIFIED.,.F.,.F.,(4,4),(0.559633027522936,0.568807339449541),.UNSPECIFIED.);
#4869=VERTEX_POINT('',#7125);
#4870=LINE('',#7126,#7127);
#4871=VERTEX_POINT('',#7128);
#4872=B_SPLINE_CURVE_WITH_KNOTS('',3,(#7129,#7130,#7131,#7132),.UNSPECIFIED.,.F.,.F.,(4,4),(0.577981651376147,0.587155963302752),.UNSPECIFIED.);
#4873=VERTEX_POINT('',#7133);
#4874=LINE('',#7134,#7135);
#4875=VERTEX_POINT('',#7136);
#4876=B_SPLINE_CURVE_WITH_KNOTS('',3,(#7137,#7138,#7139,#7140),.UNSPECIFIED.,.F.,.F.,(4,4),(0.596330275229358,0.605504587155963),.UNSPECIFIED.);
#4877=VERTEX_POINT('',#7141);
#4878=LINE('',#7142,#7143);
#4879=VERTEX_POINT('',#7144);
#4880=B_SPLINE_CURVE_WITH_KNOTS('',3,(#7145,#7146,#7147,#7148),.UNSPECIFIED.,.F.,.F.,(4,4),(0.614678899082569,0.623853211009174),.UNSPECIFIED.);
#4881=VERTEX_POINT('',#7149);
#4882=LINE('',#7150,#7151);
#4883=VERTEX_POINT('',#7152);
#4884=B_SPLINE_CURVE_WITH_KNOTS('',3,(#7153,#7154,#7155,#7156),.UNSPECIFIED.,.F.,.F.,(4,4),(0.63302752293578,0.642201834862385),.UNSPECIFIED.);
#4885=VERTEX_POINT('',#7157);
#4886=LINE('',#7158,#7159);
#4887=VERTEX_POINT('',#7160);
#4888=B_SPLINE_CURVE_WITH_KNOTS('',3,(#7161,#7162,#7163,#7164),.UNSPECIFIED.,.F.,.F.,(4,4),(0.651376146788991,0.660550458715596),.UNSPECIFIED.);
#4889=VERTEX_POINT('',#7165);
#4890=LINE('',#7166,#7167);
#4891=VERTEX_POINT('',#7168);
#4892=B_SPLINE_CURVE_WITH_KNOTS('',3,(#7169,#7170,#7171,#7172),.UNSPECIFIED.,.F.,.F.,(4,4),(0.669724770642202,0.678899082568807),.UNSPECIFIED.);
#4893=VERTEX_POINT('',#7173);
#4894=LINE('',#7174,#7175);
#4895=VERTEX_POINT('',#7176);
#4896=B_SPLINE_CURVE_WITH_KNOTS('',3,(#7177,#7178,#7179,#7180),.UNSPECIFIED.,.F.,.F.,(4,4),(0.688073394495413,0.697247706422018),.UNSPECIFIED.);
#4897=VERTEX_POINT('',#7181);
#4898=LINE('',#7182,#7183);
#4899=VERTEX_POINT('',#7184);
#4900=B_SPLINE_CURVE_WITH_KNOTS('',3,(#7185,#7186,#7187,#7188),.UNSPECIFIED.,.F.,.F.,(4,4),(0.706422018348624,0.715596330275229),.UNSPECIFIED.);
#4901=VERTEX_POINT('',#7189);
#4902=LINE('',#7190,#7191);
#4903=VERTEX_POINT('',#7192);
#4904=B_SPLINE_CURVE_WITH_KNOTS('',3,(#7193,#7194,#7195,#7196),.UNSPECIFIED.,.F.,.F.,(4,4),(0.724770642201835,0.73394495412844),.UNSPECIFIED.);
#4905=VERTEX_POINT('',#7197);
#4906=LINE('',#7198,#7199);
#4907=VERTEX_POINT('',#7200);
#4908=B_SPLINE_CURVE_WITH_KNOTS('',3,(#7201,#7202,#7203,#7204),.UNSPECIFIED.,.F.,.F.,(4,4),(0.743119266055046,0.752293577981651),.UNSPECIFIED.);
#4909=VERTEX_POINT('',#7205);
#4910=LINE('',#7206,#7207);
#4911=VERTEX_POINT('',#7208);
#4912=B_SPLINE_CURVE_WITH_KNOTS('',3,(#7209,#7210,#7211,#7212),.UNSPECIFIED.,.F.,.F.,(4,4),(0.761467889908257,0.770642201834862),.UNSPECIFIED.);
#4913=VERTEX_POINT('',#7213);
#4914=LINE('',#7214,#7215);
#4915=VERTEX_POINT('',#7216);
#4916=B_SPLINE_CURVE_WITH_KNOTS('',3,(#7217,#7218,#7219,#7220),.UNSPECIFIED.,.F.,.F.,(4,4),(0.779816513761468,0.788990825688073),.UNSPECIFIED.);
#4917=VERTEX_POINT('',#7221);
#4918=LINE('',#7222,#7223);
#4919=B_SPLINE_CURVE_WITH_KNOTS('',3,(#7224,#7225,#7226,#7227,#7228,#7229,#7230,#7231,#7232,#7233),.UNSPECIFIED.,.F.,.F.,(4,3,3,4),(0.00830324854706053,0.00876082534377357,0.00981433278548482,0.0104163053161629),.UNSPECIFIED.);
#4920=VERTEX_POINT('',#7234);
#4921=B_SPLINE_CURVE_WITH_KNOTS('',3,(#7235,#7236,#7237,#7238,#7239,#7240,#7241,#7242,#7243,#7244),.UNSPECIFIED.,.F.,.F.,(4,3,3,4),(0.00176219866466896,0.0018345785297261,0.00321831186905056,0.00449607313907255),.UNSPECIFIED.);
#4922=VERTEX_POINT('',#7245);
#4923=LINE('',#7246,#7247);
#4924=VERTEX_POINT('',#7248);
#4925=B_SPLINE_CURVE_WITH_KNOTS('',3,(#7249,#7250,#7251,#7252),.UNSPECIFIED.,.F.,.F.,(4,4),(0.0917431192660551,0.100917431192661),.UNSPECIFIED.);
#4926=VERTEX_POINT('',#7253);
#4927=LINE('',#7254,#7255);
#4928=VERTEX_POINT('',#7256);
#4929=B_SPLINE_CURVE_WITH_KNOTS('',3,(#7257,#7258,#7259,#7260),.UNSPECIFIED.,.F.,.F.,(4,4),(0.110091743119266,0.119266055045872),.UNSPECIFIED.);
#4930=VERTEX_POINT('',#7261);
#4931=LINE('',#7262,#7263);
#4932=VERTEX_POINT('',#7264);
#4933=B_SPLINE_CURVE_WITH_KNOTS('',3,(#7265,#7266,#7267,#7268),.UNSPECIFIED.,.F.,.F.,(4,4),(0.128440366972477,0.137614678899083),.UNSPECIFIED.);
#4934=VERTEX_POINT('',#7269);
#4935=LINE('',#7270,#7271);
#4936=VERTEX_POINT('',#7272);
#4937=B_SPLINE_CURVE_WITH_KNOTS('',3,(#7273,#7274,#7275,#7276),.UNSPECIFIED.,.F.,.F.,(4,4),(0.146788990825688,0.155963302752294),.UNSPECIFIED.);
#4938=VERTEX_POINT('',#7277);
#4939=LINE('',#7278,#7279);
#4940=VERTEX_POINT('',#7280);
#4941=B_SPLINE_CURVE_WITH_KNOTS('',3,(#7281,#7282,#7283,#7284),.UNSPECIFIED.,.F.,.F.,(4,4),(0.165137614678899,0.174311926605505),.UNSPECIFIED.);
#4942=VERTEX_POINT('',#7285);
#4943=LINE('',#7286,#7287);
#4944=VERTEX_POINT('',#7288);
#4945=B_SPLINE_CURVE_WITH_KNOTS('',3,(#7289,#7290,#7291,#7292),.UNSPECIFIED.,.F.,.F.,(4,4),(0.18348623853211,0.192660550458716),.UNSPECIFIED.);
#4946=VERTEX_POINT('',#7293);
#4947=LINE('',#7294,#7295);
#4948=VERTEX_POINT('',#7296);
#4949=B_SPLINE_CURVE_WITH_KNOTS('',3,(#7297,#7298,#7299,#7300),.UNSPECIFIED.,.F.,.F.,(4,4),(0.201834862385321,0.211009174311927),.UNSPECIFIED.);
#4950=VERTEX_POINT('',#7301);
#4951=LINE('',#7302,#7303);
#4952=VERTEX_POINT('',#7304);
#4953=B_SPLINE_CURVE_WITH_KNOTS('',3,(#7305,#7306,#7307,#7308),.UNSPECIFIED.,.F.,.F.,(4,4),(0.220183486238532,0.229357798165138),.UNSPECIFIED.);
#4954=VERTEX_POINT('',#7309);
#4955=LINE('',#7310,#7311);
#4956=VERTEX_POINT('',#7312);
#4957=B_SPLINE_CURVE_WITH_KNOTS('',3,(#7313,#7314,#7315,#7316),.UNSPECIFIED.,.F.,.F.,(4,4),(0.238532110091743,0.247706422018349),.UNSPECIFIED.);
#4958=VERTEX_POINT('',#7317);
#4959=LINE('',#7318,#7319);
#4960=VERTEX_POINT('',#7320);
#4961=B_SPLINE_CURVE_WITH_KNOTS('',3,(#7321,#7322,#7323,#7324),.UNSPECIFIED.,.F.,.F.,(4,4),(0.256880733944954,0.26605504587156),.UNSPECIFIED.);
#4962=VERTEX_POINT('',#7325);
#4963=LINE('',#7326,#7327);
#4964=VERTEX_POINT('',#7328);
#4965=B_SPLINE_CURVE_WITH_KNOTS('',3,(#7329,#7330,#7331,#7332),.UNSPECIFIED.,.F.,.F.,(4,4),(0.275229357798165,0.284403669724771),.UNSPECIFIED.);
#4966=VERTEX_POINT('',#7333);
#4967=LINE('',#7334,#7335);
#4968=VERTEX_POINT('',#7336);
#4969=B_SPLINE_CURVE_WITH_KNOTS('',3,(#7337,#7338,#7339,#7340),.UNSPECIFIED.,.F.,.F.,(4,4),(0.293577981651376,0.302752293577982),.UNSPECIFIED.);
#4970=VERTEX_POINT('',#7341);
#4971=LINE('',#7342,#7343);
#4972=VERTEX_POINT('',#7344);
#4973=B_SPLINE_CURVE_WITH_KNOTS('',3,(#7345,#7346,#7347,#7348),.UNSPECIFIED.,.F.,.F.,(4,4),(0.311926605504587,0.321100917431193),.UNSPECIFIED.);
#4974=VERTEX_POINT('',#7349);
#4975=LINE('',#7350,#7351);
#4976=VERTEX_POINT('',#7352);
#4977=B_SPLINE_CURVE_WITH_KNOTS('',3,(#7353,#7354,#7355,#7356),.UNSPECIFIED.,.F.,.F.,(4,4),(0.330275229357798,0.339449541284404),.UNSPECIFIED.);
#4978=VERTEX_POINT('',#7357);
#4979=LINE('',#7358,#7359);
#4980=VERTEX_POINT('',#7360);
#4981=B_SPLINE_CURVE_WITH_KNOTS('',3,(#7361,#7362,#7363,#7364),.UNSPECIFIED.,.F.,.F.,(4,4),(0.348623853211009,0.357798165137615),.UNSPECIFIED.);
#4982=VERTEX_POINT('',#7365);
#4983=LINE('',#7366,#7367);
#4984=VERTEX_POINT('',#7368);
#4985=B_SPLINE_CURVE_WITH_KNOTS('',3,(#7369,#7370,#7371,#7372),.UNSPECIFIED.,.F.,.F.,(4,4),(0.36697247706422,0.376146788990826),.UNSPECIFIED.);
#4986=VERTEX_POINT('',#7373);
#4987=LINE('',#7374,#7375);
#4988=VERTEX_POINT('',#7376);
#4989=B_SPLINE_CURVE_WITH_KNOTS('',3,(#7377,#7378,#7379,#7380),.UNSPECIFIED.,.F.,.F.,(4,4),(0.385321100917431,0.394495412844037),.UNSPECIFIED.);
#4990=VERTEX_POINT('',#7381);
#4991=LINE('',#7382,#7383);
#4992=VERTEX_POINT('',#7384);
#4993=B_SPLINE_CURVE_WITH_KNOTS('',3,(#7385,#7386,#7387,#7388),.UNSPECIFIED.,.F.,.F.,(4,4),(0.403669724770642,0.412844036697248),.UNSPECIFIED.);
#4994=VERTEX_POINT('',#7389);
#4995=LINE('',#7390,#7391);
#4996=LINE('',#7392,#7393);
#4997=B_SPLINE_CURVE_WITH_KNOTS('',3,(#7394,#7395,#7396,#7397,#7398,#7399,#7400,#7401,#7402,#7403,#7404,#7405,#7406,#7407,#7408,#7409,#7410,#7411,#7412,#7413,#7414,#7415),.UNSPECIFIED.,.F.,.F.,(4,2,2,2,2,2,2,2,2,2,4),(-0.0114028539422472,-0.0103729747535659,-0.00911249647023942,-0.00780427453738721,-0.00665974564189605,-0.00581568199918326,-0.00497452927556355,-0.0037771011834054,-0.00247722433917251,-0.0012201499479937,-0.00111836215091405),.UNSPECIFIED.);
#4998=VERTEX_POINT('',#7416);
#4999=LINE('',#7417,#7418);
#5000=B_SPLINE_CURVE_WITH_KNOTS('',3,(#7419,#7420,#7421,#7422),.UNSPECIFIED.,.F.,.F.,(4,4),(0.963302752293578,0.972477064220184),.UNSPECIFIED.);
#5001=VERTEX_POINT('',#7423);
#5002=LINE('',#7424,#7425);
#5003=B_SPLINE_CURVE_WITH_KNOTS('',3,(#7426,#7427,#7428,#7429,#7430,#7431,#7432,#7433,#7434,#7435,#7436,#7437,#7438),.UNSPECIFIED.,.F.,.F.,(4,3,3,3,4),(0.926605504587156,0.935779816513762,0.944954128440367,0.954128440366973,0.963302752293578),.UNSPECIFIED.);
#5004=LINE('',#7439,#7440);
#5005=B_SPLINE_CURVE_WITH_KNOTS('',3,(#7441,#7442,#7443,#7444,#7445,#7446,#7447),.UNSPECIFIED.,.F.,.F.,(4,3,4),(0.899082568807339,0.908256880733945,0.917431192660551),.UNSPECIFIED.);
#5006=B_SPLINE_CURVE_WITH_KNOTS('',3,(#7448,#7449,#7450,#7451,#7452,#7453,#7454,#7455,#7456,#7457,#7458,#7459,#7460),.UNSPECIFIED.,.F.,.F.,(4,3,3,3,4),(0.422018348623853,0.431192660550459,0.440366972477064,0.44954128440367,0.458715596330275),.UNSPECIFIED.);
#5007=VERTEX_POINT('',#7461);
#5008=VERTEX_POINT('',#7462);
#5009=LINE('',#7463,#7464);
#5010=VERTEX_POINT('',#7465);
#5011=CIRCLE('',#7466,0.0015);
#5012=VERTEX_POINT('',#7467);
#5013=LINE('',#7468,#7469);
#5014=CIRCLE('',#7470,0.0015);
#5015=VERTEX_POINT('',#7471);
#5016=VERTEX_POINT('',#7472);
#5017=LINE('',#7473,#7474);
#5018=VERTEX_POINT('',#7475);
#5019=CIRCLE('',#7476,0.0015);
#5020=VERTEX_POINT('',#7477);
#5021=LINE('',#7478,#7479);
#5022=CIRCLE('',#7480,0.0015);
#5023=VERTEX_POINT('',#7481);
#5024=VERTEX_POINT('',#7482);
#5025=LINE('',#7483,#7484);
#5026=VERTEX_POINT('',#7485);
#5027=CIRCLE('',#7486,0.0015);
#5028=VERTEX_POINT('',#7487);
#5029=LINE('',#7488,#7489);
#5030=CIRCLE('',#7490,0.0015);
#5031=VERTEX_POINT('',#7491);
#5032=VERTEX_POINT('',#7492);
#5033=LINE('',#7493,#7494);
#5034=VERTEX_POINT('',#7495);
#5035=CIRCLE('',#7496,0.0015);
#5036=VERTEX_POINT('',#7497);
#5037=LINE('',#7498,#7499);
#5038=VERTEX_POINT('',#7500);
#5039=CIRCLE('',#7501,0.0015);
#5040=CIRCLE('',#7502,0.0015);
#5041=VERTEX_POINT('',#7503);
#5042=VERTEX_POINT('',#7504);
#5043=LINE('',#7505,#7506);
#5044=VERTEX_POINT('',#7507);
#5045=CIRCLE('',#7508,0.0015);
#5046=VERTEX_POINT('',#7509);
#5047=LINE('',#7510,#7511);
#5048=VERTEX_POINT('',#7512);
#5049=CIRCLE('',#7513,0.0015);
#5050=CIRCLE('',#7514,0.0015);
#5051=VERTEX_POINT('',#7515);
#5052=VERTEX_POINT('',#7516);
#5053=LINE('',#7517,#7518);
#5054=VERTEX_POINT('',#7519);
#5055=CIRCLE('',#7520,0.0015);
#5056=VERTEX_POINT('',#7521);
#5057=LINE('',#7522,#7523);
#5058=CIRCLE('',#7524,0.0015);
#5059=VERTEX_POINT('',#7525);
#5060=VERTEX_POINT('',#7526);
#5061=LINE('',#7527,#7528);
#5062=VERTEX_POINT('',#7529);
#5063=CIRCLE('',#7530,0.0015);
#5064=VERTEX_POINT('',#7531);
#5065=LINE('',#7532,#7533);
#5066=CIRCLE('',#7534,0.0015);
#5067=VERTEX_POINT('',#7535);
#5068=VERTEX_POINT('',#7536);
#5069=LINE('',#7537,#7538);
#5070=VERTEX_POINT('',#7539);
#5071=CIRCLE('',#7540,0.0015);
#5072=VERTEX_POINT('',#7541);
#5073=LINE('',#7542,#7543);
#5074=CIRCLE('',#7544,0.0015);
#5075=VERTEX_POINT('',#7545);
#5076=VERTEX_POINT('',#7546);
#5077=LINE('',#7547,#7548);
#5078=VERTEX_POINT('',#7549);
#5079=CIRCLE('',#7550,0.0015);
#5080=VERTEX_POINT('',#7551);
#5081=LINE('',#7552,#7553);
#5082=VERTEX_POINT('',#7554);
#5083=CIRCLE('',#7555,0.0015);
#5084=CIRCLE('',#7556,0.0015);
#5085=VERTEX_POINT('',#7557);
#5086=VERTEX_POINT('',#7558);
#5087=LINE('',#7559,#7560);
#5088=VERTEX_POINT('',#7561);
#5089=CIRCLE('',#7562,0.0015);
#5090=VERTEX_POINT('',#7563);
#5091=LINE('',#7564,#7565);
#5092=VERTEX_POINT('',#7566);
#5093=CIRCLE('',#7567,0.0015);
#5094=CIRCLE('',#7568,0.0015);
#5095=VERTEX_POINT('',#7569);
#5096=VERTEX_POINT('',#7570);
#5097=LINE('',#7571,#7572);
#5098=VERTEX_POINT('',#7573);
#5099=CIRCLE('',#7574,0.0015);
#5100=VERTEX_POINT('',#7575);
#5101=LINE('',#7576,#7577);
#5102=VERTEX_POINT('',#7578);
#5103=CIRCLE('',#7579,0.0015);
#5104=CIRCLE('',#7580,0.0015);
#5105=VERTEX_POINT('',#7581);
#5106=VERTEX_POINT('',#7582);
#5107=CIRCLE('',#7583,0.001);
#5108=VERTEX_POINT('',#7584);
#5109=CIRCLE('',#7585,0.0025);
#5110=VERTEX_POINT('',#7586);
#5111=B_SPLINE_CURVE_WITH_KNOTS('',3,(#7587,#7588,#7589,#7590,#7591,#7592,#7593,#7594,#7595,#7596,#7597,#7598,#7599,#7600),.UNSPECIFIED.,.F.,.F.,(4,2,2,2,2,2,4),(0.0,0.000270345658779078,0.000580160527266032,0.000972590742061975,0.00129752698837166,0.00161569573772647,0.00162012931877145),.UNSPECIFIED.);
#5112=CIRCLE('',#7601,0.0015);
#5113=VERTEX_POINT('',#7602);
#5114=VERTEX_POINT('',#7603);
#5115=CIRCLE('',#7604,0.001);
#5116=VERTEX_POINT('',#7605);
#5117=CIRCLE('',#7606,0.0025);
#5118=VERTEX_POINT('',#7607);
#5119=B_SPLINE_CURVE_WITH_KNOTS('',3,(#7608,#7609,#7610,#7611,#7612,#7613,#7614,#7615,#7616,#7617,#7618,#7619,#7620,#7621),.UNSPECIFIED.,.F.,.F.,(4,2,2,2,2,2,4),(-5.38115879718754E-06,0.0,0.000409244431288549,0.000821813420258,0.00130723158637407,0.00169010757079274,0.00202800917461429),.UNSPECIFIED.);
#5120=CIRCLE('',#7622,0.0015);
#5121=VERTEX_POINT('',#7623);
#5122=CIRCLE('',#7624,0.001);
#5123=VERTEX_POINT('',#7625);
#5124=CIRCLE('',#7626,0.0025);
#5125=VERTEX_POINT('',#7627);
#5126=B_SPLINE_CURVE_WITH_KNOTS('',3,(#7628,#7629,#7630,#7631,#7632,#7633,#7634,#7635,#7636,#7637,#7638,#7639,#7640,#7641),.UNSPECIFIED.,.F.,.F.,(4,2,2,2,2,2,4),(-5.38115879773806E-06,0.0,0.000409244431288344,0.000821813420258001,0.00130723158637483,0.00169010757079811,0.00202800917462692),.UNSPECIFIED.);
#5127=CIRCLE('',#7642,0.0015);
#5128=VERTEX_POINT('',#7643);
#5129=CIRCLE('',#7644,0.001);
#5130=VERTEX_POINT('',#7645);
#5131=CIRCLE('',#7646,0.0025);
#5132=VERTEX_POINT('',#7647);
#5133=B_SPLINE_CURVE_WITH_KNOTS('',3,(#7648,#7649,#7650,#7651,#7652,#7653,#7654,#7655,#7656,#7657,#7658,#7659,#7660,#7661),.UNSPECIFIED.,.F.,.F.,(4,2,2,2,2,2,4),(-5.3811587970057E-06,0.0,0.000409244431276358,0.000821813420224004,0.00130723158631622,0.00169010757071946,0.00202800917453121),.UNSPECIFIED.);
#5134=CIRCLE('',#7662,0.0015);
#5135=VERTEX_POINT('',#7663);
#5136=CIRCLE('',#7664,0.001);
#5137=VERTEX_POINT('',#7665);
#5138=B_SPLINE_CURVE_WITH_KNOTS('',3,(#7666,#7667,#7668,#7669,#7670,#7671,#7672,#7673,#7674,#7675,#7676,#7677,#7678,#7679),.UNSPECIFIED.,.F.,.F.,(4,2,2,2,2,2,4),(-5.5677028151082E-06,0.0,0.000399557157731375,0.000807612956086626,0.00130042785874973,0.00168949419080039,0.00202899498480861),.UNSPECIFIED.);
#5139=VERTEX_POINT('',#7680);
#5140=CIRCLE('',#7681,0.0025);
#5141=VERTEX_POINT('',#7682);
#5142=B_SPLINE_CURVE_WITH_KNOTS('',3,(#7683,#7684,#7685,#7686,#7687,#7688,#7689,#7690,#7691,#7692,#7693,#7694,#7695,#7696),.UNSPECIFIED.,.F.,.F.,(4,2,2,2,2,2,4),(-5.38115879566569E-06,0.0,0.000409244431243508,0.000821813420123747,0.00130723158613476,0.00169010757047303,0.00202800917422635),.UNSPECIFIED.);
#5143=CIRCLE('',#7697,0.0015);
#5144=VERTEX_POINT('',#7698);
#5145=VERTEX_POINT('',#7699);
#5146=CIRCLE('',#7700,0.001);
#5147=CIRCLE('',#7701,0.0015);
#5148=VERTEX_POINT('',#7702);
#5149=B_SPLINE_CURVE_WITH_KNOTS('',3,(#7703,#7704,#7705,#7706,#7707,#7708,#7709,#7710,#7711,#7712,#7713,#7714,#7715,#7716),.UNSPECIFIED.,.F.,.F.,(4,2,2,2,2,2,4),(-5.5677028140654E-06,0.0,0.000399557157715399,0.000807612956036772,0.00130042785865908,0.00168949419067861,0.00202899498465935),.UNSPECIFIED.);
#5150=VERTEX_POINT('',#7717);
#5151=CIRCLE('',#7718,0.0025);
#5152=B_SPLINE_CURVE_WITH_KNOTS('',3,(#7719,#7720,#7721,#7722,#7723,#7724,#7725,#7726,#7727,#7728,#7729,#7730,#7731,#7732),.UNSPECIFIED.,.F.,.F.,(4,2,2,2,2,2,4),(-5.38115879892016E-06,0.0,0.000409244431317021,0.00082181342034385,0.00130723158652952,0.00169010757100474,0.00202800917487703),.UNSPECIFIED.);
#5153=VERTEX_POINT('',#7733);
#5154=VERTEX_POINT('',#7734);
#5155=CIRCLE('',#7735,0.001);
#5156=CIRCLE('',#7736,0.0015);
#5157=VERTEX_POINT('',#7737);
#5158=B_SPLINE_CURVE_WITH_KNOTS('',3,(#7738,#7739,#7740,#7741,#7742,#7743,#7744,#7745,#7746,#7747,#7748,#7749,#7750,#7751),.UNSPECIFIED.,.F.,.F.,(4,2,2,2,2,2,4),(-5.56770281421927E-06,0.0,0.000399557157712448,0.000807612956029858,0.00130042785864851,0.00168949419066297,0.00202899498463829),.UNSPECIFIED.);
#5159=CIRCLE('',#7752,0.0025);
#5160=VERTEX_POINT('',#7753);
#5161=VERTEX_POINT('',#7754);
#5162=CIRCLE('',#7755,0.001);
#5163=CIRCLE('',#7756,0.0015);
#5164=VERTEX_POINT('',#7757);
#5165=B_SPLINE_CURVE_WITH_KNOTS('',3,(#7758,#7759,#7760,#7761,#7762,#7763,#7764,#7765,#7766,#7767,#7768,#7769,#7770,#7771),.UNSPECIFIED.,.F.,.F.,(4,2,2,2,2,2,4),(-5.56770281429758E-06,0.0,0.000399557157718403,0.000807612956045857,0.00130042785867606,0.00168949419070397,0.00202899498469341),.UNSPECIFIED.);
#5166=CIRCLE('',#7772,0.0025);
#5167=VERTEX_POINT('',#7773);
#5168=CIRCLE('',#7774,0.001);
#5169=VERTEX_POINT('',#7775);
#5170=B_SPLINE_CURVE_WITH_KNOTS('',3,(#7776,#7777,#7778,#7779,#7780,#7781,#7782,#7783,#7784,#7785,#7786,#7787,#7788,#7789),.UNSPECIFIED.,.F.,.F.,(4,2,2,2,2,2,4),(-5.56770281642477E-06,0.0,0.000399557157760954,0.000807612956174426,0.00130042785890802,0.00168949419101227,0.0020289949850643),.UNSPECIFIED.);
#5171=CIRCLE('',#7790,0.0025);
#5172=VERTEX_POINT('',#7791);
#5173=CIRCLE('',#7792,0.001);
#5174=VERTEX_POINT('',#7793);
#5175=B_SPLINE_CURVE_WITH_KNOTS('',3,(#7794,#7795,#7796,#7797,#7798,#7799,#7800,#7801,#7802,#7803,#7804,#7805,#7806,#7807),.UNSPECIFIED.,.F.,.F.,(4,2,2,2,2,2,4),(-5.56770281490001E-06,0.0,0.000399557157731552,0.00080761295608613,0.00130042785874876,0.00168949419080031,0.00202899498480925),.UNSPECIFIED.);
#5176=CIRCLE('',#7808,0.0025);
#5177=VERTEX_POINT('',#7809);
#5178=VERTEX_POINT('',#7810);
#5179=LINE('',#7811,#7812);
#5180=VERTEX_POINT('',#7813);
#5181=CIRCLE('',#7814,0.006);
#5182=VERTEX_POINT('',#7815);
#5183=LINE('',#7816,#7817);
#5184=VERTEX_POINT('',#7818);
#5185=CIRCLE('',#7819,0.006);
#5186=CIRCLE('',#7820,0.006);
#5187=VERTEX_POINT('',#7821);
#5188=CIRCLE('',#7822,0.0008);
#5189=VERTEX_POINT('',#7823);
#5190=CIRCLE('',#7824,0.0068);
#5191=VERTEX_POINT('',#7825);
#5192=CIRCLE('',#7826,0.0008);
#5193=CIRCLE('',#7827,0.006);
#5194=VERTEX_POINT('',#7828);
#5195=VERTEX_POINT('',#7829);
#5196=LINE('',#7830,#7831);
#5197=VERTEX_POINT('',#7832);
#5198=CIRCLE('',#7833,0.00325);
#5199=VERTEX_POINT('',#7834);
#5200=LINE('',#7835,#7836);
#5201=CIRCLE('',#7837,0.00325);
#5202=CIRCLE('',#7838,0.00325);
#5203=CIRCLE('',#7839,0.00325);
#5204=VERTEX_POINT('',#7840);
#5205=VERTEX_POINT('',#7841);
#5206=LINE('',#7842,#7843);
#5207=VERTEX_POINT('',#7844);
#5208=LINE('',#7845,#7846);
#5209=VERTEX_POINT('',#7847);
#5210=LINE('',#7848,#7849);
#5211=LINE('',#7850,#7851);
#5212=VERTEX_POINT('',#7852);
#5213=LINE('',#7853,#7854);
#5214=VERTEX_POINT('',#7855);
#5215=LINE('',#7856,#7857);
#5216=LINE('',#7858,#7859);
#5217=VERTEX_POINT('',#7860);
#5218=LINE('',#7861,#7862);
#5219=VERTEX_POINT('',#7863);
#5220=LINE('',#7864,#7865);
#5221=LINE('',#7866,#7867);
#5222=VERTEX_POINT('',#7868);
#5223=LINE('',#7869,#7870);
#5224=VERTEX_POINT('',#7871);
#5225=LINE('',#7872,#7873);
#5226=LINE('',#7874,#7875);
#5227=VERTEX_POINT('',#7876);
#5228=LINE('',#7877,#7878);
#5229=VERTEX_POINT('',#7879);
#5230=LINE('',#7880,#7881);
#5231=LINE('',#7882,#7883);
#5232=LINE('',#7884,#7885);
#5233=LINE('',#7886,#7887);
#5234=VERTEX_POINT('',#7888);
#5235=CIRCLE('',#7889,0.0015);
#5236=CIRCLE('',#7890,0.01);
#5237=VERTEX_POINT('',#7891);
#5238=CIRCLE('',#7892,0.0015);
#5239=CIRCLE('',#7893,0.01);
#5240=VERTEX_POINT('',#7894);
#5241=CIRCLE('',#7895,0.0015);
#5242=CIRCLE('',#7896,0.01);
#5243=VERTEX_POINT('',#7897);
#5244=CIRCLE('',#7898,0.0015);
#5245=CIRCLE('',#7899,0.01);
#5246=VERTEX_POINT('',#7900);
#5247=CIRCLE('',#7901,0.0015);
#5248=CIRCLE('',#7902,0.01);
#5249=VERTEX_POINT('',#7903);
#5250=CIRCLE('',#7904,0.0015);
#5251=CIRCLE('',#7905,0.01);
#5252=VERTEX_POINT('',#7906);
#5253=CIRCLE('',#7907,0.0015);
#5254=CIRCLE('',#7908,0.01);
#5255=VERTEX_POINT('',#7909);
#5256=CIRCLE('',#7910,0.0015);
#5257=CIRCLE('',#7911,0.01);
#5258=VERTEX_POINT('',#7912);
#5259=CIRCLE('',#7913,0.0015);
#5260=CIRCLE('',#7914,0.01);
#5261=VERTEX_POINT('',#7915);
#5262=CIRCLE('',#7916,0.0015);
#5263=CIRCLE('',#7917,0.01);
#5264=VERTEX_POINT('',#7918);
#5265=CIRCLE('',#7919,0.0015);
#5266=CIRCLE('',#7920,0.01);
#5267=CIRCLE('',#7921,0.006);
#5268=VERTEX_POINT('',#7922);
#5269=CIRCLE('',#7923,0.0068);
#5270=CIRCLE('',#7924,0.0068);
#5271=CIRCLE('',#7925,0.006);
#5272=VERTEX_POINT('',#7926);
#5273=CIRCLE('',#7927,0.009);
#5274=VERTEX_POINT('',#7928);
#5275=CIRCLE('',#7929,0.0025);
#5276=CIRCLE('',#7930,0.009);
#5277=VERTEX_POINT('',#7931);
#5278=CIRCLE('',#7932,0.0025);
#5279=CIRCLE('',#7933,0.009);
#5280=VERTEX_POINT('',#7934);
#5281=CIRCLE('',#7935,0.0025);
#5282=CIRCLE('',#7936,0.009);
#5283=VERTEX_POINT('',#7937);
#5284=CIRCLE('',#7938,0.0025);
#5285=CIRCLE('',#7939,0.009);
#5286=CIRCLE('',#7940,0.009);
#5287=VERTEX_POINT('',#7941);
#5288=CIRCLE('',#7942,0.009);
#5289=CIRCLE('',#7943,0.0025);
#5290=VERTEX_POINT('',#7944);
#5291=CIRCLE('',#7945,0.009);
#5292=CIRCLE('',#7946,0.0025);
#5293=VERTEX_POINT('',#7947);
#5294=CIRCLE('',#7948,0.009);
#5295=CIRCLE('',#7949,0.0025);
#5296=VERTEX_POINT('',#7950);
#5297=CIRCLE('',#7951,0.009);
#5298=CIRCLE('',#7952,0.0025);
#5299=VERTEX_POINT('',#7953);
#5300=CIRCLE('',#7954,0.009);
#5301=CIRCLE('',#7955,0.0025);
#5302=B_SPLINE_CURVE_WITH_KNOTS('',3,(#7956,#7957,#7958,#7959,#7960,#7961,#7962,#7963,#7964,#7965,#7966,#7967,#7968,#7969),.UNSPECIFIED.,.F.,.F.,(4,2,2,2,2,2,4),(-0.00162024471443298,-0.00161636709495424,-0.00127178460131577,-0.000933063810298256,-0.000559558584445173,-0.00026609599485126,-0.0),.UNSPECIFIED.);
#5303=CIRCLE('',#7970,0.01);
#5304=VERTEX_POINT('',#7971);
#5305=B_SPLINE_CURVE_WITH_KNOTS('',3,(#7972,#7973,#7974,#7975,#7976,#7977,#7978,#7979,#7980,#7981,#7982,#7983,#7984,#7985),.UNSPECIFIED.,.F.,.F.,(4,2,2,2,2,2,4),(-4.86181482607093E-06,0.0,0.00043204246456667,0.000856735442464988,0.00132504164283719,0.00169298923974208,0.00202662420829842),.UNSPECIFIED.);
#5306=CIRCLE('',#7986,0.0015);
#5307=CIRCLE('',#7987,0.01);
#5308=VERTEX_POINT('',#7988);
#5309=B_SPLINE_CURVE_WITH_KNOTS('',3,(#7989,#7990,#7991,#7992,#7993,#7994,#7995,#7996,#7997,#7998,#7999,#8000,#8001,#8002),.UNSPECIFIED.,.F.,.F.,(4,2,2,2,2,2,4),(-5.38115879709881E-06,0.0,0.000409244431272436,0.000821813420214462,0.00130723158630326,0.0016901075707069,0.00202800917452139),.UNSPECIFIED.);
#5310=CIRCLE('',#8003,0.0015);
#5311=CIRCLE('',#8004,0.01);
#5312=VERTEX_POINT('',#8005);
#5313=B_SPLINE_CURVE_WITH_KNOTS('',3,(#8006,#8007,#8008,#8009,#8010,#8011,#8012,#8013,#8014,#8015,#8016,#8017,#8018,#8019),.UNSPECIFIED.,.F.,.F.,(4,2,2,2,2,2,4),(-5.38115879547693E-06,0.0,0.000409244431246907,0.000821813420135048,0.00130723158615797,0.00169010757050616,0.00202800917426808),.UNSPECIFIED.);
#5314=CIRCLE('',#8020,0.0015);
#5315=CIRCLE('',#8021,0.01);
#5316=VERTEX_POINT('',#8022);
#5317=B_SPLINE_CURVE_WITH_KNOTS('',3,(#8023,#8024,#8025,#8026,#8027,#8028,#8029,#8030,#8031,#8032,#8033,#8034,#8035,#8036),.UNSPECIFIED.,.F.,.F.,(4,2,2,2,2,2,4),(-5.38115879694002E-06,0.0,0.0004092444312668,0.000821813420190516,0.00130723158625082,0.0016901075706329,0.00202800917442774),.UNSPECIFIED.);
#5318=CIRCLE('',#8037,0.0015);
#5319=CIRCLE('',#8038,0.01);
#5320=VERTEX_POINT('',#8039);
#5321=B_SPLINE_CURVE_WITH_KNOTS('',3,(#8040,#8041,#8042,#8043,#8044,#8045,#8046,#8047,#8048,#8049,#8050,#8051,#8052,#8053),.UNSPECIFIED.,.F.,.F.,(4,2,2,2,2,2,4),(-5.38115879780197E-06,0.0,0.000409244431287483,0.000821813420253773,0.00130723158636539,0.00169010757078538,0.0020280091746118),.UNSPECIFIED.);
#5322=CIRCLE('',#8054,0.0015);
#5323=CIRCLE('',#8055,0.01);
#5324=VERTEX_POINT('',#8056);
#5325=B_SPLINE_CURVE_WITH_KNOTS('',3,(#8057,#8058,#8059,#8060,#8061,#8062,#8063,#8064,#8065,#8066,#8067,#8068,#8069,#8070),.UNSPECIFIED.,.F.,.F.,(4,2,2,2,2,2,4),(-5.38115879892016E-06,0.0,0.000409244431317021,0.00082181342034385,0.00130723158652952,0.00169010757100474,0.00202800917487703),.UNSPECIFIED.);
#5326=CIRCLE('',#8071,0.0015);
#5327=CIRCLE('',#8072,0.01);
#5328=B_SPLINE_CURVE_WITH_KNOTS('',3,(#8073,#8074,#8075,#8076,#8077,#8078,#8079,#8080,#8081,#8082,#8083,#8084,#8085,#8086),.UNSPECIFIED.,.F.,.F.,(4,2,2,2,2,2,4),(-5.5677028151082E-06,0.0,0.000399557157731375,0.000807612956086626,0.00130042785874973,0.00168949419080039,0.00202899498480861),.UNSPECIFIED.);
#5329=CIRCLE('',#8087,0.01);
#5330=B_SPLINE_CURVE_WITH_KNOTS('',3,(#8088,#8089,#8090,#8091,#8092,#8093,#8094,#8095,#8096,#8097,#8098,#8099,#8100,#8101),.UNSPECIFIED.,.F.,.F.,(4,2,2,2,2,2,4),(-5.5677028137344E-06,0.0,0.000399557157711017,0.000807612956023541,0.00130042785863489,0.00168949419064817,0.00202899498462547),.UNSPECIFIED.);
#5331=CIRCLE('',#8102,0.01);
#5332=B_SPLINE_CURVE_WITH_KNOTS('',3,(#8103,#8104,#8105,#8106,#8107,#8108,#8109,#8110,#8111,#8112,#8113,#8114,#8115,#8116),.UNSPECIFIED.,.F.,.F.,(4,2,2,2,2,2,4),(-5.56770281576264E-06,0.0,0.000399557157744951,0.000807612956127214,0.00130042785882405,0.00168949419090192,0.00202899498493354),.UNSPECIFIED.);
#5333=CIRCLE('',#8117,0.01);
#5334=B_SPLINE_CURVE_WITH_KNOTS('',3,(#8118,#8119,#8120,#8121,#8122,#8123,#8124,#8125,#8126,#8127,#8128,#8129,#8130,#8131),.UNSPECIFIED.,.F.,.F.,(4,2,2,2,2,2,4),(-5.56770281662173E-06,0.0,0.00039955715777881,0.000807612956230076,0.00130042785901045,0.00168949419115105,0.00202899498523525),.UNSPECIFIED.);
#5335=CIRCLE('',#8132,0.0015);
#5336=CIRCLE('',#8133,0.01);
#5337=B_SPLINE_CURVE_WITH_KNOTS('',3,(#8134,#8135,#8136,#8137,#8138,#8139,#8140,#8141,#8142,#8143,#8144,#8145,#8146,#8147),.UNSPECIFIED.,.F.,.F.,(4,2,2,2,2,2,4),(-5.56770281518568E-06,0.0,0.000399557157737788,0.000807612956103284,0.00130042785877818,0.00168949419083897,0.00202899498485519),.UNSPECIFIED.);
#5338=CIRCLE('',#8148,0.0015);
#5339=LINE('',#8149,#8150);
#5340=LINE('',#8151,#8152);
#5341=LINE('',#8153,#8154);
#5342=LINE('',#8155,#8156);
#5343=LINE('',#8157,#8158);
#5344=LINE('',#8159,#8160);
#5345=LINE('',#8161,#8162);
#5346=LINE('',#8163,#8164);
#5347=LINE('',#8165,#8166);
#5348=LINE('',#8167,#8168);
#5349=LINE('',#8169,#8170);
#5350=CARTESIAN_POINT('',(-0.0332912,0.0673378,0.015));
#5351=CARTESIAN_POINT('',(-0.0332912,0.0673378,0.01075));
#5352=CARTESIAN_POINT('',(-0.0332912,0.0673378,0.0));
#5353=VECTOR('',#8171,1.0);
#5354=CARTESIAN_POINT('',(-0.0332912,0.0571308,0.015));
#5355=CARTESIAN_POINT('',(-0.0332912,0.0571308,0.015));
#5356=CARTESIAN_POINT('',(-0.0361098,0.0571308,0.015));
#5357=CARTESIAN_POINT('',(-0.0383947,0.0594157,0.015));
#5358=CARTESIAN_POINT('',(-0.0383947,0.0622343,0.015));
#5359=CARTESIAN_POINT('',(-0.0383947,0.0650529,0.015));
#5360=CARTESIAN_POINT('',(-0.0361098,0.0673378,0.015));
#5361=CARTESIAN_POINT('',(-0.0332912,0.0673378,0.015));
#5362=CARTESIAN_POINT('',(-0.0332912,0.0571308,0.0));
#5363=CARTESIAN_POINT('',(-0.0332912,0.0571308,0.0));
#5364=VECTOR('',#8172,1.0);
#5365=CARTESIAN_POINT('',(-0.0332912,0.0673378,0.0));
#5366=CARTESIAN_POINT('',(-0.0332912,0.0673378,0.0));
#5367=CARTESIAN_POINT('',(-0.0361098,0.0673378,0.0));
#5368=CARTESIAN_POINT('',(-0.0383947,0.0650529,0.0));
#5369=CARTESIAN_POINT('',(-0.0383947,0.0622343,0.0));
#5370=CARTESIAN_POINT('',(-0.0383947,0.0594157,0.0));
#5371=CARTESIAN_POINT('',(-0.0361098,0.0571308,0.0));
#5372=CARTESIAN_POINT('',(-0.0332912,0.0571308,0.0));
#5373=CARTESIAN_POINT('',(-0.0332912,0.0673378,0.00424999999999981));
#5374=CARTESIAN_POINT('',(-0.0332912,0.0673378,0.0));
#5375=VECTOR('',#8173,1.0);
#5376=CARTESIAN_POINT('',(-0.0383947,0.0622343,0.00424999999999995));
#5377=CARTESIAN_POINT('',(-0.0281877095883219,0.0622243000000001,0.00424999999999981));
#5378=CARTESIAN_POINT('',(-0.0281869999895523,0.0625943056387486,0.00424999999999981));
#5379=CARTESIAN_POINT('',(-0.0282256855204374,0.0629626990833132,0.00424999999999981));
#5380=CARTESIAN_POINT('',(-0.0283805902489309,0.063674683525216,0.00424999999999981));
#5381=CARTESIAN_POINT('',(-0.0284936700842072,0.064015565053171,0.00424999999999981));
#5382=CARTESIAN_POINT('',(-0.0289209839694703,0.0649567015997711,0.00424999999999981));
#5383=CARTESIAN_POINT('',(-0.0293184317799026,0.0655062919331134,0.00424999999999981));
#5384=CARTESIAN_POINT('',(-0.0302770833100089,0.0664032525215678,0.00424999999999981));
#5385=CARTESIAN_POINT('',(-0.0308329377925707,0.0667562344929324,0.00424999999999981));
#5386=CARTESIAN_POINT('',(-0.0320829474896059,0.0672410832511784,0.00424999999999981));
#5387=CARTESIAN_POINT('',(-0.0327373634116368,0.0673468480116412,0.00424999999999981));
#5388=CARTESIAN_POINT('',(-0.0340688440069648,0.0673265507738397,0.00424999999999981));
#5389=CARTESIAN_POINT('',(-0.0347331180728845,0.0671756670480793,0.00424999999999981));
#5390=CARTESIAN_POINT('',(-0.0359556729224732,0.0666403044560429,0.00424999999999981));
#5391=CARTESIAN_POINT('',(-0.0365106750120053,0.0662498090240371,0.00424999999999981));
#5392=CARTESIAN_POINT('',(-0.0374207741935539,0.065302238972297,0.00424999999999981));
#5393=CARTESIAN_POINT('',(-0.0377811861453625,0.0647503401633853,0.00424999999999981));
#5394=CARTESIAN_POINT('',(-0.0382679674031649,0.0635417354564028,0.00424999999999981));
#5395=CARTESIAN_POINT('',(-0.0383959759817668,0.0628946340002813,0.00424999999999981));
#5396=CARTESIAN_POINT('',(-0.0383946904116781,0.0622243000000001,0.00424999999999981));
#5397=CARTESIAN_POINT('',(-0.0372262620650724,0.0589843000000001,0.00750000000000011));
#5398=CARTESIAN_POINT('',(-0.0383947,0.0622343,0.00424999999999995));
#5399=CARTESIAN_POINT('',(-0.0383947,0.0620300503583577,0.00424999999999996));
#5400=CARTESIAN_POINT('',(-0.0383826461862273,0.0618272160175243,0.0042692190221301));
#5401=CARTESIAN_POINT('',(-0.0383242898066378,0.061334295943377,0.00436283557210325));
#5402=CARTESIAN_POINT('',(-0.0382652528954122,0.0610554168314618,0.00445760461005428));
#5403=CARTESIAN_POINT('',(-0.0380725939485545,0.0603980670812165,0.00478191010093069));
#5404=CARTESIAN_POINT('',(-0.0379191636572372,0.0600577240615077,0.00505091571220209));
#5405=CARTESIAN_POINT('',(-0.0376225583599548,0.0595167068826636,0.00567156378584535));
#5406=CARTESIAN_POINT('',(-0.037477423034366,0.0593094319742906,0.00602590556550618));
#5407=CARTESIAN_POINT('',(-0.0372982487241809,0.05907080197227,0.00669543709500604));
#5408=CARTESIAN_POINT('',(-0.0372390638499925,0.0589997992600058,0.00702199270320571));
#5409=CARTESIAN_POINT('',(-0.0372268758078758,0.0589850418403302,0.00741973423922118));
#5410=CARTESIAN_POINT('',(-0.0372262620650724,0.0589843000000001,0.00745990364503746));
#5411=CARTESIAN_POINT('',(-0.0372262620650724,0.0589843000000001,0.00750000000000011));
#5412=CARTESIAN_POINT('',(-0.0383947,0.0622343000000001,0.01075));
#5413=CARTESIAN_POINT('',(-0.0372262620650724,0.0589843000000001,0.00750000000000027));
#5414=CARTESIAN_POINT('',(-0.0372262627229562,0.0589842994192181,0.00754129183361195));
#5415=CARTESIAN_POINT('',(-0.0372269129590496,0.0589850867319818,0.0075825061953888));
#5416=CARTESIAN_POINT('',(-0.0372335474909596,0.0589931203858277,0.00779353229010544));
#5417=CARTESIAN_POINT('',(-0.0372498571124753,0.0590127873613563,0.00796064673910839));
#5418=CARTESIAN_POINT('',(-0.0373388442413553,0.0591238087154157,0.0085277576625018));
#5419=CARTESIAN_POINT('',(-0.0374568149826155,0.0592753666671392,0.00889748929318629));
#5420=CARTESIAN_POINT('',(-0.0377169147804891,0.0596798299655058,0.00954523975729303));
#5421=CARTESIAN_POINT('',(-0.03786438954982,0.059941087569733,0.00983648868057997));
#5422=CARTESIAN_POINT('',(-0.0381226532182985,0.0605538729910354,0.0103074824683337));
#5423=CARTESIAN_POINT('',(-0.0382329237576777,0.0608978705931496,0.0104886308238705));
#5424=CARTESIAN_POINT('',(-0.0383471483058485,0.0614981763957623,0.0106741769436816));
#5425=CARTESIAN_POINT('',(-0.0383754100153877,0.0617290842789802,0.0107191403696576));
#5426=CARTESIAN_POINT('',(-0.0383923682545377,0.0620541640868418,0.010746262865737));
#5427=CARTESIAN_POINT('',(-0.038394699999997,0.0621443139174857,0.01075));
#5428=CARTESIAN_POINT('',(-0.0383947,0.0622343000000001,0.01075));
#5429=CARTESIAN_POINT('',(-0.0383946904116781,0.0622243000000001,0.01075));
#5430=CARTESIAN_POINT('',(-0.0383954000104477,0.0625943056387487,0.01075));
#5431=CARTESIAN_POINT('',(-0.0383567144795626,0.0629626990833133,0.01075));
#5432=CARTESIAN_POINT('',(-0.0382018097510691,0.0636746835252161,0.01075));
#5433=CARTESIAN_POINT('',(-0.0380887299157928,0.0640155650531711,0.01075));
#5434=CARTESIAN_POINT('',(-0.0376614160305299,0.0649567015997706,0.01075));
#5435=CARTESIAN_POINT('',(-0.0372639682200979,0.065506291933113,0.01075));
#5436=CARTESIAN_POINT('',(-0.0363053166899895,0.0664032525215693,0.01075));
#5437=CARTESIAN_POINT('',(-0.0357494622074273,0.0667562344929332,0.01075));
#5438=CARTESIAN_POINT('',(-0.0344994525103935,0.0672410832511787,0.01075));
#5439=CARTESIAN_POINT('',(-0.0338450365883624,0.0673468480116412,0.01075));
#5440=CARTESIAN_POINT('',(-0.0325135559930332,0.0673265507738396,0.01075));
#5441=CARTESIAN_POINT('',(-0.0318492819271138,0.0671756670480785,0.01075));
#5442=CARTESIAN_POINT('',(-0.0306267270775274,0.0666403044560431,0.01075));
#5443=CARTESIAN_POINT('',(-0.0300717249879951,0.0662498090240376,0.01075));
#5444=CARTESIAN_POINT('',(-0.0291616258064467,0.0653022389722976,0.01075));
#5445=CARTESIAN_POINT('',(-0.0288012138546378,0.0647503401633861,0.01075));
#5446=CARTESIAN_POINT('',(-0.0283144325968348,0.063541735456402,0.01075));
#5447=CARTESIAN_POINT('',(-0.0281864240182332,0.0628946340002805,0.01075));
#5448=CARTESIAN_POINT('',(-0.0281877095883219,0.0622243000000001,0.01075));
#5449=CARTESIAN_POINT('',(-0.0426500915784946,0.0589843000000001,0.00750000000000437));
#5450=CARTESIAN_POINT('',(-0.0399401095943531,0.0589843000000001,0.00749999999999995));
#5451=VECTOR('',#8174,1.0);
#5452=CARTESIAN_POINT('',(-0.0416949766418367,0.0622343000000001,0.00424999999999988));
#5453=CARTESIAN_POINT('',(-0.0399352206784523,0.0622343000000001,0.00424999999999981));
#5454=VECTOR('',#8175,1.0);
#5455=CARTESIAN_POINT('',(-0.0408208,0.0650314,0.00915491135412155));
#5456=CARTESIAN_POINT('',(-0.0408774738734935,0.064881966701845,0.00940748070004359));
#5457=CARTESIAN_POINT('',(-0.0409577267443348,0.064635667231324,0.00974513464597425));
#5458=CARTESIAN_POINT('',(-0.0411796366190516,0.0639316311644491,0.0103005803751991));
#5459=CARTESIAN_POINT('',(-0.0412897100157353,0.0635742781294162,0.0104875170515244));
#5460=CARTESIAN_POINT('',(-0.0415361734062311,0.0627644039458557,0.0107378738500808));
#5461=CARTESIAN_POINT('',(-0.041672078821634,0.0623120377150017,0.0107799754654267));
#5462=CARTESIAN_POINT('',(-0.0419220263613845,0.0614731715161945,0.0106842261742847));
#5463=CARTESIAN_POINT('',(-0.0420352254230064,0.0610903201865738,0.010568007198344));
#5464=CARTESIAN_POINT('',(-0.0422450949117216,0.0603768151025187,0.0101975158583923));
#5465=CARTESIAN_POINT('',(-0.042339105186065,0.0600551540085804,0.00994502961636155));
#5466=CARTESIAN_POINT('',(-0.0424972057010023,0.0595124002947866,0.00932462303008061));
#5467=CARTESIAN_POINT('',(-0.0425587122924732,0.0593001477211837,0.00895899397963153));
#5468=CARTESIAN_POINT('',(-0.0426370916982368,0.059029372716194,0.00817684336689564));
#5469=CARTESIAN_POINT('',(-0.0426543872449158,0.0589694333840886,0.00776783228776506));
#5470=CARTESIAN_POINT('',(-0.0426439987903032,0.0590053862877215,0.00694788395444824));
#5471=CARTESIAN_POINT('',(-0.0426164882266991,0.0591006709898497,0.00654664470373094));
#5472=CARTESIAN_POINT('',(-0.0425180810435183,0.0594402785878979,0.00578628214176217));
#5473=CARTESIAN_POINT('',(-0.0424460964963874,0.0596882868606259,0.00543571709543421));
#5474=CARTESIAN_POINT('',(-0.0422713792392918,0.0602868245702886,0.00486755950602175));
#5475=CARTESIAN_POINT('',(-0.0421728471779928,0.0606230840000955,0.0046500573131275));
#5476=CARTESIAN_POINT('',(-0.0419552863892537,0.0613607539328902,0.00434360849829868));
#5477=CARTESIAN_POINT('',(-0.0418373517451211,0.0617583465995794,0.00426006830818435));
#5478=CARTESIAN_POINT('',(-0.0415842425070824,0.0626045472455682,0.00424064598677221));
#5479=CARTESIAN_POINT('',(-0.0414505034356066,0.063047661481087,0.00432187133672566));
#5480=CARTESIAN_POINT('',(-0.0412011785808077,0.0638619289508449,0.00465386403363852));
#5481=CARTESIAN_POINT('',(-0.0410872651620846,0.064228573181184,0.00489662186283221));
#5482=CARTESIAN_POINT('',(-0.0409135175728767,0.0647680317097741,0.00543864481728617));
#5483=CARTESIAN_POINT('',(-0.0408609293469717,0.0649255900332351,0.00566625063301377));
#5484=CARTESIAN_POINT('',(-0.0408208,0.0650314000000001,0.00584508864587849));
#5485=CARTESIAN_POINT('',(-0.0217579122795457,0.0589843000000001,0.00749999999999995));
#5486=CARTESIAN_POINT('',(-0.0293561379349276,0.0589843000000001,0.00750000000157341));
#5487=CARTESIAN_POINT('',(-0.0252922779558199,0.0589843000000001,0.00749999999999995));
#5488=VECTOR('',#8176,1.0);
#5489=CARTESIAN_POINT('',(-0.0212179,0.0622343,0.00424999999999995));
#5490=CARTESIAN_POINT('',(-0.0212179,0.0622343,0.00424999999999995));
#5491=CARTESIAN_POINT('',(-0.0212179,0.0619807073279429,0.00424999999999996));
#5492=CARTESIAN_POINT('',(-0.0212274483764225,0.0617285288230744,0.00427964816332808));
#5493=CARTESIAN_POINT('',(-0.0212715485960015,0.0611352598224786,0.0044207178158403));
#5494=CARTESIAN_POINT('',(-0.0213144849961662,0.0608057576985952,0.0045594207690275));
#5495=CARTESIAN_POINT('',(-0.0214307379173667,0.0601385199465998,0.0049783850181304));
#5496=CARTESIAN_POINT('',(-0.0215075530692072,0.0598212373968003,0.00528025591016387));
#5497=CARTESIAN_POINT('',(-0.0216416387104298,0.059334447813437,0.00597497948585891));
#5498=CARTESIAN_POINT('',(-0.0216987111568299,0.059160458847013,0.00636180943075139));
#5499=CARTESIAN_POINT('',(-0.0217484487618708,0.0590114718836475,0.00701488042787254));
#5500=CARTESIAN_POINT('',(-0.0217579122795457,0.0589843000000001,0.00725720438469799));
#5501=CARTESIAN_POINT('',(-0.0217579122795457,0.0589843000000001,0.00749999999999995));
#5502=CARTESIAN_POINT('',(-0.0281877,0.0622343,0.00424999999999995));
#5503=CARTESIAN_POINT('',(-0.025291276580315,0.0622343000000001,0.00424999999999981));
#5504=VECTOR('',#8177,1.0);
#5505=CARTESIAN_POINT('',(-0.0293561379349276,0.0589843000000001,0.00750000000314688));
#5506=CARTESIAN_POINT('',(-0.0293559405542101,0.0589841496570363,0.00733285520716392));
#5507=CARTESIAN_POINT('',(-0.0293454125506024,0.0589971449030221,0.00716599602333316));
#5508=CARTESIAN_POINT('',(-0.0293023588326958,0.0590502610251297,0.00682487011507152));
#5509=CARTESIAN_POINT('',(-0.0292694403328978,0.0590913638086263,0.00665489968373106));
#5510=CARTESIAN_POINT('',(-0.0291292995247241,0.0592753661814302,0.006091535741896));
#5511=CARTESIAN_POINT('',(-0.0289829181117674,0.0594805635085689,0.00572547527266034));
#5512=CARTESIAN_POINT('',(-0.0286791933968009,0.0600232101793711,0.00507917977489007));
#5513=CARTESIAN_POINT('',(-0.0285189870391706,0.060372136933488,0.00479772964537954));
#5514=CARTESIAN_POINT('',(-0.028320192022817,0.0610417331421681,0.00446250715672198));
#5515=CARTESIAN_POINT('',(-0.0282601511610567,0.061322782907747,0.00436612401649658));
#5516=CARTESIAN_POINT('',(-0.0282001302601346,0.0618202493759206,0.00426981347608047));
#5517=CARTESIAN_POINT('',(-0.0281877,0.0620269162160654,0.00424999999999996));
#5518=CARTESIAN_POINT('',(-0.0281877,0.0622343,0.00424999999999995));
#5519=CARTESIAN_POINT('',(-0.0248319597400821,-0.00647399316888717,0.000303707152011978));
#5520=CARTESIAN_POINT('',(-0.0271953879990353,-0.00647399316913381,0.00030370715207419));
#5521=CARTESIAN_POINT('',(-0.0262955280379236,-0.00647399316913385,0.000303707152074199));
#5522=VECTOR('',#8178,1.0);
#5523=CARTESIAN_POINT('',(-0.0244567741032715,-0.00877122551265509,0.00119638100145262));
#5524=CARTESIAN_POINT('',(-0.0317025000038685,0.00456300000423357,0.00488225779948645));
#5525=CARTESIAN_POINT('',(-0.0312985203235019,0.0041208976545265,0.00414009661018315));
#5526=CARTESIAN_POINT('',(-0.0308301813201721,0.00359704767195008,0.00347910368001948));
#5527=CARTESIAN_POINT('',(-0.0303355300551451,0.00301772958668991,0.00290388285683114));
#5528=CARTESIAN_POINT('',(-0.029730551257374,0.00230919979302076,0.00220036418282875));
#5529=CARTESIAN_POINT('',(-0.0290799651701813,0.00151109333721152,0.00161736922991446));
#5530=CARTESIAN_POINT('',(-0.0284407884155951,0.000648545920171649,0.00116099275417711));
#5531=CARTESIAN_POINT('',(-0.0278854631917562,-0.000100846691500255,0.000764486831949507));
#5532=CARTESIAN_POINT('',(-0.0273374397969724,-0.000901283908628886,0.000462928768307798));
#5533=CARTESIAN_POINT('',(-0.0268394303426798,-0.00173480671425598,0.000266534637174919));
#5534=CARTESIAN_POINT('',(-0.0267653607915113,-0.00185877757378362,0.000237324699452326));
#5535=CARTESIAN_POINT('',(-0.026691049379509,-0.00198560870202363,0.0002098287135083));
#5536=CARTESIAN_POINT('',(-0.0266124935585489,-0.00212315826446394,0.000183136112064388));
#5537=CARTESIAN_POINT('',(-0.0262360027184416,-0.00278238567354265,5.52077189873297E-05));
#5538=CARTESIAN_POINT('',(-0.025793694491957,-0.00363196652130763,-4.17919220247671E-05));
#5539=CARTESIAN_POINT('',(-0.025410345807017,-0.0046274634438569,1.79719929526422E-05));
#5540=CARTESIAN_POINT('',(-0.0253344494647039,-0.00482455444266204,2.98042040108537E-05));
#5541=CARTESIAN_POINT('',(-0.0252608959475779,-0.0050273794944452,4.78335012275588E-05));
#5542=CARTESIAN_POINT('',(-0.0251906247289369,-0.00523555473461848,7.31528590787096E-05));
#5543=CARTESIAN_POINT('',(-0.0251196012918309,-0.00544595838725752,9.87432480698445E-05));
#5544=CARTESIAN_POINT('',(-0.025054675191677,-0.00565390477092653,0.000130916198791579));
#5545=CARTESIAN_POINT('',(-0.0249965440136262,-0.0058547512534806,0.000168229562531144));
#5546=CARTESIAN_POINT('',(-0.024807574704738,-0.00650765082086457,0.000289525582921463));
#5547=CARTESIAN_POINT('',(-0.0246851821318909,-0.00710045558416507,0.000466981304019459));
#5548=CARTESIAN_POINT('',(-0.0246006012290251,-0.0076259486718535,0.000669608617790458));
#5549=CARTESIAN_POINT('',(-0.0245608244698848,-0.00787307788507651,0.000764900315822098));
#5550=CARTESIAN_POINT('',(-0.0245294385945268,-0.00810533660554793,0.000865748089537498));
#5551=CARTESIAN_POINT('',(-0.0245039365150266,-0.00832208940007642,0.000968803376704301));
#5552=CARTESIAN_POINT('',(-0.0244839512459248,-0.00849195252544236,0.00104956493367392));
#5553=CARTESIAN_POINT('',(-0.0244674360308694,-0.00865288902794205,0.00113172533817692));
#5554=CARTESIAN_POINT('',(-0.0244527719549884,-0.00881489179965893,0.00122004669224179));
#5555=CARTESIAN_POINT('',(-0.0243667809820555,-0.00976488524423711,0.00173796812339194));
#5556=CARTESIAN_POINT('',(-0.0243538833097205,-0.0106582721800021,0.00242551182557675));
#5557=CARTESIAN_POINT('',(-0.0243494,-0.0114335,0.00327976715097866));
#5558=CARTESIAN_POINT('',(-0.0243492445568375,-0.0114603783268425,0.00330938548155298));
#5559=CARTESIAN_POINT('',(-0.0243490899356072,-0.0114871145299578,0.00333920425852426));
#5560=CARTESIAN_POINT('',(-0.0243489361514834,-0.011513705985472,0.00336922344284521));
#5561=CARTESIAN_POINT('',(-0.0266662037875599,-0.00877122551265503,0.00119638100145258));
#5562=CARTESIAN_POINT('',(-0.0228514,-0.00877122551265508,0.00119638100145261));
#5563=VECTOR('',#8179,1.0);
#5564=CARTESIAN_POINT('',(-0.0263764491102614,-0.0116003699309486,0.00346836619836869));
#5565=CARTESIAN_POINT('',(-0.0263782175806271,-0.0115640248419069,0.00342623107497674));
#5566=CARTESIAN_POINT('',(-0.0263800012874832,-0.0115273666169422,0.00338444399220425));
#5567=CARTESIAN_POINT('',(-0.0263818,-0.0114904,0.00334300602547261));
#5568=CARTESIAN_POINT('',(-0.0264244093025646,-0.0106147059958826,0.00236139120617745));
#5569=CARTESIAN_POINT('',(-0.0265146325437001,-0.00956960022501584,0.00157664116820831));
#5570=CARTESIAN_POINT('',(-0.026729599303852,-0.00841152890225991,0.00101187303523331));
#5571=CARTESIAN_POINT('',(-0.02688870710788,-0.00755438156961481,0.00059385949044536));
#5572=CARTESIAN_POINT('',(-0.0271176966733906,-0.00663361838174546,0.000296674154148712));
#5573=CARTESIAN_POINT('',(-0.027454862056065,-0.00567594288096538,0.000136687023519445));
#5574=CARTESIAN_POINT('',(-0.0277007993206045,-0.00497738927765614,1.99882184511863E-05));
#5575=CARTESIAN_POINT('',(-0.0280018929951674,-0.00426691330711034,-2.25651034607006E-05));
#5576=CARTESIAN_POINT('',(-0.0283675604299331,-0.00355441539783402,1.12298904190947E-05));
#5577=CARTESIAN_POINT('',(-0.028605184273813,-0.00309140864398658,3.31910922820882E-05));
#5578=CARTESIAN_POINT('',(-0.0288700257170363,-0.00262747768270175,8.73959763356071E-05));
#5579=CARTESIAN_POINT('',(-0.0291637981415543,-0.00216483103106152,0.000175140882400541));
#5580=CARTESIAN_POINT('',(-0.0293718543128703,-0.0018371743724409,0.000237283778345616));
#5581=CARTESIAN_POINT('',(-0.0295902786758576,-0.00151686410871631,0.000315140091939501));
#5582=CARTESIAN_POINT('',(-0.0298143310406934,-0.00120847492202567,0.000405775102430537));
#5583=CARTESIAN_POINT('',(-0.0307344061244381,5.79308442259828E-05,0.00077796941034987));
#5584=CARTESIAN_POINT('',(-0.0317657705269629,0.00114488949159726,0.00136828847040903));
#5585=CARTESIAN_POINT('',(-0.0327377,0.0020397,0.00205137801076019));
#5586=CARTESIAN_POINT('',(-0.0271953879990354,-0.00647399316913363,0.0146962928479258));
#5587=CARTESIAN_POINT('',(-0.0248319597400051,-0.00647399316904594,0.0146962928479479));
#5588=CARTESIAN_POINT('',(-0.0262958971647962,-0.00647399316913365,0.0146962928479258));
#5589=VECTOR('',#8180,1.0);
#5590=CARTESIAN_POINT('',(-0.0266662037875594,-0.00877122551265627,0.0138036189985466));
#5591=CARTESIAN_POINT('',(-0.0327377,0.00203970000000001,0.0129486219892399));
#5592=CARTESIAN_POINT('',(-0.0318092572864709,0.00118492573955935,0.0136011482517116));
#5593=CARTESIAN_POINT('',(-0.0308271953955806,0.000155646193036977,0.0141683528986038));
#5594=CARTESIAN_POINT('',(-0.0299400537788002,-0.00103743108797137,0.014542290200469));
#5595=CARTESIAN_POINT('',(-0.029715500099329,-0.00133942333844903,0.0146369413761518));
#5596=CARTESIAN_POINT('',(-0.0294969261341592,-0.00165185650683073,0.0147191361731565));
#5597=CARTESIAN_POINT('',(-0.029286401820715,-0.00197439965425548,0.014786823018514));
#5598=CARTESIAN_POINT('',(-0.0290787836810744,-0.00229249026871523,0.0148535754837346));
#5599=CARTESIAN_POINT('',(-0.0288839587967343,-0.00261287720569175,0.0149045816267673));
#5600=CARTESIAN_POINT('',(-0.0287026275282163,-0.00293323630543909,0.0149398719738877));
#5601=CARTESIAN_POINT('',(-0.0282503273025044,-0.00373231797683995,0.0150278977848715));
#5602=CARTESIAN_POINT('',(-0.0278802475724869,-0.00453480181523262,0.0150191325684099));
#5603=CARTESIAN_POINT('',(-0.0275816632822335,-0.00532780824125784,0.0149151912742123));
#5604=CARTESIAN_POINT('',(-0.0273340730837019,-0.00598538007228032,0.014829001724038));
#5605=CARTESIAN_POINT('',(-0.0271387524973532,-0.00662725061199137,0.0146783210463918));
#5606=CARTESIAN_POINT('',(-0.0269837118315086,-0.00724450451560577,0.014468652714919));
#5607=CARTESIAN_POINT('',(-0.0266889143669911,-0.00841816359890369,0.0140699850997415));
#5608=CARTESIAN_POINT('',(-0.026537648061004,-0.009501903926786,0.0134609728279852));
#5609=CARTESIAN_POINT('',(-0.0264526382236207,-0.0104555245825635,0.0126609070388409));
#5610=CARTESIAN_POINT('',(-0.0264200301458433,-0.0108213144425472,0.0123540177624647));
#5611=CARTESIAN_POINT('',(-0.0263975152765796,-0.0111674242025676,0.0120190357694266));
#5612=CARTESIAN_POINT('',(-0.0263818,-0.0114904,0.0116569939745272));
#5613=CARTESIAN_POINT('',(-0.0263800014443894,-0.0115273633922526,0.0116155596225321));
#5614=CARTESIAN_POINT('',(-0.0263782177341262,-0.0115640216872385,0.0115737725822528));
#5615=CARTESIAN_POINT('',(-0.0263764491102614,-0.0116003699309486,0.0115316338016311));
#5616=CARTESIAN_POINT('',(-0.024456774103994,-0.0087712255087617,0.0138036190006449));
#5617=CARTESIAN_POINT('',(-0.0228514,-0.00877122551265486,0.0138036189985474));
#5618=VECTOR('',#8181,1.0);
#5619=CARTESIAN_POINT('',(-0.0243489361514834,-0.011513705985472,0.0116307765571546));
#5620=CARTESIAN_POINT('',(-0.0243520426642328,-0.0109765458835343,0.0122371784181321));
#5621=CARTESIAN_POINT('',(-0.0243583820106249,-0.0103818070958586,0.0127602306542504));
#5622=CARTESIAN_POINT('',(-0.0244232839377775,-0.00903613302723729,0.0136996155481667));
#5623=CARTESIAN_POINT('',(-0.0244897010802435,-0.00824460333307311,0.0141123301088821));
#5624=CARTESIAN_POINT('',(-0.0248107933383837,-0.00642410891254949,0.0147634310013986));
#5625=CARTESIAN_POINT('',(-0.0250993790195123,-0.00535240322801063,0.014979577204709));
#5626=CARTESIAN_POINT('',(-0.0261191474405304,-0.0029176904948483,0.0150196126323585));
#5627=CARTESIAN_POINT('',(-0.0268046115950556,-0.00173557546422929,0.0147964887096194));
#5628=CARTESIAN_POINT('',(-0.0281488212878813,0.000288116209583212,0.0140801280402543));
#5629=CARTESIAN_POINT('',(-0.0288517412866558,0.00121431331064692,0.0135805117717592));
#5630=CARTESIAN_POINT('',(-0.0303332916117571,0.00304088031770151,0.0121821761887842));
#5631=CARTESIAN_POINT('',(-0.0310963867362219,0.00389968916748048,0.0112312480658606));
#5632=CARTESIAN_POINT('',(-0.0317025000038685,0.00456300000423357,0.0101177422005138));
#5633=CARTESIAN_POINT('',(-0.0256550576916192,-0.00402819984032132,0.015));
#5634=CARTESIAN_POINT('',(-0.0243489361514834,-0.011513705985472,0.0116307765571546));
#5635=CARTESIAN_POINT('',(-0.0243520426642328,-0.0109765458835343,0.0122371784181321));
#5636=CARTESIAN_POINT('',(-0.0243583820106249,-0.0103818070958586,0.0127602306542504));
#5637=CARTESIAN_POINT('',(-0.0244232839377775,-0.00903613302723729,0.0136996155481667));
#5638=CARTESIAN_POINT('',(-0.0244897010802435,-0.00824460333307311,0.0141123301088821));
#5639=CARTESIAN_POINT('',(-0.0248107933383837,-0.00642410891254949,0.0147634310013986));
#5640=CARTESIAN_POINT('',(-0.0250993790195123,-0.00535240322801063,0.014979577204709));
#5641=CARTESIAN_POINT('',(-0.0261191474405304,-0.0029176904948483,0.0150196126323585));
#5642=CARTESIAN_POINT('',(-0.0268046115950556,-0.00173557546422929,0.0147964887096194));
#5643=CARTESIAN_POINT('',(-0.0281488212878813,0.000288116209583212,0.0140801280402543));
#5644=CARTESIAN_POINT('',(-0.0288517412866558,0.00121431331064692,0.0135805117717592));
#5645=CARTESIAN_POINT('',(-0.0303332916117571,0.00304088031770151,0.0121821761887842));
#5646=CARTESIAN_POINT('',(-0.0310963867362219,0.00389968916748048,0.0112312480658606));
#5647=CARTESIAN_POINT('',(-0.0317025000038685,0.00456300000423357,0.0101177422005138));
#5648=CARTESIAN_POINT('',(-0.028133593485194,-0.00402819984032132,0.015));
#5649=CARTESIAN_POINT('',(-0.0228514,-0.00402819984032132,0.015));
#5650=VECTOR('',#8182,1.0);
#5651=CARTESIAN_POINT('',(-0.0327377,0.00203970000000001,0.0129486219892399));
#5652=CARTESIAN_POINT('',(-0.0318092572864709,0.00118492573955935,0.0136011482517116));
#5653=CARTESIAN_POINT('',(-0.0308271953955806,0.000155646193036977,0.0141683528986038));
#5654=CARTESIAN_POINT('',(-0.0299400537788002,-0.00103743108797137,0.014542290200469));
#5655=CARTESIAN_POINT('',(-0.029715500099329,-0.00133942333844903,0.0146369413761518));
#5656=CARTESIAN_POINT('',(-0.0294969261341592,-0.00165185650683073,0.0147191361731565));
#5657=CARTESIAN_POINT('',(-0.029286401820715,-0.00197439965425548,0.014786823018514));
#5658=CARTESIAN_POINT('',(-0.0290787836810744,-0.00229249026871523,0.0148535754837346));
#5659=CARTESIAN_POINT('',(-0.0288839587967343,-0.00261287720569175,0.0149045816267673));
#5660=CARTESIAN_POINT('',(-0.0287026275282163,-0.00293323630543909,0.0149398719738877));
#5661=CARTESIAN_POINT('',(-0.0282503273025044,-0.00373231797683995,0.0150278977848715));
#5662=CARTESIAN_POINT('',(-0.0278802475724869,-0.00453480181523262,0.0150191325684099));
#5663=CARTESIAN_POINT('',(-0.0275816632822335,-0.00532780824125784,0.0149151912742123));
#5664=CARTESIAN_POINT('',(-0.0273340730837019,-0.00598538007228032,0.014829001724038));
#5665=CARTESIAN_POINT('',(-0.0271387524973532,-0.00662725061199137,0.0146783210463918));
#5666=CARTESIAN_POINT('',(-0.0269837118315086,-0.00724450451560577,0.014468652714919));
#5667=CARTESIAN_POINT('',(-0.0266889143669911,-0.00841816359890369,0.0140699850997415));
#5668=CARTESIAN_POINT('',(-0.026537648061004,-0.009501903926786,0.0134609728279852));
#5669=CARTESIAN_POINT('',(-0.0264526382236207,-0.0104555245825635,0.0126609070388409));
#5670=CARTESIAN_POINT('',(-0.0264200301458433,-0.0108213144425472,0.0123540177624647));
#5671=CARTESIAN_POINT('',(-0.0263975152765796,-0.0111674242025676,0.0120190357694266));
#5672=CARTESIAN_POINT('',(-0.0263818,-0.0114904,0.0116569939745272));
#5673=CARTESIAN_POINT('',(-0.0263800014443894,-0.0115273633922526,0.0116155596225321));
#5674=CARTESIAN_POINT('',(-0.0263782177341262,-0.0115640216872385,0.0115737725822528));
#5675=CARTESIAN_POINT('',(-0.0263764491102614,-0.0116003699309486,0.0115316338016311));
#5676=CARTESIAN_POINT('',(-0.0332912,0.0673378,0.015));
#5677=CARTESIAN_POINT('',(-0.0304726,0.0673378,0.015));
#5678=CARTESIAN_POINT('',(-0.0281877,0.0650529,0.015));
#5679=CARTESIAN_POINT('',(-0.0281877,0.0622343,0.015));
#5680=CARTESIAN_POINT('',(-0.0281877,0.0594157,0.015));
#5681=CARTESIAN_POINT('',(-0.0304726,0.0571308,0.015));
#5682=CARTESIAN_POINT('',(-0.0332912,0.0571308,0.015));
#5683=CARTESIAN_POINT('',(-0.0392135,0.0451362,0.015));
#5684=CARTESIAN_POINT('',(-0.0331722,0.0527722,0.015));
#5685=CARTESIAN_POINT('',(-0.0331722,0.0527722,0.015));
#5686=CARTESIAN_POINT('',(-0.0360426,0.0497755,0.015));
#5687=CARTESIAN_POINT('',(-0.0376065,0.0476829,0.015));
#5688=CARTESIAN_POINT('',(-0.0392135,0.0451362,0.015));
#5689=CARTESIAN_POINT('',(-0.041391,0.0454795,0.015));
#5690=CARTESIAN_POINT('',(-0.0392135,0.0451362,0.015));
#5691=CARTESIAN_POINT('',(-0.0402291,0.0435698,0.015));
#5692=CARTESIAN_POINT('',(-0.0415223,0.0442084,0.015));
#5693=CARTESIAN_POINT('',(-0.041391,0.0454795,0.015));
#5694=CARTESIAN_POINT('',(-0.0397671,0.0553179,0.015));
#5695=CARTESIAN_POINT('',(-0.041391,0.0454795,0.015));
#5696=CARTESIAN_POINT('',(-0.0409729,0.0499367,0.015));
#5697=CARTESIAN_POINT('',(-0.0407218,0.0512731,0.015));
#5698=CARTESIAN_POINT('',(-0.0397671,0.0553179,0.015));
#5699=CARTESIAN_POINT('',(-0.039137,0.0555066,0.015));
#5700=CARTESIAN_POINT('',(-0.0397671,0.0553179,0.015));
#5701=CARTESIAN_POINT('',(-0.0396675,0.0556663,0.015));
#5702=CARTESIAN_POINT('',(-0.039387,0.0557092,0.015));
#5703=CARTESIAN_POINT('',(-0.039137,0.0555066,0.015));
#5704=CARTESIAN_POINT('',(-0.03337,0.053439,0.015));
#5705=CARTESIAN_POINT('',(-0.039137,0.0555066,0.015));
#5706=CARTESIAN_POINT('',(-0.0379664,0.0541913,0.015));
#5707=CARTESIAN_POINT('',(-0.0362606,0.0533624,0.015));
#5708=CARTESIAN_POINT('',(-0.0343619,0.0533624,0.015));
#5709=CARTESIAN_POINT('',(-0.0340246,0.0533624,0.015));
#5710=CARTESIAN_POINT('',(-0.0336932,0.0533886,0.015));
#5711=CARTESIAN_POINT('',(-0.03337,0.053439,0.015));
#5712=CARTESIAN_POINT('',(-0.0330004,0.0529487,0.015));
#5713=CARTESIAN_POINT('',(-0.03337,0.053439,0.015));
#5714=CARTESIAN_POINT('',(-0.032903,0.0535673,0.015));
#5715=CARTESIAN_POINT('',(-0.032693,0.053276,0.015));
#5716=CARTESIAN_POINT('',(-0.0330004,0.0529487,0.015));
#5717=CARTESIAN_POINT('',(-0.0330004,0.0529487,0.015));
#5718=CARTESIAN_POINT('',(-0.0330569,0.0528917,0.015));
#5719=CARTESIAN_POINT('',(-0.0331142,0.0528327,0.015));
#5720=CARTESIAN_POINT('',(-0.0331722,0.0527722,0.015));
#5721=CARTESIAN_POINT('',(-0.0317025,0.004563,0.015));
#5722=CARTESIAN_POINT('',(-0.0317025,0.004563,0.015));
#5723=CARTESIAN_POINT('',(-0.0273581683464402,-0.000191296628287721,0.015));
#5724=CARTESIAN_POINT('',(-0.0255800751908013,-0.00346323361194533,0.015));
#5725=CARTESIAN_POINT('',(-0.024852216144809,-0.00639147428320969,0.015));
#5726=CARTESIAN_POINT('',(-0.0296161,0.0513072,0.015));
#5727=CARTESIAN_POINT('',(-0.0317025,0.004563,0.015));
#5728=CARTESIAN_POINT('',(-0.0437953,0.0173222,0.015));
#5729=CARTESIAN_POINT('',(-0.044096,0.0361797,0.015));
#5730=CARTESIAN_POINT('',(-0.0296161,0.0513072,0.015));
#5731=CARTESIAN_POINT('',(-0.0266179,0.0533529,0.015));
#5732=CARTESIAN_POINT('',(-0.0296161,0.0513072,0.015));
#5733=CARTESIAN_POINT('',(-0.0285654,0.0523941,0.015));
#5734=CARTESIAN_POINT('',(-0.0279956,0.0527563,0.015));
#5735=CARTESIAN_POINT('',(-0.0266179,0.0533529,0.015));
#5736=CARTESIAN_POINT('',(-0.0312179,0.0722343,0.015));
#5737=CARTESIAN_POINT('',(-0.0266179,0.0533529,0.015));
#5738=CARTESIAN_POINT('',(-0.0234098,0.0550179,0.015));
#5739=CARTESIAN_POINT('',(-0.0212179,0.0583701,0.015));
#5740=CARTESIAN_POINT('',(-0.0212179,0.0622343,0.015));
#5741=CARTESIAN_POINT('',(-0.0212179,0.0677571,0.015));
#5742=CARTESIAN_POINT('',(-0.0256951,0.0722343,0.015));
#5743=CARTESIAN_POINT('',(-0.0312179,0.0722343,0.015));
#5744=CARTESIAN_POINT('',(-0.0408208,0.0650314,0.015));
#5745=CARTESIAN_POINT('',(-0.0312179,0.0722343,0.015));
#5746=CARTESIAN_POINT('',(-0.0357697,0.0722343,0.015));
#5747=CARTESIAN_POINT('',(-0.0396107,0.0691928,0.015));
#5748=CARTESIAN_POINT('',(-0.0408208,0.0650314,0.015));
#5749=CARTESIAN_POINT('',(-0.0446576,0.0515507,0.015));
#5750=CARTESIAN_POINT('',(-0.0408208,0.0650314,0.015));
#5751=CARTESIAN_POINT('',(-0.0412004,0.0640305,0.015));
#5752=CARTESIAN_POINT('',(-0.0440497,0.054368,0.015));
#5753=CARTESIAN_POINT('',(-0.0446576,0.0515507,0.015));
#5754=CARTESIAN_POINT('',(-0.0411504,0.0118039,0.015));
#5755=CARTESIAN_POINT('',(-0.0446576,0.0515507,0.015));
#5756=CARTESIAN_POINT('',(-0.0478369,0.0368146,0.015));
#5757=CARTESIAN_POINT('',(-0.0469017,0.0225878,0.015));
#5758=CARTESIAN_POINT('',(-0.0411504,0.0118039,0.015));
#5759=CARTESIAN_POINT('',(-0.0327377,0.0020397,0.015));
#5760=CARTESIAN_POINT('',(-0.0411504,0.0118039,0.015));
#5761=CARTESIAN_POINT('',(-0.0392485,0.0082377,0.015));
#5762=CARTESIAN_POINT('',(-0.0357191,0.0047472,0.015));
#5763=CARTESIAN_POINT('',(-0.0327377,0.0020397,0.015));
#5764=CARTESIAN_POINT('',(-0.0272202688203532,-0.00639147428322218,0.015));
#5765=CARTESIAN_POINT('',(-0.0281068079208492,-0.00347695214574895,0.015));
#5766=CARTESIAN_POINT('',(-0.0297816263219588,-0.00068182029967621,0.015));
#5767=CARTESIAN_POINT('',(-0.0327377,0.0020397,0.015));
#5768=CARTESIAN_POINT('',(-0.0243494,-0.0114335,0.0122546547483182));
#5769=CARTESIAN_POINT('',(-0.024852216144809,-0.00639147428320969,0.015));
#5770=CARTESIAN_POINT('',(-0.0245490761362462,-0.00761103307972206,0.014429586718694));
#5771=CARTESIAN_POINT('',(-0.0244392711711576,-0.00874578904901798,0.0138318535385571));
#5772=CARTESIAN_POINT('',(-0.0243913308390244,-0.00969974511568594,0.0132897620756745));
#5773=CARTESIAN_POINT('',(-0.0243572216623426,-0.0103784775019013,0.0129040681794824));
#5774=CARTESIAN_POINT('',(-0.0243521001447777,-0.0109666066822948,0.0125471894940839));
#5775=CARTESIAN_POINT('',(-0.0243494,-0.0114335,0.0122546547483182));
#5776=CARTESIAN_POINT('',(-0.0243494,-0.0114335,0.00274534525168175));
#5777=CARTESIAN_POINT('',(-0.0243494,-0.0114335,0.0));
#5778=VECTOR('',#8183,1.0);
#5779=CARTESIAN_POINT('',(-0.0243494,-0.0114335,0.00274534525168175));
#5780=CARTESIAN_POINT('',(-0.0243550816527794,-0.0104510616736933,0.00212979275795726));
#5781=CARTESIAN_POINT('',(-0.0243800532679837,-0.0094783960143292,0.00157101285875948));
#5782=CARTESIAN_POINT('',(-0.0244813134336456,-0.00852434603709508,0.00106431981523433));
#5783=CARTESIAN_POINT('',(-0.0245392362963872,-0.00797861015449263,0.000774481146490387));
#5784=CARTESIAN_POINT('',(-0.0246219855397867,-0.00743208670675207,0.000497821190435));
#5785=CARTESIAN_POINT('',(-0.0247411332249568,-0.00687294691953891,0.000228530784008268));
#5786=CARTESIAN_POINT('',(-0.0247751331677747,-0.00671339098049317,0.000151686165442346));
#5787=CARTESIAN_POINT('',(-0.0248120787696933,-0.00655295045761289,7.55258006070236E-05));
#5788=CARTESIAN_POINT('',(-0.0248522161448089,-0.00639147428320993,3.9534032803055E-18));
#5789=CARTESIAN_POINT('',(-0.0256550576916192,-0.00402819984032149,0.0));
#5790=CARTESIAN_POINT('',(-0.0317025000038685,0.00456300000423357,0.00488225779948645));
#5791=CARTESIAN_POINT('',(-0.0312985203235019,0.0041208976545265,0.00414009661018315));
#5792=CARTESIAN_POINT('',(-0.0308301813201721,0.00359704767195008,0.00347910368001948));
#5793=CARTESIAN_POINT('',(-0.0303355300551451,0.00301772958668991,0.00290388285683114));
#5794=CARTESIAN_POINT('',(-0.029730551257374,0.00230919979302076,0.00220036418282875));
#5795=CARTESIAN_POINT('',(-0.0290799651701813,0.00151109333721152,0.00161736922991446));
#5796=CARTESIAN_POINT('',(-0.0284407884155951,0.000648545920171649,0.00116099275417711));
#5797=CARTESIAN_POINT('',(-0.0278854631917562,-0.000100846691500255,0.000764486831949507));
#5798=CARTESIAN_POINT('',(-0.0273374397969724,-0.000901283908628886,0.000462928768307798));
#5799=CARTESIAN_POINT('',(-0.0268394303426798,-0.00173480671425598,0.000266534637174919));
#5800=CARTESIAN_POINT('',(-0.0267653607915113,-0.00185877757378362,0.000237324699452326));
#5801=CARTESIAN_POINT('',(-0.026691049379509,-0.00198560870202363,0.0002098287135083));
#5802=CARTESIAN_POINT('',(-0.0266124935585489,-0.00212315826446394,0.000183136112064388));
#5803=CARTESIAN_POINT('',(-0.0262360027184416,-0.00278238567354265,5.52077189873297E-05));
#5804=CARTESIAN_POINT('',(-0.025793694491957,-0.00363196652130763,-4.17919220247671E-05));
#5805=CARTESIAN_POINT('',(-0.025410345807017,-0.0046274634438569,1.79719929526422E-05));
#5806=CARTESIAN_POINT('',(-0.0253344494647039,-0.00482455444266204,2.98042040108537E-05));
#5807=CARTESIAN_POINT('',(-0.0252608959475779,-0.0050273794944452,4.78335012275588E-05));
#5808=CARTESIAN_POINT('',(-0.0251906247289369,-0.00523555473461848,7.31528590787096E-05));
#5809=CARTESIAN_POINT('',(-0.0251196012918309,-0.00544595838725752,9.87432480698445E-05));
#5810=CARTESIAN_POINT('',(-0.025054675191677,-0.00565390477092653,0.000130916198791579));
#5811=CARTESIAN_POINT('',(-0.0249965440136262,-0.0058547512534806,0.000168229562531144));
#5812=CARTESIAN_POINT('',(-0.024807574704738,-0.00650765082086457,0.000289525582921463));
#5813=CARTESIAN_POINT('',(-0.0246851821318909,-0.00710045558416507,0.000466981304019459));
#5814=CARTESIAN_POINT('',(-0.0246006012290251,-0.0076259486718535,0.000669608617790458));
#5815=CARTESIAN_POINT('',(-0.0245608244698848,-0.00787307788507651,0.000764900315822098));
#5816=CARTESIAN_POINT('',(-0.0245294385945268,-0.00810533660554793,0.000865748089537498));
#5817=CARTESIAN_POINT('',(-0.0245039365150266,-0.00832208940007642,0.000968803376704301));
#5818=CARTESIAN_POINT('',(-0.0244839512459248,-0.00849195252544236,0.00104956493367392));
#5819=CARTESIAN_POINT('',(-0.0244674360308694,-0.00865288902794205,0.00113172533817692));
#5820=CARTESIAN_POINT('',(-0.0244527719549884,-0.00881489179965893,0.00122004669224179));
#5821=CARTESIAN_POINT('',(-0.0243667809820555,-0.00976488524423711,0.00173796812339194));
#5822=CARTESIAN_POINT('',(-0.0243538833097205,-0.0106582721800021,0.00242551182557675));
#5823=CARTESIAN_POINT('',(-0.0243494,-0.0114335,0.00327976715097866));
#5824=CARTESIAN_POINT('',(-0.0243492445568375,-0.0114603783268425,0.00330938548155298));
#5825=CARTESIAN_POINT('',(-0.0243490899356072,-0.0114871145299578,0.00333920425852426));
#5826=CARTESIAN_POINT('',(-0.0243489361514834,-0.011513705985472,0.00336922344284521));
#5827=CARTESIAN_POINT('',(-0.0317025,0.004563,0.0));
#5828=CARTESIAN_POINT('',(-0.0317025,0.004563,0.0));
#5829=CARTESIAN_POINT('',(-0.0273581683464401,-0.000191296628287851,0.0));
#5830=CARTESIAN_POINT('',(-0.0255800751908012,-0.00346323361194551,0.0));
#5831=CARTESIAN_POINT('',(-0.0248522161448089,-0.00639147428320993,0.0));
#5832=CARTESIAN_POINT('',(-0.0317025,0.004563,0.0));
#5833=VECTOR('',#8184,1.0);
#5834=CARTESIAN_POINT('',(-0.0281335934851939,-0.00402819984032149,0.0));
#5835=CARTESIAN_POINT('',(-0.0263764491102614,-0.0116003699309486,0.00346836619836869));
#5836=CARTESIAN_POINT('',(-0.0263782175806271,-0.0115640248419069,0.00342623107497674));
#5837=CARTESIAN_POINT('',(-0.0263800012874832,-0.0115273666169422,0.00338444399220425));
#5838=CARTESIAN_POINT('',(-0.0263818,-0.0114904,0.00334300602547261));
#5839=CARTESIAN_POINT('',(-0.0264244093025646,-0.0106147059958826,0.00236139120617745));
#5840=CARTESIAN_POINT('',(-0.0265146325437001,-0.00956960022501584,0.00157664116820831));
#5841=CARTESIAN_POINT('',(-0.026729599303852,-0.00841152890225991,0.00101187303523331));
#5842=CARTESIAN_POINT('',(-0.02688870710788,-0.00755438156961481,0.00059385949044536));
#5843=CARTESIAN_POINT('',(-0.0271176966733906,-0.00663361838174546,0.000296674154148712));
#5844=CARTESIAN_POINT('',(-0.027454862056065,-0.00567594288096538,0.000136687023519445));
#5845=CARTESIAN_POINT('',(-0.0277007993206045,-0.00497738927765614,1.99882184511863E-05));
#5846=CARTESIAN_POINT('',(-0.0280018929951674,-0.00426691330711034,-2.25651034607006E-05));
#5847=CARTESIAN_POINT('',(-0.0283675604299331,-0.00355441539783402,1.12298904190947E-05));
#5848=CARTESIAN_POINT('',(-0.028605184273813,-0.00309140864398658,3.31910922820882E-05));
#5849=CARTESIAN_POINT('',(-0.0288700257170363,-0.00262747768270175,8.73959763356071E-05));
#5850=CARTESIAN_POINT('',(-0.0291637981415543,-0.00216483103106152,0.000175140882400541));
#5851=CARTESIAN_POINT('',(-0.0293718543128703,-0.0018371743724409,0.000237283778345616));
#5852=CARTESIAN_POINT('',(-0.0295902786758576,-0.00151686410871631,0.000315140091939501));
#5853=CARTESIAN_POINT('',(-0.0298143310406934,-0.00120847492202567,0.000405775102430537));
#5854=CARTESIAN_POINT('',(-0.0307344061244381,5.79308442259828E-05,0.00077796941034987));
#5855=CARTESIAN_POINT('',(-0.0317657705269629,0.00114488949159726,0.00136828847040903));
#5856=CARTESIAN_POINT('',(-0.0327377,0.0020397,0.00205137801076019));
#5857=CARTESIAN_POINT('',(-0.0228514,-0.00402819984032149,0.0));
#5858=VECTOR('',#8185,1.0);
#5859=CARTESIAN_POINT('',(-0.041391,0.0454795,0.0));
#5860=CARTESIAN_POINT('',(-0.0392135,0.0451362,0.0));
#5861=CARTESIAN_POINT('',(-0.041391,0.0454795,0.0));
#5862=CARTESIAN_POINT('',(-0.0415223,0.0442084,0.0));
#5863=CARTESIAN_POINT('',(-0.0402291,0.0435698,0.0));
#5864=CARTESIAN_POINT('',(-0.0392135,0.0451362,0.0));
#5865=CARTESIAN_POINT('',(-0.0331722,0.0527722,0.0));
#5866=CARTESIAN_POINT('',(-0.0392135,0.0451362,0.0));
#5867=CARTESIAN_POINT('',(-0.0376065,0.0476829,0.0));
#5868=CARTESIAN_POINT('',(-0.0360426,0.0497755,0.0));
#5869=CARTESIAN_POINT('',(-0.0331722,0.0527722,0.0));
#5870=CARTESIAN_POINT('',(-0.0330004,0.0529487,0.0));
#5871=CARTESIAN_POINT('',(-0.0331722,0.0527722,0.0));
#5872=CARTESIAN_POINT('',(-0.0331142,0.0528327,0.0));
#5873=CARTESIAN_POINT('',(-0.0330569,0.0528917,0.0));
#5874=CARTESIAN_POINT('',(-0.0330004,0.0529487,0.0));
#5875=CARTESIAN_POINT('',(-0.03337,0.053439,0.0));
#5876=CARTESIAN_POINT('',(-0.0330004,0.0529487,0.0));
#5877=CARTESIAN_POINT('',(-0.032693,0.053276,0.0));
#5878=CARTESIAN_POINT('',(-0.032903,0.0535673,0.0));
#5879=CARTESIAN_POINT('',(-0.03337,0.053439,0.0));
#5880=CARTESIAN_POINT('',(-0.039137,0.0555066,0.0));
#5881=CARTESIAN_POINT('',(-0.03337,0.053439,0.0));
#5882=CARTESIAN_POINT('',(-0.0336932,0.0533886,0.0));
#5883=CARTESIAN_POINT('',(-0.0340246,0.0533624,0.0));
#5884=CARTESIAN_POINT('',(-0.0343619,0.0533624,0.0));
#5885=CARTESIAN_POINT('',(-0.0362606,0.0533624,0.0));
#5886=CARTESIAN_POINT('',(-0.0379664,0.0541913,0.0));
#5887=CARTESIAN_POINT('',(-0.039137,0.0555066,0.0));
#5888=CARTESIAN_POINT('',(-0.0397671,0.0553179,0.0));
#5889=CARTESIAN_POINT('',(-0.039137,0.0555066,0.0));
#5890=CARTESIAN_POINT('',(-0.039387,0.0557092,0.0));
#5891=CARTESIAN_POINT('',(-0.0396675,0.0556663,0.0));
#5892=CARTESIAN_POINT('',(-0.0397671,0.0553179,0.0));
#5893=CARTESIAN_POINT('',(-0.0397671,0.0553179,0.0));
#5894=CARTESIAN_POINT('',(-0.0407218,0.0512731,0.0));
#5895=CARTESIAN_POINT('',(-0.0409729,0.0499367,0.0));
#5896=CARTESIAN_POINT('',(-0.041391,0.0454795,0.0));
#5897=CARTESIAN_POINT('',(-0.0332912,0.0571308,0.0));
#5898=CARTESIAN_POINT('',(-0.0304726,0.0571308,0.0));
#5899=CARTESIAN_POINT('',(-0.0281877,0.0594157,0.0));
#5900=CARTESIAN_POINT('',(-0.0281877,0.0622343,0.0));
#5901=CARTESIAN_POINT('',(-0.0281877,0.0650529,0.0));
#5902=CARTESIAN_POINT('',(-0.0304726,0.0673378,0.0));
#5903=CARTESIAN_POINT('',(-0.0332912,0.0673378,0.0));
#5904=CARTESIAN_POINT('',(-0.0327377,0.0020397,0.0));
#5905=CARTESIAN_POINT('',(-0.0272202688094781,-0.00639147431897452,0.0));
#5906=CARTESIAN_POINT('',(-0.0281068079071526,-0.00347695216860747,0.0));
#5907=CARTESIAN_POINT('',(-0.0297816263098714,-0.000681820310804475,0.0));
#5908=CARTESIAN_POINT('',(-0.0327377,0.0020397,0.0));
#5909=CARTESIAN_POINT('',(-0.0411504,0.0118039,0.0));
#5910=CARTESIAN_POINT('',(-0.0327377,0.0020397,0.0));
#5911=CARTESIAN_POINT('',(-0.0357191,0.0047472,0.0));
#5912=CARTESIAN_POINT('',(-0.0392485,0.0082377,0.0));
#5913=CARTESIAN_POINT('',(-0.0411504,0.0118039,0.0));
#5914=CARTESIAN_POINT('',(-0.0446576,0.0515507,0.0));
#5915=CARTESIAN_POINT('',(-0.0411504,0.0118039,0.0));
#5916=CARTESIAN_POINT('',(-0.0469017,0.0225878,0.0));
#5917=CARTESIAN_POINT('',(-0.0478369,0.0368146,0.0));
#5918=CARTESIAN_POINT('',(-0.0446576,0.0515507,0.0));
#5919=CARTESIAN_POINT('',(-0.0408208,0.0650314,0.0));
#5920=CARTESIAN_POINT('',(-0.0446576,0.0515507,0.0));
#5921=CARTESIAN_POINT('',(-0.0440497,0.054368,0.0));
#5922=CARTESIAN_POINT('',(-0.0412004,0.0640305,0.0));
#5923=CARTESIAN_POINT('',(-0.0408208,0.0650314,0.0));
#5924=CARTESIAN_POINT('',(-0.0312179,0.0722343,0.0));
#5925=CARTESIAN_POINT('',(-0.0408208,0.0650314,0.0));
#5926=CARTESIAN_POINT('',(-0.0396107,0.0691928,0.0));
#5927=CARTESIAN_POINT('',(-0.0357697,0.0722343,0.0));
#5928=CARTESIAN_POINT('',(-0.0312179,0.0722343,0.0));
#5929=CARTESIAN_POINT('',(-0.0266179,0.0533529,0.0));
#5930=CARTESIAN_POINT('',(-0.0312179,0.0722343,0.0));
#5931=CARTESIAN_POINT('',(-0.0256951,0.0722343,0.0));
#5932=CARTESIAN_POINT('',(-0.0212179,0.0677571,0.0));
#5933=CARTESIAN_POINT('',(-0.0212179,0.0622343,0.0));
#5934=CARTESIAN_POINT('',(-0.0212179,0.0583701,0.0));
#5935=CARTESIAN_POINT('',(-0.0234098,0.0550179,0.0));
#5936=CARTESIAN_POINT('',(-0.0266179,0.0533529,0.0));
#5937=CARTESIAN_POINT('',(-0.0296161,0.0513072,0.0));
#5938=CARTESIAN_POINT('',(-0.0266179,0.0533529,0.0));
#5939=CARTESIAN_POINT('',(-0.0279956,0.0527563,0.0));
#5940=CARTESIAN_POINT('',(-0.0285654,0.0523941,0.0));
#5941=CARTESIAN_POINT('',(-0.0296161,0.0513072,0.0));
#5942=CARTESIAN_POINT('',(-0.0296161,0.0513072,0.0));
#5943=CARTESIAN_POINT('',(-0.044096,0.0361797,0.0));
#5944=CARTESIAN_POINT('',(-0.0437953,0.0173222,0.0));
#5945=CARTESIAN_POINT('',(-0.0317025,0.004563,0.0));
#5946=CARTESIAN_POINT('',(-0.0327377,0.0020397,0.0));
#5947=VECTOR('',#8186,1.0);
#5948=CARTESIAN_POINT('',(-0.0263818,-0.0114904,0.00278105293194986));
#5949=CARTESIAN_POINT('',(-0.0272202688103992,-0.00639147431594631,1.53115011482298E-11));
#5950=CARTESIAN_POINT('',(-0.0271011143283494,-0.00678319801762741,0.000183217424039922));
#5951=CARTESIAN_POINT('',(-0.0269955304332774,-0.00717929887195383,0.000375062260648277));
#5952=CARTESIAN_POINT('',(-0.026902766109444,-0.00757996707187478,0.000576373812208172));
#5953=CARTESIAN_POINT('',(-0.0268051071650027,-0.00800177614521765,0.000788307374775523));
#5954=CARTESIAN_POINT('',(-0.026721005807742,-0.00843448479974763,0.00101407577207611));
#5955=CARTESIAN_POINT('',(-0.0266537372454751,-0.00884674469846418,0.00123715662255935));
#5956=CARTESIAN_POINT('',(-0.0264947965877659,-0.00982082318685456,0.00176424707764373));
#5957=CARTESIAN_POINT('',(-0.026419996932837,-0.0107053877362968,0.00228763502226499));
#5958=CARTESIAN_POINT('',(-0.0263818,-0.0114904,0.00278105293194986));
#5959=CARTESIAN_POINT('',(-0.0263818,-0.0114904,0.01221894706805));
#5960=CARTESIAN_POINT('',(-0.0263818,-0.0114904,0.0));
#5961=VECTOR('',#8187,1.0);
#5962=CARTESIAN_POINT('',(-0.0263818,-0.0114904,0.01221894706805));
#5963=CARTESIAN_POINT('',(-0.026407290085458,-0.010966535171043,0.0125482212728147));
#5964=CARTESIAN_POINT('',(-0.0264466145920414,-0.0104683944178454,0.0128470204610108));
#5965=CARTESIAN_POINT('',(-0.0264983317477814,-0.00999382273857932,0.0131212449758046));
#5966=CARTESIAN_POINT('',(-0.0266444842671654,-0.00865268466629729,0.0138962025917158));
#5967=CARTESIAN_POINT('',(-0.0268943552235889,-0.00746292436606608,0.014498860276958));
#5968=CARTESIAN_POINT('',(-0.0272202688203568,-0.00639147428321057,0.0149999999999996));
#5969=CARTESIAN_POINT('',(-0.0263818,-0.0114904,0.00278105293194984));
#5970=CARTESIAN_POINT('',(-0.0263647767595337,-0.0116575838994064,0.00288613604210269));
#5971=CARTESIAN_POINT('',(-0.0263311263578778,-0.0118083077090314,0.00298233038673392));
#5972=CARTESIAN_POINT('',(-0.0262365773754718,-0.0120769971579186,0.00315552281030088));
#5973=CARTESIAN_POINT('',(-0.026175905451703,-0.0121945248320291,0.00323223352582111));
#5974=CARTESIAN_POINT('',(-0.0260222713387608,-0.0124130151007231,0.00337585325647712));
#5975=CARTESIAN_POINT('',(-0.0259259754643513,-0.0125075254589727,0.00343870593281425));
#5976=CARTESIAN_POINT('',(-0.0257314810608635,-0.0126408410279704,0.00352772675331305));
#5977=CARTESIAN_POINT('',(-0.0256355173947433,-0.0126853936723082,0.0035576718825633));
#5978=CARTESIAN_POINT('',(-0.025444705986762,-0.0127388227160022,0.0035936142223719));
#5979=CARTESIAN_POINT('',(-0.0253502350915165,-0.0127495461870757,0.00360085271860508));
#5980=CARTESIAN_POINT('',(-0.0251608017121293,-0.0127407730631339,0.00359494035982072));
#5981=CARTESIAN_POINT('',(-0.0250660725721162,-0.0127203220598792,0.00358114523127663));
#5982=CARTESIAN_POINT('',(-0.0248771193305582,-0.0126442220115225,0.00353003338587363));
#5983=CARTESIAN_POINT('',(-0.0247840747978981,-0.0125852876271003,0.0034905207417021));
#5984=CARTESIAN_POINT('',(-0.0246015321657172,-0.0124137948632356,0.00337645962254626));
#5985=CARTESIAN_POINT('',(-0.0245170221581778,-0.012292775210255,0.00329642178267294));
#5986=CARTESIAN_POINT('',(-0.0243750696906864,-0.0119522815450888,0.0030744630154523));
#5987=CARTESIAN_POINT('',(-0.0243342526267371,-0.0117144887458119,0.00292140039790476));
#5988=CARTESIAN_POINT('',(-0.0243494,-0.0114335,0.00274534525168175));
#5989=CARTESIAN_POINT('',(-0.0243494,-0.0114335,0.0122546547483182));
#5990=CARTESIAN_POINT('',(-0.0243408476231473,-0.011592149397744,0.0121552520379451));
#5991=CARTESIAN_POINT('',(-0.0243501067329464,-0.0117370570214443,0.0120631471476926));
#5992=CARTESIAN_POINT('',(-0.024398663702096,-0.0119992553367232,0.0118948381102571));
#5993=CARTESIAN_POINT('',(-0.024437862596208,-0.0121161787777911,0.0118188724233423));
#5994=CARTESIAN_POINT('',(-0.0245499398760032,-0.0123404454271084,0.0116720810555405));
#5995=CARTESIAN_POINT('',(-0.0246274871707947,-0.0124415250786235,0.0116051343625458));
#5996=CARTESIAN_POINT('',(-0.0247941345612214,-0.0125912398443724,0.0115054810285703));
#5997=CARTESIAN_POINT('',(-0.0248803204764561,-0.0126448980266606,0.0114695099879446));
#5998=CARTESIAN_POINT('',(-0.0250586831394663,-0.0127179016352086,0.0114204827681355));
#5999=CARTESIAN_POINT('',(-0.0251502606688477,-0.012738704860281,0.0114064532679848));
#6000=CARTESIAN_POINT('',(-0.0253398981209191,-0.0127504862785298,0.0113985138927226));
#6001=CARTESIAN_POINT('',(-0.0254379148303329,-0.012740325446407,0.0114053739404966));
#6002=CARTESIAN_POINT('',(-0.0256407905343747,-0.012684346217178,0.0114430337560347));
#6003=CARTESIAN_POINT('',(-0.0257450041452115,-0.0126347191496365,0.0114763943814324));
#6004=CARTESIAN_POINT('',(-0.025960119022447,-0.0124794709248135,0.011579978346271));
#6005=CARTESIAN_POINT('',(-0.0260671676036952,-0.0123642010398012,0.0116565322552182));
#6006=CARTESIAN_POINT('',(-0.0262704158398655,-0.0120272909113273,0.0118770527949524));
#6007=CARTESIAN_POINT('',(-0.0263518548946099,-0.0117844885137088,0.0120340983129338));
#6008=CARTESIAN_POINT('',(-0.0263818,-0.0114904,0.0122189470680501));
#6009=CARTESIAN_POINT('',(-0.0416949766418369,0.0622342999999995,0.01075));
#6010=CARTESIAN_POINT('',(-0.0399352206784523,0.0622343000000001,0.01075));
#6011=VECTOR('',#8188,1.0);
#6012=CARTESIAN_POINT('',(-0.0408208,0.0650314,0.01075));
#6013=CARTESIAN_POINT('',(-0.0408208,0.0650314,0.01075));
#6014=CARTESIAN_POINT('',(-0.040993965113072,0.0645748115867392,0.01075));
#6015=CARTESIAN_POINT('',(-0.0416312734949849,0.0624470846868097,0.01075));
#6016=CARTESIAN_POINT('',(-0.0416979706449626,0.0622243000000001,0.01075));
#6017=CARTESIAN_POINT('',(-0.0312179,0.0722343,0.01075));
#6018=CARTESIAN_POINT('',(-0.0157341712236361,0.0722343,0.01075));
#6019=CARTESIAN_POINT('',(-0.0208954141490907,0.0722343,0.01075));
#6020=CARTESIAN_POINT('',(-0.0260566570745454,0.0722343,0.01075));
#6021=CARTESIAN_POINT('',(-0.0312179,0.0722343,0.01075));
#6022=CARTESIAN_POINT('',(-0.0357697,0.0722343,0.01075));
#6023=CARTESIAN_POINT('',(-0.0396107,0.0691928,0.01075));
#6024=CARTESIAN_POINT('',(-0.0408208,0.0650314,0.01075));
#6025=CARTESIAN_POINT('',(-0.0422619505801277,0.0600754426211525,0.01075));
#6026=CARTESIAN_POINT('',(-0.0437031011602554,0.055119485242305,0.01075));
#6027=CARTESIAN_POINT('',(-0.045144251740383,0.0501635278634575,0.01075));
#6028=CARTESIAN_POINT('',(-0.0212179,0.0622342999999927,0.01075));
#6029=CARTESIAN_POINT('',(-0.0212179048934218,0.0622243000000001,0.01075));
#6030=CARTESIAN_POINT('',(-0.0212172231639416,0.0629208514640324,0.01075));
#6031=CARTESIAN_POINT('',(-0.0212877814216097,0.0636142901627753,0.01075));
#6032=CARTESIAN_POINT('',(-0.0215695035833326,0.0649583711807163,0.01075));
#6033=CARTESIAN_POINT('',(-0.0217754011744357,0.0656039244461795,0.01075));
#6034=CARTESIAN_POINT('',(-0.0225746670752047,0.0674387610793701,0.01075));
#6035=CARTESIAN_POINT('',(-0.0233378708578241,0.0685277828088296,0.01075));
#6036=CARTESIAN_POINT('',(-0.0251914645620462,0.0703147630211241,0.01075));
#6037=CARTESIAN_POINT('',(-0.0262717586123065,0.0710230568464301,0.01075));
#6038=CARTESIAN_POINT('',(-0.0286252779934916,0.0719760263774076,0.01075));
#6039=CARTESIAN_POINT('',(-0.0298914339966227,0.0722343,0.01075));
#6040=CARTESIAN_POINT('',(-0.0312179,0.0722343,0.01075));
#6041=CARTESIAN_POINT('',(-0.0281877,0.0622343000000001,0.01075));
#6042=CARTESIAN_POINT('',(-0.025291276580315,0.0622343000000001,0.01075));
#6043=VECTOR('',#8189,1.0);
#6044=CARTESIAN_POINT('',(-0.0383946904116781,0.0622243000000001,0.01075));
#6045=CARTESIAN_POINT('',(-0.0383954000104477,0.0625943056387487,0.01075));
#6046=CARTESIAN_POINT('',(-0.0383567144795626,0.0629626990833133,0.01075));
#6047=CARTESIAN_POINT('',(-0.0382018097510691,0.0636746835252161,0.01075));
#6048=CARTESIAN_POINT('',(-0.0380887299157928,0.0640155650531711,0.01075));
#6049=CARTESIAN_POINT('',(-0.0376614160305299,0.0649567015997706,0.01075));
#6050=CARTESIAN_POINT('',(-0.0372639682200979,0.065506291933113,0.01075));
#6051=CARTESIAN_POINT('',(-0.0363053166899895,0.0664032525215693,0.01075));
#6052=CARTESIAN_POINT('',(-0.0357494622074273,0.0667562344929332,0.01075));
#6053=CARTESIAN_POINT('',(-0.0344994525103935,0.0672410832511787,0.01075));
#6054=CARTESIAN_POINT('',(-0.0338450365883624,0.0673468480116412,0.01075));
#6055=CARTESIAN_POINT('',(-0.0325135559930332,0.0673265507738396,0.01075));
#6056=CARTESIAN_POINT('',(-0.0318492819271138,0.0671756670480785,0.01075));
#6057=CARTESIAN_POINT('',(-0.0306267270775274,0.0666403044560431,0.01075));
#6058=CARTESIAN_POINT('',(-0.0300717249879951,0.0662498090240376,0.01075));
#6059=CARTESIAN_POINT('',(-0.0291616258064467,0.0653022389722976,0.01075));
#6060=CARTESIAN_POINT('',(-0.0288012138546378,0.0647503401633861,0.01075));
#6061=CARTESIAN_POINT('',(-0.0283144325968348,0.063541735456402,0.01075));
#6062=CARTESIAN_POINT('',(-0.0281864240182332,0.0628946340002805,0.01075));
#6063=CARTESIAN_POINT('',(-0.0281877095883219,0.0622243000000001,0.01075));
#6064=CARTESIAN_POINT('',(-0.0281877095883219,0.0622243000000001,0.00424999999999981));
#6065=CARTESIAN_POINT('',(-0.0281869999895523,0.0625943056387486,0.00424999999999981));
#6066=CARTESIAN_POINT('',(-0.0282256855204374,0.0629626990833132,0.00424999999999981));
#6067=CARTESIAN_POINT('',(-0.0283805902489309,0.063674683525216,0.00424999999999981));
#6068=CARTESIAN_POINT('',(-0.0284936700842072,0.064015565053171,0.00424999999999981));
#6069=CARTESIAN_POINT('',(-0.0289209839694703,0.0649567015997711,0.00424999999999981));
#6070=CARTESIAN_POINT('',(-0.0293184317799026,0.0655062919331134,0.00424999999999981));
#6071=CARTESIAN_POINT('',(-0.0302770833100089,0.0664032525215678,0.00424999999999981));
#6072=CARTESIAN_POINT('',(-0.0308329377925707,0.0667562344929324,0.00424999999999981));
#6073=CARTESIAN_POINT('',(-0.0320829474896059,0.0672410832511784,0.00424999999999981));
#6074=CARTESIAN_POINT('',(-0.0327373634116368,0.0673468480116412,0.00424999999999981));
#6075=CARTESIAN_POINT('',(-0.0340688440069648,0.0673265507738397,0.00424999999999981));
#6076=CARTESIAN_POINT('',(-0.0347331180728845,0.0671756670480793,0.00424999999999981));
#6077=CARTESIAN_POINT('',(-0.0359556729224732,0.0666403044560429,0.00424999999999981));
#6078=CARTESIAN_POINT('',(-0.0365106750120053,0.0662498090240371,0.00424999999999981));
#6079=CARTESIAN_POINT('',(-0.0374207741935539,0.065302238972297,0.00424999999999981));
#6080=CARTESIAN_POINT('',(-0.0377811861453625,0.0647503401633853,0.00424999999999981));
#6081=CARTESIAN_POINT('',(-0.0382679674031649,0.0635417354564028,0.00424999999999981));
#6082=CARTESIAN_POINT('',(-0.0383959759817668,0.0628946340002813,0.00424999999999981));
#6083=CARTESIAN_POINT('',(-0.0383946904116781,0.0622243000000001,0.00424999999999981));
#6084=CARTESIAN_POINT('',(-0.0312179,0.0722343,0.00424999999999981));
#6085=CARTESIAN_POINT('',(-0.0312179,0.0722343,0.00424999999999981));
#6086=CARTESIAN_POINT('',(-0.02984833299231,0.0722343,0.00424999999999981));
#6087=CARTESIAN_POINT('',(-0.0285430593022025,0.0719589694673085,0.00424999999999981));
#6088=CARTESIAN_POINT('',(-0.0261311553256531,0.0709477845320388,0.00424999999999981));
#6089=CARTESIAN_POINT('',(-0.0250314925404489,0.0701988018167996,0.00424999999999981));
#6090=CARTESIAN_POINT('',(-0.0232183740854523,0.068367974433253,0.00424999999999981));
#6091=CARTESIAN_POINT('',(-0.0224952023656197,0.0672958336058453,0.00424999999999981));
#6092=CARTESIAN_POINT('',(-0.0214906243378521,0.0649061666648726,0.00424999999999981));
#6093=CARTESIAN_POINT('',(-0.0212165646074994,0.0635937260679895,0.00424999999999981));
#6094=CARTESIAN_POINT('',(-0.0212179048934218,0.0622243000000001,0.00424999999999981));
#6095=CARTESIAN_POINT('',(-0.0408208,0.0650314,0.00424999999999981));
#6096=CARTESIAN_POINT('',(-0.045144251740383,0.0501635278634575,0.00424999999999981));
#6097=CARTESIAN_POINT('',(-0.0437031011602554,0.055119485242305,0.00424999999999981));
#6098=CARTESIAN_POINT('',(-0.0422619505801277,0.0600754426211525,0.00424999999999981));
#6099=CARTESIAN_POINT('',(-0.0408208,0.0650314,0.00424999999999981));
#6100=CARTESIAN_POINT('',(-0.0396107,0.0691928,0.00424999999999981));
#6101=CARTESIAN_POINT('',(-0.0357697,0.0722343,0.00424999999999981));
#6102=CARTESIAN_POINT('',(-0.0312179,0.0722343,0.00424999999999981));
#6103=CARTESIAN_POINT('',(-0.0260566570745454,0.0722343,0.00424999999999981));
#6104=CARTESIAN_POINT('',(-0.0208954141490907,0.0722343,0.00424999999999981));
#6105=CARTESIAN_POINT('',(-0.0157341712236361,0.0722343,0.00424999999999981));
#6106=CARTESIAN_POINT('',(-0.0416979706449626,0.0622243000000001,0.00424999999999981));
#6107=CARTESIAN_POINT('',(-0.0416312734949849,0.0624470846868097,0.00424999999999981));
#6108=CARTESIAN_POINT('',(-0.040993965113072,0.0645748115867392,0.00424999999999981));
#6109=CARTESIAN_POINT('',(-0.0408208,0.0650314,0.00424999999999981));
#6110=CARTESIAN_POINT('',(-0.0281877,0.0622343000000001,0.01075));
#6111=CARTESIAN_POINT('',(-0.0281876946195146,0.0621272070311145,0.0107500003478263));
#6112=CARTESIAN_POINT('',(-0.0281910044581423,0.0620203459872247,0.0107447066977767));
#6113=CARTESIAN_POINT('',(-0.0282126603249716,0.0616705235217838,0.0107100731074279));
#6114=CARTESIAN_POINT('',(-0.0282447849983217,0.0614337873668533,0.0106589239571141));
#6115=CARTESIAN_POINT('',(-0.02836824191567,0.0608296730535363,0.0104576571062322));
#6116=CARTESIAN_POINT('',(-0.028482848123256,0.0604900532030529,0.0102679090860906));
#6117=CARTESIAN_POINT('',(-0.0287671252030458,0.0598377471385394,0.00974318881062049));
#6118=CARTESIAN_POINT('',(-0.0289417159834083,0.0595518066793216,0.00938737202702099));
#6119=CARTESIAN_POINT('',(-0.0291871996881932,0.0591943806536924,0.00869734155567915));
#6120=CARTESIAN_POINT('',(-0.0292778408700948,0.0590805385073366,0.00836485374790849));
#6121=CARTESIAN_POINT('',(-0.0293452096109793,0.0589973818852782,0.00783768918562639));
#6122=CARTESIAN_POINT('',(-0.02935613793486,0.0589843000000818,0.00766869912158851));
#6123=CARTESIAN_POINT('',(-0.0293561379349276,0.0589843000000001,0.00750000000157341));
#6124=CARTESIAN_POINT('',(-0.0217579122795457,0.0589843000000001,0.00749999999999995));
#6125=CARTESIAN_POINT('',(-0.0217577951114063,0.0589842643629852,0.00765845175277337));
#6126=CARTESIAN_POINT('',(-0.0217539101482137,0.0589958806461932,0.00781710432920389));
#6127=CARTESIAN_POINT('',(-0.0217254454938827,0.0590797609499386,0.00838508564890797));
#6128=CARTESIAN_POINT('',(-0.0216787964180535,0.0592171776122354,0.00877362031774156));
#6129=CARTESIAN_POINT('',(-0.0215610292519273,0.05961925169283,0.00947116862966563));
#6130=CARTESIAN_POINT('',(-0.021490762716587,0.059882528702603,0.00977870105374271));
#6131=CARTESIAN_POINT('',(-0.0213638429226617,0.060494979862105,0.0102723589727723));
#6132=CARTESIAN_POINT('',(-0.0213078033555747,0.0608371289466107,0.0104600277513456));
#6133=CARTESIAN_POINT('',(-0.0212407797846037,0.0614933527261193,0.0106788567387157));
#6134=CARTESIAN_POINT('',(-0.0212229229979562,0.0617928795996725,0.0107342175884459));
#6135=CARTESIAN_POINT('',(-0.0212182084554312,0.0621426160427778,0.0107490305679446));
#6136=CARTESIAN_POINT('',(-0.0212179,0.0621884686552645,0.0107499999999998));
#6137=CARTESIAN_POINT('',(-0.0212179,0.0622342999999927,0.01075));
#6138=CARTESIAN_POINT('',(-0.0312179,0.0722343,0.0));
#6139=VECTOR('',#8190,1.0);
#6140=CARTESIAN_POINT('',(-0.0266179,0.0533529,0.0));
#6141=VECTOR('',#8191,1.0);
#6142=CARTESIAN_POINT('',(-0.0312179,0.0722343,0.0));
#6143=VECTOR('',#8192,1.0);
#6144=CARTESIAN_POINT('',(-0.0408208,0.0650314,0.0));
#6145=VECTOR('',#8193,1.0);
#6146=CARTESIAN_POINT('',(-0.0408208,0.0650314,0.00915491135412155));
#6147=CARTESIAN_POINT('',(-0.0408774738734935,0.064881966701845,0.00940748070004359));
#6148=CARTESIAN_POINT('',(-0.0409577267443348,0.064635667231324,0.00974513464597425));
#6149=CARTESIAN_POINT('',(-0.0411796366190516,0.0639316311644491,0.0103005803751991));
#6150=CARTESIAN_POINT('',(-0.0412897100157353,0.0635742781294162,0.0104875170515244));
#6151=CARTESIAN_POINT('',(-0.0415361734062311,0.0627644039458557,0.0107378738500808));
#6152=CARTESIAN_POINT('',(-0.041672078821634,0.0623120377150017,0.0107799754654267));
#6153=CARTESIAN_POINT('',(-0.0419220263613845,0.0614731715161945,0.0106842261742847));
#6154=CARTESIAN_POINT('',(-0.0420352254230064,0.0610903201865738,0.010568007198344));
#6155=CARTESIAN_POINT('',(-0.0422450949117216,0.0603768151025187,0.0101975158583923));
#6156=CARTESIAN_POINT('',(-0.042339105186065,0.0600551540085804,0.00994502961636155));
#6157=CARTESIAN_POINT('',(-0.0424972057010023,0.0595124002947866,0.00932462303008061));
#6158=CARTESIAN_POINT('',(-0.0425587122924732,0.0593001477211837,0.00895899397963153));
#6159=CARTESIAN_POINT('',(-0.0426370916982368,0.059029372716194,0.00817684336689564));
#6160=CARTESIAN_POINT('',(-0.0426543872449158,0.0589694333840886,0.00776783228776506));
#6161=CARTESIAN_POINT('',(-0.0426439987903032,0.0590053862877215,0.00694788395444824));
#6162=CARTESIAN_POINT('',(-0.0426164882266991,0.0591006709898497,0.00654664470373094));
#6163=CARTESIAN_POINT('',(-0.0425180810435183,0.0594402785878979,0.00578628214176217));
#6164=CARTESIAN_POINT('',(-0.0424460964963874,0.0596882868606259,0.00543571709543421));
#6165=CARTESIAN_POINT('',(-0.0422713792392918,0.0602868245702886,0.00486755950602175));
#6166=CARTESIAN_POINT('',(-0.0421728471779928,0.0606230840000955,0.0046500573131275));
#6167=CARTESIAN_POINT('',(-0.0419552863892537,0.0613607539328902,0.00434360849829868));
#6168=CARTESIAN_POINT('',(-0.0418373517451211,0.0617583465995794,0.00426006830818435));
#6169=CARTESIAN_POINT('',(-0.0415842425070824,0.0626045472455682,0.00424064598677221));
#6170=CARTESIAN_POINT('',(-0.0414505034356066,0.063047661481087,0.00432187133672566));
#6171=CARTESIAN_POINT('',(-0.0412011785808077,0.0638619289508449,0.00465386403363852));
#6172=CARTESIAN_POINT('',(-0.0410872651620846,0.064228573181184,0.00489662186283221));
#6173=CARTESIAN_POINT('',(-0.0409135175728767,0.0647680317097741,0.00543864481728617));
#6174=CARTESIAN_POINT('',(-0.0408609293469717,0.0649255900332351,0.00566625063301377));
#6175=CARTESIAN_POINT('',(-0.0408208,0.0650314000000001,0.00584508864587849));
#6176=CARTESIAN_POINT('',(-0.0408208,0.0650314,0.0));
#6177=VECTOR('',#8194,1.0);
#6178=CARTESIAN_POINT('',(-0.0296161,0.0513072,0.0));
#6179=VECTOR('',#8195,1.0);
#6180=CARTESIAN_POINT('',(-0.0411504,0.0118039,0.0));
#6181=VECTOR('',#8196,1.0);
#6182=CARTESIAN_POINT('',(-0.0446576,0.0515507,0.0));
#6183=VECTOR('',#8197,1.0);
#6184=CARTESIAN_POINT('',(-0.0330004,0.0529487,0.0));
#6185=VECTOR('',#8198,1.0);
#6186=CARTESIAN_POINT('',(-0.0331722,0.0527722,0.0));
#6187=VECTOR('',#8199,1.0);
#6188=CARTESIAN_POINT('',(-0.03337,0.053439,0.0));
#6189=VECTOR('',#8200,1.0);
#6190=CARTESIAN_POINT('',(-0.039137,0.0555066,0.0));
#6191=VECTOR('',#8201,1.0);
#6192=CARTESIAN_POINT('',(-0.0397671,0.0553179,0.0));
#6193=VECTOR('',#8202,1.0);
#6194=CARTESIAN_POINT('',(-0.041391,0.0454795,0.0));
#6195=VECTOR('',#8203,1.0);
#6196=CARTESIAN_POINT('',(-0.0392135,0.0451362,0.0));
#6197=VECTOR('',#8204,1.0);
#6198=CARTESIAN_POINT('',(-0.0213421019119534,0.0654843000000001,0.00750000000018787));
#6199=CARTESIAN_POINT('',(-0.0187286906004701,0.0654843000000001,0.00749999999997752));
#6200=CARTESIAN_POINT('',(-0.0198222246003429,0.0654843000000001,0.00749999999999995));
#6201=VECTOR('',#8205,1.0);
#6202=CARTESIAN_POINT('',(-0.0208019,0.0622343,0.00424999999999995));
#6203=CARTESIAN_POINT('',(-0.0208019,0.0622343,0.00424999999999995));
#6204=CARTESIAN_POINT('',(-0.0208019,0.0622725602297499,0.00424999999999995));
#6205=CARTESIAN_POINT('',(-0.0208021149916326,0.0623108155004518,0.00425067560274257));
#6206=CARTESIAN_POINT('',(-0.0208065805305457,0.0627078477475349,0.00426470257523997));
#6207=CARTESIAN_POINT('',(-0.0208299208564405,0.0630604955094038,0.00433657225033676));
#6208=CARTESIAN_POINT('',(-0.0209127506375741,0.0637775240195261,0.00461043336861342));
#6209=CARTESIAN_POINT('',(-0.0209758424706451,0.0641257690230038,0.00482665337331218));
#6210=CARTESIAN_POINT('',(-0.0211134768383523,0.0647418726160889,0.00538803003464012));
#6211=CARTESIAN_POINT('',(-0.0211876497398793,0.0650004514799071,0.00573968137105769));
#6212=CARTESIAN_POINT('',(-0.0212957719314175,0.0653512148121044,0.00649615246664955));
#6213=CARTESIAN_POINT('',(-0.021331473687067,0.0654533123564078,0.00689195292428689));
#6214=CARTESIAN_POINT('',(-0.0213414147005397,0.0654823022164904,0.00736838055910885));
#6215=CARTESIAN_POINT('',(-0.0213421019119547,0.0654843000000039,0.00743420482417911));
#6216=CARTESIAN_POINT('',(-0.0213421019119534,0.0654843000000001,0.00750000000018787));
#6217=CARTESIAN_POINT('',(-0.0213420187264814,0.0589843000000001,0.00749999999991162));
#6218=CARTESIAN_POINT('',(-0.0213420187264814,0.0589843000000001,0.00749999999982328));
#6219=CARTESIAN_POINT('',(-0.0213420068575418,0.0589842960345159,0.00738804191016241));
#6220=CARTESIAN_POINT('',(-0.0213400257862653,0.0589900834102933,0.00727611249131355));
#6221=CARTESIAN_POINT('',(-0.0213212404746657,0.0590450919669521,0.0067459157553868));
#6222=CARTESIAN_POINT('',(-0.0212786383835734,0.0591685150803166,0.00634640324058591));
#6223=CARTESIAN_POINT('',(-0.0211634842436189,0.0595526917934475,0.00561756220768848));
#6224=CARTESIAN_POINT('',(-0.0210914192864482,0.0598142354174331,0.0052916818304612));
#6225=CARTESIAN_POINT('',(-0.0209573080445684,0.060440006179243,0.00475966053824272));
#6226=CARTESIAN_POINT('',(-0.0208958950777508,0.0608011809976576,0.00455339355366001));
#6227=CARTESIAN_POINT('',(-0.0208207020485301,0.0615300762305094,0.0043077184844535));
#6228=CARTESIAN_POINT('',(-0.0208019,0.0618803098835036,0.00424999999999996));
#6229=CARTESIAN_POINT('',(-0.0208019,0.0622343,0.00424999999999995));
#6230=CARTESIAN_POINT('',(-0.018728728197378,0.0589843000000001,0.0075000000000994));
#6231=CARTESIAN_POINT('',(-0.0198222246003429,0.0589843000000001,0.00749999999999995));
#6232=VECTOR('',#8206,1.0);
#6233=CARTESIAN_POINT('',(-0.0183019,0.0622343,0.00424999999999995));
#6234=CARTESIAN_POINT('',(-0.0183019,0.0622343,0.00424999999999995));
#6235=CARTESIAN_POINT('',(-0.0183019,0.0621102955007529,0.00424999999999996));
#6236=CARTESIAN_POINT('',(-0.0183037115575576,0.0619864362048569,0.00425709578742462));
#6237=CARTESIAN_POINT('',(-0.0183152066831953,0.061592199846788,0.00430239623243581));
#6238=CARTESIAN_POINT('',(-0.0183317555725392,0.0613268697636086,0.00436745207252128));
#6239=CARTESIAN_POINT('',(-0.018387863384998,0.0607179480952356,0.00460037658411754));
#6240=CARTESIAN_POINT('',(-0.0184335738328201,0.0603905238235618,0.00479706648714928));
#6241=CARTESIAN_POINT('',(-0.0185383992023593,0.0597799465572074,0.00532658104410224));
#6242=CARTESIAN_POINT('',(-0.0185972937361022,0.0595138222239592,0.00567045698229359));
#6243=CARTESIAN_POINT('',(-0.0186872133044424,0.0591371045939823,0.006430428231779));
#6244=CARTESIAN_POINT('',(-0.0187180845295633,0.0590240254753049,0.00683925681920223));
#6245=CARTESIAN_POINT('',(-0.0187279487708646,0.0589871973361663,0.00734148871696136));
#6246=CARTESIAN_POINT('',(-0.0187287281973787,0.0589842999999977,0.007420764939638));
#6247=CARTESIAN_POINT('',(-0.018728728197378,0.0589843000000001,0.0075000000000994));
#6248=CARTESIAN_POINT('',(-0.0187286906004701,0.0654843000000001,0.00749999999995508));
#6249=CARTESIAN_POINT('',(-0.0187286814480575,0.0654843023866822,0.0073936062087305));
#6250=CARTESIAN_POINT('',(-0.0187272838987715,0.0654790764327132,0.00728725367808752));
#6251=CARTESIAN_POINT('',(-0.018719136437058,0.0654485842346279,0.00697780233324528));
#6252=CARTESIAN_POINT('',(-0.0187086823518465,0.0654094246240663,0.00677708778966615));
#6253=CARTESIAN_POINT('',(-0.0186647890153296,0.0652384978771021,0.00619685009488249));
#6254=CARTESIAN_POINT('',(-0.0186191037475317,0.0650553764047593,0.00583787124852893));
#6255=CARTESIAN_POINT('',(-0.0185128589853892,0.0645489275192203,0.00517768361844295));
#6256=CARTESIAN_POINT('',(-0.0184526838733972,0.0642185110917517,0.00488965032547614));
#6257=CARTESIAN_POINT('',(-0.0183689267684858,0.063565990163659,0.00451851186727936));
#6258=CARTESIAN_POINT('',(-0.0183403060887263,0.063269116027039,0.0044028155331166));
#6259=CARTESIAN_POINT('',(-0.0183089791954135,0.0627216019097403,0.00427748708699343));
#6260=CARTESIAN_POINT('',(-0.0183019,0.062478423207312,0.00424999999999994));
#6261=CARTESIAN_POINT('',(-0.0183019,0.0622343,0.00424999999999995));
#6262=CARTESIAN_POINT('',(-0.018728728197378,0.0589843000000001,0.00750000000019884));
#6263=CARTESIAN_POINT('',(-0.0187287174161716,0.0589842971964271,0.00762465627108667));
#6264=CARTESIAN_POINT('',(-0.0187267952237729,0.0589914702877299,0.00774921066153112));
#6265=CARTESIAN_POINT('',(-0.0187105694853569,0.0590523087364657,0.00827567590359262));
#6266=CARTESIAN_POINT('',(-0.0186779699638325,0.0591734116800085,0.00866419278828174));
#6267=CARTESIAN_POINT('',(-0.0185905282190996,0.0595450793161107,0.00936670557048923));
#6268=CARTESIAN_POINT('',(-0.0185373230036779,0.05978954758181,0.00967682235585047));
#6269=CARTESIAN_POINT('',(-0.0184354326506057,0.0603765986408215,0.0101954351607302));
#6270=CARTESIAN_POINT('',(-0.018387740883219,0.0607157829983643,0.010400300117359));
#6271=CARTESIAN_POINT('',(-0.0183309885452107,0.0613376885197547,0.0106356120938338));
#6272=CARTESIAN_POINT('',(-0.0183147220823081,0.0616023538327603,0.0106995201066013));
#6273=CARTESIAN_POINT('',(-0.0183003858043927,0.0621063059494725,0.0107560045343433));
#6274=CARTESIAN_POINT('',(-0.0183002036024969,0.0623422466556418,0.0107567108119911));
#6275=CARTESIAN_POINT('',(-0.0183136942663485,0.0628445914705429,0.0107035787871683));
#6276=CARTESIAN_POINT('',(-0.0183293942122994,0.0631077242099042,0.0106419517864856));
#6277=CARTESIAN_POINT('',(-0.0183831718593713,0.0637101607338222,0.0104195508547536));
#6278=CARTESIAN_POINT('',(-0.0184272067971485,0.0640343751560082,0.0102312884890449));
#6279=CARTESIAN_POINT('',(-0.0185304572532621,0.0646492040325158,0.00971719234495162));
#6280=CARTESIAN_POINT('',(-0.0185898054329566,0.064921460846386,0.00937811911916459));
#6281=CARTESIAN_POINT('',(-0.0186821708541521,0.0653122470740527,0.00862416142512457));
#6282=CARTESIAN_POINT('',(-0.01871491783295,0.0654328266636756,0.00821620274169461));
#6283=CARTESIAN_POINT('',(-0.0187275085931003,0.0654799090395674,0.00769512622885191));
#6284=CARTESIAN_POINT('',(-0.0187286906004703,0.0654843000000008,0.007597545772765));
#6285=CARTESIAN_POINT('',(-0.0187286906004701,0.0654843000000001,0.00749999999997752));
#6286=CARTESIAN_POINT('',(-0.0213421019119534,0.0654843000000001,0.00750000000037579));
#6287=CARTESIAN_POINT('',(-0.0213420881678508,0.0654843045502073,0.00763512831245939));
#6288=CARTESIAN_POINT('',(-0.0213391946515568,0.0654758762057272,0.0077701339280665));
#6289=CARTESIAN_POINT('',(-0.0213155972393097,0.065406599011155,0.00832267258231807));
#6290=CARTESIAN_POINT('',(-0.0212702742666158,0.0652743105438663,0.00872011395917932));
#6291=CARTESIAN_POINT('',(-0.0211519408205604,0.0648744041342686,0.00943999906567414));
#6292=CARTESIAN_POINT('',(-0.0210795286460777,0.0646065017818887,0.00975953244818849));
#6293=CARTESIAN_POINT('',(-0.0209473444732085,0.0639730033221754,0.0102753985931223));
#6294=CARTESIAN_POINT('',(-0.0208880714910389,0.0636112404474238,0.010472758072538));
#6295=CARTESIAN_POINT('',(-0.0208170211411153,0.0628833481672801,0.0107037548664632));
#6296=CARTESIAN_POINT('',(-0.0208002386735179,0.0625341407039039,0.0107552200502993));
#6297=CARTESIAN_POINT('',(-0.0208038483685588,0.0618260904895515,0.0107438779141937));
#6298=CARTESIAN_POINT('',(-0.0208246965864772,0.0614747672132191,0.0106797999923412));
#6299=CARTESIAN_POINT('',(-0.0209028364761699,0.0607562441943849,0.0104231630288814));
#6300=CARTESIAN_POINT('',(-0.0209639829420455,0.0604050425475659,0.0102159729620861));
#6301=CARTESIAN_POINT('',(-0.0211006068937775,0.0597758595603699,0.00966938612485267));
#6302=CARTESIAN_POINT('',(-0.0211759929897002,0.0595081694911991,0.00932210030208356));
#6303=CARTESIAN_POINT('',(-0.0212882006714663,0.0591398582619932,0.00857135733640327));
#6304=CARTESIAN_POINT('',(-0.0213267237475391,0.0590289668883587,0.00817703448067734));
#6305=CARTESIAN_POINT('',(-0.0213407680326784,0.0589879334716349,0.00767749002241162));
#6306=CARTESIAN_POINT('',(-0.0213420187264822,0.0589842999999977,0.00758873600576161));
#6307=CARTESIAN_POINT('',(-0.0213420187264814,0.0589843000000001,0.00749999999991162));
#6308=CARTESIAN_POINT('',(-0.0246914,0.0731403,0.015));
#6309=CARTESIAN_POINT('',(-0.0246914,0.0513285,0.015));
#6310=CARTESIAN_POINT('',(-0.0246914,0.0513285,0.015));
#6311=CARTESIAN_POINT('',(-0.0208788,0.0534694,0.015));
#6312=CARTESIAN_POINT('',(-0.0183019,0.0575505,0.015));
#6313=CARTESIAN_POINT('',(-0.0183019,0.0622343,0.015));
#6314=CARTESIAN_POINT('',(-0.0183019,0.0669181,0.015));
#6315=CARTESIAN_POINT('',(-0.0208786,0.0709995,0.015));
#6316=CARTESIAN_POINT('',(-0.0246914,0.0731403,0.015));
#6317=CARTESIAN_POINT('',(-0.0246914,0.0513285,0.0));
#6318=CARTESIAN_POINT('',(-0.0246914,0.0513285,0.0));
#6319=VECTOR('',#8207,1.0);
#6320=CARTESIAN_POINT('',(-0.0246914,0.0731403,0.0));
#6321=CARTESIAN_POINT('',(-0.0246914,0.0513285,0.0));
#6322=CARTESIAN_POINT('',(-0.0208788,0.0534694,0.0));
#6323=CARTESIAN_POINT('',(-0.0183019,0.0575505,0.0));
#6324=CARTESIAN_POINT('',(-0.0183019,0.0622343,0.0));
#6325=CARTESIAN_POINT('',(-0.0183019,0.0669181,0.0));
#6326=CARTESIAN_POINT('',(-0.0208786,0.0709995,0.0));
#6327=CARTESIAN_POINT('',(-0.0246914,0.0731403,0.0));
#6328=CARTESIAN_POINT('',(-0.0246914,0.0731403,0.0));
#6329=VECTOR('',#8208,1.0);
#6330=CARTESIAN_POINT('',(-0.0246914,0.0543185,0.015));
#6331=CARTESIAN_POINT('',(-0.0246914,0.0543185,0.015));
#6332=CARTESIAN_POINT('',(-0.0246914,0.0533218333333333,0.015));
#6333=CARTESIAN_POINT('',(-0.0246914,0.0523251666666667,0.015));
#6334=CARTESIAN_POINT('',(-0.0246914,0.0513285,0.015));
#6335=CARTESIAN_POINT('',(-0.0246914,0.0543185,0.0));
#6336=CARTESIAN_POINT('',(-0.0246914,0.0543185,0.0));
#6337=VECTOR('',#8209,1.0);
#6338=CARTESIAN_POINT('',(-0.0246914,0.0543185,0.0));
#6339=CARTESIAN_POINT('',(-0.0246914,0.0533218333333333,0.0));
#6340=CARTESIAN_POINT('',(-0.0246914,0.0523251666666667,0.0));
#6341=CARTESIAN_POINT('',(-0.0246914,0.0513285,0.0));
#6342=CARTESIAN_POINT('',(-0.0246914,0.0701495,0.015));
#6343=CARTESIAN_POINT('',(-0.0246914,0.0701495,0.015));
#6344=CARTESIAN_POINT('',(-0.0223257,0.0683207,0.015));
#6345=CARTESIAN_POINT('',(-0.0208019,0.0654558,0.015));
#6346=CARTESIAN_POINT('',(-0.0208019,0.0622343,0.015));
#6347=CARTESIAN_POINT('',(-0.0208019,0.0590128,0.015));
#6348=CARTESIAN_POINT('',(-0.0223256,0.0561473,0.015));
#6349=CARTESIAN_POINT('',(-0.0246914,0.0543185,0.015));
#6350=CARTESIAN_POINT('',(-0.0246914,0.0701495,0.0));
#6351=CARTESIAN_POINT('',(-0.0246914,0.0701495,0.0));
#6352=VECTOR('',#8210,1.0);
#6353=CARTESIAN_POINT('',(-0.0246914,0.0701495,0.0));
#6354=CARTESIAN_POINT('',(-0.0223257,0.0683207,0.0));
#6355=CARTESIAN_POINT('',(-0.0208019,0.0654558,0.0));
#6356=CARTESIAN_POINT('',(-0.0208019,0.0622343,0.0));
#6357=CARTESIAN_POINT('',(-0.0208019,0.0590128,0.0));
#6358=CARTESIAN_POINT('',(-0.0223256,0.0561473,0.0));
#6359=CARTESIAN_POINT('',(-0.0246914,0.0543185,0.0));
#6360=CARTESIAN_POINT('',(-0.0246914,0.0731403,0.015));
#6361=CARTESIAN_POINT('',(-0.0246914,0.0721433666666667,0.015));
#6362=CARTESIAN_POINT('',(-0.0246914,0.0711464333333333,0.015));
#6363=CARTESIAN_POINT('',(-0.0246914,0.0701495,0.015));
#6364=CARTESIAN_POINT('',(-0.0246914,0.0731403,0.0));
#6365=CARTESIAN_POINT('',(-0.0246914,0.0721433666666667,0.0));
#6366=CARTESIAN_POINT('',(-0.0246914,0.0711464333333333,0.0));
#6367=CARTESIAN_POINT('',(-0.0246914,0.0701495,0.0));
#6368=CARTESIAN_POINT('',(-0.0071914,0.0654843000000001,0.00749999999999995));
#6369=CARTESIAN_POINT('',(0.0053086,0.0654843000000001,0.00749999999999995));
#6370=CARTESIAN_POINT('',(0.0053086,0.0654843000000001,0.00749999999999995));
#6371=VECTOR('',#8211,1.0);
#6372=CARTESIAN_POINT('',(-0.0071914,0.0589843000000001,0.00749999999999995));
#6373=AXIS2_PLACEMENT_3D('',#8212,#8213,#8214);
#6374=CARTESIAN_POINT('',(0.0053086,0.0589843000000001,0.00749999999999995));
#6375=CARTESIAN_POINT('',(0.0053086,0.0589843000000001,0.00749999999999995));
#6376=VECTOR('',#8215,1.0);
#6377=AXIS2_PLACEMENT_3D('',#8216,#8217,#8218);
#6378=CARTESIAN_POINT('',(-0.0187286950508358,0.0654843000000001,0.00749999999999995));
#6379=CARTESIAN_POINT('',(-0.0121914,0.0654843000000001,0.00749999999999995));
#6380=CARTESIAN_POINT('',(-0.0154628247220504,0.0654843000000001,0.00749999999999995));
#6381=VECTOR('',#8219,1.0);
#6382=CARTESIAN_POINT('',(-0.018679674560452,0.0591728068797436,0.006409238855376));
#6383=CARTESIAN_POINT('',(-0.018679674560452,0.0591728068797436,0.006409238855376));
#6384=CARTESIAN_POINT('',(-0.0186491026818144,0.0592941936308317,0.00606853667215399));
#6385=CARTESIAN_POINT('',(-0.0186062479119751,0.0594712557418262,0.00575139686753567));
#6386=CARTESIAN_POINT('',(-0.0185040659969022,0.0599664650536652,0.00513209912339932));
#6387=CARTESIAN_POINT('',(-0.0184443788173834,0.0603021933413096,0.00485085052382993));
#6388=CARTESIAN_POINT('',(-0.0183634513257807,0.0609560949966951,0.00449588796163519));
#6389=CARTESIAN_POINT('',(-0.0183365092495247,0.061248655160726,0.00438746070831527));
#6390=CARTESIAN_POINT('',(-0.0183070856793452,0.0617962868375541,0.00427005533347296));
#6391=CARTESIAN_POINT('',(-0.0183008769146178,0.0620447671164145,0.00424598135942421));
#6392=CARTESIAN_POINT('',(-0.0183037530602647,0.062661302187567,0.00425727889961537));
#6393=CARTESIAN_POINT('',(-0.0183217144325342,0.0630239170871609,0.00432618795208661));
#6394=CARTESIAN_POINT('',(-0.01838642832527,0.0637441300787426,0.00459402227442906));
#6395=CARTESIAN_POINT('',(-0.0184351042577696,0.0640907600372994,0.00480256467213649));
#6396=CARTESIAN_POINT('',(-0.0185434947354981,0.0647140595437066,0.00535509413121483));
#6397=CARTESIAN_POINT('',(-0.0186024848437543,0.0649778782082392,0.00570450276252658));
#6398=CARTESIAN_POINT('',(-0.0186904663329089,0.0653439191313291,0.00646874593414135));
#6399=CARTESIAN_POINT('',(-0.0187195402637052,0.0654501456016312,0.00687270050994845));
#6400=CARTESIAN_POINT('',(-0.0187280726591375,0.0654819855488766,0.00735826185932608));
#6401=CARTESIAN_POINT('',(-0.0187286950508358,0.0654843000000001,0.00742918273391142));
#6402=CARTESIAN_POINT('',(-0.0187286950508358,0.0654843000000001,0.00749999999999995));
#6403=CARTESIAN_POINT('',(-0.018728728197378,0.0589843000000002,0.00749999999865595));
#6404=CARTESIAN_POINT('',(-0.018728728197378,0.0589843000000002,0.00749999999731194));
#6405=CARTESIAN_POINT('',(-0.018728636446636,0.0589842804727639,0.00712780410419225));
#6406=CARTESIAN_POINT('',(-0.0187110733113161,0.0590481370025406,0.00675915595064581));
#6407=CARTESIAN_POINT('',(-0.018679674560452,0.0591728068797436,0.006409238855376));
#6408=CARTESIAN_POINT('',(-0.0121914,0.0589843000000001,0.00749999999999995));
#6409=CARTESIAN_POINT('',(-0.0154628247220504,0.0589843000000001,0.00749999999999995));
#6410=VECTOR('',#8220,1.0);
#6411=AXIS2_PLACEMENT_3D('',#8221,#8222,#8223);
#6412=CARTESIAN_POINT('',(-0.021289,0.0703426,0.012));
#6413=CARTESIAN_POINT('',(-0.0193902663855622,0.0673426,0.015));
#6414=CARTESIAN_POINT('',(-0.021289,0.0703426,0.012));
#6415=CARTESIAN_POINT('',(-0.021289,0.0703426,0.0123120314918145));
#6416=CARTESIAN_POINT('',(-0.0212471598050612,0.0702941775986032,0.0126163080034745));
#6417=CARTESIAN_POINT('',(-0.0210891264827751,0.0701034325969558,0.0132192008147524));
#6418=CARTESIAN_POINT('',(-0.0209680261158834,0.0699543557905501,0.0135106061905726));
#6419=CARTESIAN_POINT('',(-0.0206317780327244,0.0695096445558616,0.0141191935913509));
#6420=CARTESIAN_POINT('',(-0.020397015997948,0.0691781352709486,0.0144140460981468));
#6421=CARTESIAN_POINT('',(-0.0200007677737893,0.0685362017628353,0.0147674776096172));
#6422=CARTESIAN_POINT('',(-0.0198443823972739,0.0682621818486824,0.014870619271169));
#6423=CARTESIAN_POINT('',(-0.0195892430748813,0.0677697444470679,0.0149768779121326));
#6424=CARTESIAN_POINT('',(-0.019486748218385,0.0675577454453457,0.015));
#6425=CARTESIAN_POINT('',(-0.0193902663855622,0.0673426,0.015));
#6426=CARTESIAN_POINT('',(-0.0121914,0.0673426,0.015));
#6427=CARTESIAN_POINT('',(-0.0193902663855621,0.0673426,0.015));
#6428=CARTESIAN_POINT('',(-0.0169906442570414,0.0673426,0.015));
#6429=CARTESIAN_POINT('',(-0.0145910221285207,0.0673426,0.015));
#6430=CARTESIAN_POINT('',(-0.0121913999999999,0.0673426,0.015));
#6431=CARTESIAN_POINT('',(-0.0121914,0.0703426,0.012));
#6432=CARTESIAN_POINT('',(-0.0121914,0.0673426,0.015));
#6433=CARTESIAN_POINT('',(-0.0121914,0.0677332444733869,0.015));
#6434=CARTESIAN_POINT('',(-0.0121914,0.0681201541726906,0.0149236984477061));
#6435=CARTESIAN_POINT('',(-0.0121914,0.0688429480495371,0.0146270818096964));
#6436=CARTESIAN_POINT('',(-0.0121914,0.0691719219236642,0.0144096025407086));
#6437=CARTESIAN_POINT('',(-0.0121914,0.0697279896374808,0.0138607846146148));
#6438=CARTESIAN_POINT('',(-0.0121914,0.0699497671667458,0.0135346929560113));
#6439=CARTESIAN_POINT('',(-0.0121914,0.0701817210042311,0.0129899344134013));
#6440=CARTESIAN_POINT('',(-0.0121914,0.0702417691950708,0.0127971174304048));
#6441=CARTESIAN_POINT('',(-0.0121914,0.0703223108902488,0.0124023695192671));
#6442=CARTESIAN_POINT('',(-0.0121914,0.0703426,0.0122014403621483));
#6443=CARTESIAN_POINT('',(-0.0121914,0.0703426,0.012));
#6444=CARTESIAN_POINT('',(-0.0121913999999999,0.0703426,0.012));
#6445=CARTESIAN_POINT('',(-0.0152239333333333,0.0703426,0.012));
#6446=CARTESIAN_POINT('',(-0.0182564666666666,0.0703426,0.012));
#6447=CARTESIAN_POINT('',(-0.021289,0.0703426,0.012));
#6448=CARTESIAN_POINT('',(0.0053086,0.0673426,0.015));
#6449=CARTESIAN_POINT('',(0.0053086,0.0703426,0.012));
#6450=CARTESIAN_POINT('',(0.00530859999999999,0.0673426,0.015));
#6451=CARTESIAN_POINT('',(0.00530859999999999,0.0677332444733869,0.015));
#6452=CARTESIAN_POINT('',(0.00530859999999999,0.0681201541726906,0.0149236984477061));
#6453=CARTESIAN_POINT('',(0.00530859999999999,0.0688429480495371,0.0146270818096964));
#6454=CARTESIAN_POINT('',(0.00530859999999999,0.0691719219236642,0.0144096025407086));
#6455=CARTESIAN_POINT('',(0.00530859999999999,0.0697279896374808,0.0138607846146148));
#6456=CARTESIAN_POINT('',(0.00530859999999999,0.0699497671667458,0.0135346929560113));
#6457=CARTESIAN_POINT('',(0.00530859999999999,0.0701817210042311,0.0129899344134013));
#6458=CARTESIAN_POINT('',(0.00530859999999999,0.0702417691950708,0.0127971174304048));
#6459=CARTESIAN_POINT('',(0.00530859999999999,0.0703223108902488,0.0124023695192671));
#6460=CARTESIAN_POINT('',(0.00530859999999999,0.0703426,0.0122014403621483));
#6461=CARTESIAN_POINT('',(0.00530859999999999,0.0703426,0.012));
#6462=CARTESIAN_POINT('',(-0.0071914,0.0703426,0.012));
#6463=CARTESIAN_POINT('',(0.00530860000000002,0.0703426,0.012));
#6464=CARTESIAN_POINT('',(0.00380978978131355,0.0703426,0.012));
#6465=CARTESIAN_POINT('',(0.00231097956262707,0.0703426,0.012));
#6466=CARTESIAN_POINT('',(-0.00185568710403961,0.0703426,0.012));
#6467=CARTESIAN_POINT('',(-0.00452354355201979,0.0703426,0.012));
#6468=CARTESIAN_POINT('',(-0.00719139999999998,0.0703426,0.012));
#6469=CARTESIAN_POINT('',(-0.0071914,0.0673426,0.015));
#6470=CARTESIAN_POINT('',(-0.00719139999999999,0.0703426,0.012));
#6471=CARTESIAN_POINT('',(-0.00719139999999999,0.0703426,0.0123906444733869));
#6472=CARTESIAN_POINT('',(-0.0071914,0.0702662984477061,0.0127775541726906));
#6473=CARTESIAN_POINT('',(-0.0071914,0.0699696818096965,0.0135003480495371));
#6474=CARTESIAN_POINT('',(-0.00719139999999999,0.0697522025407086,0.0138293219236642));
#6475=CARTESIAN_POINT('',(-0.00719139999999999,0.0692033846146148,0.0143853896374808));
#6476=CARTESIAN_POINT('',(-0.0071914,0.0688772929560113,0.0146071671667458));
#6477=CARTESIAN_POINT('',(-0.0071914,0.0683325344134013,0.0148391210042311));
#6478=CARTESIAN_POINT('',(-0.0071914,0.0681397174304048,0.0148991691950708));
#6479=CARTESIAN_POINT('',(-0.0071914,0.0677449695192671,0.0149797108902488));
#6480=CARTESIAN_POINT('',(-0.00719139999999999,0.0675440403621483,0.015));
#6481=CARTESIAN_POINT('',(-0.00719139999999999,0.0673426,0.015));
#6482=CARTESIAN_POINT('',(-0.00719139999999998,0.0673426,0.015));
#6483=CARTESIAN_POINT('',(-0.00452354355201979,0.0673426,0.015));
#6484=CARTESIAN_POINT('',(-0.00185568710403962,0.0673426,0.015));
#6485=CARTESIAN_POINT('',(0.00231097956262706,0.0673426,0.015));
#6486=CARTESIAN_POINT('',(0.00380978978131354,0.0673426,0.015));
#6487=CARTESIAN_POINT('',(0.00530860000000002,0.0673426,0.015));
#6488=CARTESIAN_POINT('',(0.00530860000000001,0.0703426,0.003));
#6489=CARTESIAN_POINT('',(0.0053086,0.0673426,0.0));
#6490=CARTESIAN_POINT('',(0.00530859999999999,0.0703426,0.003));
#6491=CARTESIAN_POINT('',(0.00530859999999999,0.0703426,0.00260935552661307));
#6492=CARTESIAN_POINT('',(0.00530859999999999,0.0702662984477061,0.00222244582730941));
#6493=CARTESIAN_POINT('',(0.00530859999999999,0.0699696818096965,0.00149965195046288));
#6494=CARTESIAN_POINT('',(0.00530859999999999,0.0697522025407086,0.00117067807633577));
#6495=CARTESIAN_POINT('',(0.00530859999999999,0.0692033846146148,0.000614610362519239));
#6496=CARTESIAN_POINT('',(0.00530859999999999,0.0688772929560113,0.000392832833254226));
#6497=CARTESIAN_POINT('',(0.00530859999999999,0.0683325344134013,0.000160878995768873));
#6498=CARTESIAN_POINT('',(0.0053086,0.0681397174304048,0.000100830804929229));
#6499=CARTESIAN_POINT('',(0.0053086,0.0677449695192671,2.02891097512135E-05));
#6500=CARTESIAN_POINT('',(0.00530859999999999,0.0675440403621483,-2.58975054922901E-18));
#6501=CARTESIAN_POINT('',(0.00530859999999999,0.0673426,-2.60208521396521E-18));
#6502=CARTESIAN_POINT('',(-0.0071914,0.0673426,0.0));
#6503=CARTESIAN_POINT('',(0.0053086,0.0673426,-2.60208521396521E-18));
#6504=CARTESIAN_POINT('',(0.00380978978131353,0.0673426,-2.60208521396521E-18));
#6505=CARTESIAN_POINT('',(0.00231097956262706,0.0673426,-2.60208521396521E-18));
#6506=CARTESIAN_POINT('',(-0.00185568710403962,0.0673426,-2.60208521396521E-18));
#6507=CARTESIAN_POINT('',(-0.0045235435520198,0.0673426,-2.60208521396521E-18));
#6508=CARTESIAN_POINT('',(-0.00719139999999998,0.0673426,-2.60208521396521E-18));
#6509=CARTESIAN_POINT('',(-0.0071914,0.0703426,0.003));
#6510=CARTESIAN_POINT('',(-0.00719139999999999,0.0673426,-2.60208521396521E-18));
#6511=CARTESIAN_POINT('',(-0.00719139999999999,0.0677332444733869,-2.57816513876832E-18));
#6512=CARTESIAN_POINT('',(-0.00719139999999998,0.0681201541726906,7.63015522938725E-05));
#6513=CARTESIAN_POINT('',(-0.00719139999999998,0.0688429480495371,0.000372918190303557));
#6514=CARTESIAN_POINT('',(-0.00719139999999998,0.0691719219236642,0.000590397459291435));
#6515=CARTESIAN_POINT('',(-0.00719139999999998,0.0697279896374808,0.0011392153853852));
#6516=CARTESIAN_POINT('',(-0.00719139999999998,0.0699497671667458,0.00146530704398874));
#6517=CARTESIAN_POINT('',(-0.00719139999999998,0.0701817210042311,0.00201006558659875));
#6518=CARTESIAN_POINT('',(-0.00719139999999998,0.0702417691950708,0.00220288256959521));
#6519=CARTESIAN_POINT('',(-0.00719139999999998,0.0703223108902488,0.00259763048073291));
#6520=CARTESIAN_POINT('',(-0.00719139999999999,0.0703426,0.00279855963785172));
#6521=CARTESIAN_POINT('',(-0.00719139999999999,0.0703426,0.003));
#6522=CARTESIAN_POINT('',(-0.00719139999999998,0.0703426,0.003));
#6523=CARTESIAN_POINT('',(-0.00452354355201979,0.0703426,0.003));
#6524=CARTESIAN_POINT('',(-0.00185568710403961,0.0703426,0.003));
#6525=CARTESIAN_POINT('',(0.00231097956262706,0.0703426,0.003));
#6526=CARTESIAN_POINT('',(0.00380978978131354,0.0703426,0.003));
#6527=CARTESIAN_POINT('',(0.00530860000000002,0.0703426,0.003));
#6528=CARTESIAN_POINT('',(-0.0193902663855622,0.0673426,0.0));
#6529=CARTESIAN_POINT('',(-0.021289,0.0703426,0.003));
#6530=CARTESIAN_POINT('',(-0.0193902663855622,0.0673426,0.0));
#6531=CARTESIAN_POINT('',(-0.0194370351239626,0.0674468899036744,5.02137620959326E-33));
#6532=CARTESIAN_POINT('',(-0.0194852234399877,0.0675504837916128,5.43700760706969E-06));
#6533=CARTESIAN_POINT('',(-0.0195886135796462,0.0677650163724317,2.77537148931791E-05));
#6534=CARTESIAN_POINT('',(-0.0196440105532191,0.0678756594771183,4.56380161905746E-05));
#6535=CARTESIAN_POINT('',(-0.0198444441267032,0.0682617338735553,0.000130199029649183));
#6536=CARTESIAN_POINT('',(-0.0199956002642334,0.0685269445344682,0.000229506418465443));
#6537=CARTESIAN_POINT('',(-0.0203855189492708,0.0691608319937507,0.000573320971958169));
#6538=CARTESIAN_POINT('',(-0.0206195156081892,0.0694925718421031,0.000864018886609848));
#6539=CARTESIAN_POINT('',(-0.0209644456806445,0.0699502449560822,0.00147896506188663));
#6540=CARTESIAN_POINT('',(-0.0210920244926804,0.0701070601314357,0.00178452800858329));
#6541=CARTESIAN_POINT('',(-0.0212491065088867,0.0702964087124395,0.00239781238488675));
#6542=CARTESIAN_POINT('',(-0.021289,0.0703426,0.00269527326289403));
#6543=CARTESIAN_POINT('',(-0.021289,0.0703426,0.003));
#6544=CARTESIAN_POINT('',(-0.0121914,0.0703426,0.003));
#6545=CARTESIAN_POINT('',(-0.021289,0.0703426,0.003));
#6546=CARTESIAN_POINT('',(-0.0182564666666667,0.0703426,0.003));
#6547=CARTESIAN_POINT('',(-0.0152239333333333,0.0703426,0.003));
#6548=CARTESIAN_POINT('',(-0.0121914,0.0703426,0.003));
#6549=CARTESIAN_POINT('',(-0.0121914,0.0673426,0.0));
#6550=CARTESIAN_POINT('',(-0.0121914,0.0703426,0.003));
#6551=CARTESIAN_POINT('',(-0.0121914,0.0703426,0.00260935552661307));
#6552=CARTESIAN_POINT('',(-0.0121914,0.0702662984477061,0.00222244582730941));
#6553=CARTESIAN_POINT('',(-0.0121914,0.0699696818096965,0.00149965195046288));
#6554=CARTESIAN_POINT('',(-0.0121914,0.0697522025407086,0.00117067807633577));
#6555=CARTESIAN_POINT('',(-0.0121914,0.0692033846146148,0.000614610362519243));
#6556=CARTESIAN_POINT('',(-0.0121914,0.0688772929560113,0.000392832833254228));
#6557=CARTESIAN_POINT('',(-0.0121914,0.0683325344134013,0.000160878995768876));
#6558=CARTESIAN_POINT('',(-0.0121914,0.0681397174304048,0.000100830804929232));
#6559=CARTESIAN_POINT('',(-0.0121914,0.0677449695192671,2.02891097512162E-05));
#6560=CARTESIAN_POINT('',(-0.0121914,0.0675440403621483,1.07766673741553E-33));
#6561=CARTESIAN_POINT('',(-0.0121914,0.0673426,0.0));
#6562=CARTESIAN_POINT('',(-0.0121914,0.0673426,0.0));
#6563=CARTESIAN_POINT('',(-0.0145910221285207,0.0673426,0.0));
#6564=CARTESIAN_POINT('',(-0.0169906442570414,0.0673426,0.0));
#6565=CARTESIAN_POINT('',(-0.0193902663855622,0.0673426,0.0));
#6566=CARTESIAN_POINT('',(-0.0246914,0.0513283,0.015));
#6567=CARTESIAN_POINT('',(-0.0246914,0.0513285,0.015));
#6568=CARTESIAN_POINT('',(-0.0208788,0.0534694,0.015));
#6569=CARTESIAN_POINT('',(-0.0183019,0.0575505,0.015));
#6570=CARTESIAN_POINT('',(-0.0183019,0.0622343,0.015));
#6571=CARTESIAN_POINT('',(-0.0183019,0.0653286,0.015));
#6572=CARTESIAN_POINT('',(-0.0194265,0.0681599,0.015));
#6573=CARTESIAN_POINT('',(-0.021289,0.0703426,0.015));
#6574=CARTESIAN_POINT('',(0.0069866,0.0502821,0.015));
#6575=CARTESIAN_POINT('',(-0.0246914,0.0513281,0.015));
#6576=CARTESIAN_POINT('',(-0.0336581,0.0461408,0.015));
#6577=CARTESIAN_POINT('',(-0.0396914,0.0364466,0.015));
#6578=CARTESIAN_POINT('',(-0.0396914,0.0253426,0.015));
#6579=CARTESIAN_POINT('',(-0.0396914,0.0087741,0.015));
#6580=CARTESIAN_POINT('',(-0.0262599,-0.0046574,0.015));
#6581=CARTESIAN_POINT('',(-0.0096914,-0.0046574,0.015));
#6582=CARTESIAN_POINT('',(0.0068771,-0.0046574,0.015));
#6583=CARTESIAN_POINT('',(0.0203086,0.0087741,0.015));
#6584=CARTESIAN_POINT('',(0.0203086,0.0253426,0.015));
#6585=CARTESIAN_POINT('',(0.0203086,0.0357389,0.015));
#6586=CARTESIAN_POINT('',(0.0150199,0.0448994,0.015));
#6587=CARTESIAN_POINT('',(0.0069866,0.0502821,0.015));
#6588=CARTESIAN_POINT('',(0.0053086,0.0533967,0.015));
#6589=CARTESIAN_POINT('',(0.0069866,0.0502821,0.015));
#6590=CARTESIAN_POINT('',(0.0053278,0.051409,0.015));
#6591=CARTESIAN_POINT('',(0.0053553,0.0512972,0.015));
#6592=CARTESIAN_POINT('',(0.0053086,0.0533967,0.015));
#6593=CARTESIAN_POINT('',(0.0053086,0.0533967,0.015));
#6594=CARTESIAN_POINT('',(0.0053086,0.0590453333333333,0.015));
#6595=CARTESIAN_POINT('',(0.0053086,0.0646939666666667,0.015));
#6596=CARTESIAN_POINT('',(0.0053086,0.0703426,0.015));
#6597=CARTESIAN_POINT('',(-0.0071914,0.0528017207565047,0.015));
#6598=CARTESIAN_POINT('',(-0.0071914,0.0703426,0.015));
#6599=CARTESIAN_POINT('',(-0.0071914,0.0644956402521682,0.015));
#6600=CARTESIAN_POINT('',(-0.0071914,0.0586486805043365,0.015));
#6601=CARTESIAN_POINT('',(-0.0071914,0.0528017207565047,0.015));
#6602=CARTESIAN_POINT('',(-0.00477757415882176,0.0498595447156227,0.015));
#6603=CARTESIAN_POINT('',(-0.00477757415882188,0.0498595447156222,0.015));
#6604=CARTESIAN_POINT('',(-0.00516068909552203,0.0499358732808175,0.015));
#6605=CARTESIAN_POINT('',(-0.00552523257853598,0.0500863029696743,0.015));
#6606=CARTESIAN_POINT('',(-0.00617613851809405,0.0505184301224877,0.015));
#6607=CARTESIAN_POINT('',(-0.00645627795908478,0.0507959962153362,0.015));
#6608=CARTESIAN_POINT('',(-0.00684255415744495,0.0513663445679794,0.015));
#6609=CARTESIAN_POINT('',(-0.00697202876945199,0.0516368058172848,0.015));
#6610=CARTESIAN_POINT('',(-0.00714693841543995,0.0522069806082224,0.015));
#6611=CARTESIAN_POINT('',(-0.00719139999999995,0.052503520875351,0.015));
#6612=CARTESIAN_POINT('',(-0.00719139999999995,0.0528017207565047,0.015));
#6613=CARTESIAN_POINT('',(-0.0046873,0.0498413,0.015));
#6614=CARTESIAN_POINT('',(-0.00719140000000012,0.0502189510402651,0.015));
#6615=CARTESIAN_POINT('',(-0.00716914903011035,0.0502167398775511,0.015));
#6616=CARTESIAN_POINT('',(-0.00714691971912462,0.0502145006382708,0.015));
#6617=CARTESIAN_POINT('',(-0.00712471065841343,0.0502122333166041,0.015));
#6618=CARTESIAN_POINT('',(-0.0069169554378437,0.0501910235986834,0.015));
#6619=CARTESIAN_POINT('',(-0.00671097086432958,0.0501673659261679,0.015));
#6620=CARTESIAN_POINT('',(-0.00650561408997605,0.0501412106248683,0.015));
#6621=CARTESIAN_POINT('',(-0.00635017465905498,0.050121413054701,0.015));
#6622=CARTESIAN_POINT('',(-0.00619509572886998,0.0501001822315386,0.015));
#6623=CARTESIAN_POINT('',(-0.00603988130291937,0.0500774525314377,0.015));
#6624=CARTESIAN_POINT('',(-0.00598107950265626,0.0500688415580878,0.015));
#6625=CARTESIAN_POINT('',(-0.0059222582051149,0.0500600150684673,0.015));
#6626=CARTESIAN_POINT('',(-0.00586339019389894,0.0500509680288594,0.015));
#6627=CARTESIAN_POINT('',(-0.00547598102723907,0.0499914296479488,0.015));
#6628=CARTESIAN_POINT('',(-0.0050865721761803,0.0499224800271035,0.015));
#6629=CARTESIAN_POINT('',(-0.00468728353774428,0.0498413810511236,0.015));
#6630=CARTESIAN_POINT('',(-0.0046248,0.0498286,0.015));
#6631=CARTESIAN_POINT('',(-0.0046873,0.0498413,0.015));
#6632=VECTOR('',#8224,1.0);
#6633=CARTESIAN_POINT('',(-0.0040564,0.0497048,0.015));
#6634=CARTESIAN_POINT('',(-0.0046248,0.0498286,0.015));
#6635=CARTESIAN_POINT('',(-0.0044345,0.0497895,0.015));
#6636=CARTESIAN_POINT('',(-0.0042451,0.0497482,0.015));
#6637=CARTESIAN_POINT('',(-0.0040564,0.0497048,0.015));
#6638=CARTESIAN_POINT('',(-0.004022,0.0496967,0.015));
#6639=CARTESIAN_POINT('',(-0.0040564,0.0497048,0.015));
#6640=VECTOR('',#8225,1.0);
#6641=CARTESIAN_POINT('',(-0.0034802,0.0495645,0.015));
#6642=CARTESIAN_POINT('',(-0.004022,0.0496967,0.015));
#6643=CARTESIAN_POINT('',(-0.0038406,0.0496546,0.015));
#6644=CARTESIAN_POINT('',(-0.00366,0.0496105,0.015));
#6645=CARTESIAN_POINT('',(-0.0034802,0.0495645,0.015));
#6646=CARTESIAN_POINT('',(-0.0034074,0.0495457,0.015));
#6647=CARTESIAN_POINT('',(-0.0034802,0.0495645,0.015));
#6648=VECTOR('',#8226,1.0);
#6649=CARTESIAN_POINT('',(-0.0028771,0.0494023,0.015));
#6650=CARTESIAN_POINT('',(-0.0034074,0.0495457,0.015));
#6651=CARTESIAN_POINT('',(-0.0032299,0.0494997,0.015));
#6652=CARTESIAN_POINT('',(-0.003053,0.0494521,0.015));
#6653=CARTESIAN_POINT('',(-0.0028771,0.0494023,0.015));
#6654=CARTESIAN_POINT('',(-0.0028201,0.0493861,0.015));
#6655=CARTESIAN_POINT('',(-0.0028771,0.0494023,0.015));
#6656=VECTOR('',#8227,1.0);
#6657=CARTESIAN_POINT('',(-0.0022922,0.049229,0.015));
#6658=CARTESIAN_POINT('',(-0.0028201,0.0493861,0.015));
#6659=CARTESIAN_POINT('',(-0.0026433,0.0493357,0.015));
#6660=CARTESIAN_POINT('',(-0.0024674,0.0492832,0.015));
#6661=CARTESIAN_POINT('',(-0.0022922,0.049229,0.015));
#6662=CARTESIAN_POINT('',(-0.0022188,0.0492061,0.015));
#6663=CARTESIAN_POINT('',(-0.0022922,0.049229,0.015));
#6664=VECTOR('',#8228,1.0);
#6665=CARTESIAN_POINT('',(-0.001712,0.0490416,0.015));
#6666=CARTESIAN_POINT('',(-0.0022188,0.0492061,0.015));
#6667=CARTESIAN_POINT('',(-0.002049,0.049153,0.015));
#6668=CARTESIAN_POINT('',(-0.0018801,0.0490982,0.015));
#6669=CARTESIAN_POINT('',(-0.001712,0.0490416,0.015));
#6670=CARTESIAN_POINT('',(-0.0016522,0.0490216,0.015));
#6671=CARTESIAN_POINT('',(-0.001712,0.0490416,0.015));
#6672=VECTOR('',#8229,1.0);
#6673=CARTESIAN_POINT('',(-0.0011338,0.0488391,0.015));
#6674=CARTESIAN_POINT('',(-0.0016522,0.0490216,0.015));
#6675=CARTESIAN_POINT('',(-0.0014786,0.0489627,0.015));
#6676=CARTESIAN_POINT('',(-0.0013057,0.0489017,0.015));
#6677=CARTESIAN_POINT('',(-0.0011338,0.0488391,0.015));
#6678=CARTESIAN_POINT('',(-0.0010461,0.0488068,0.015));
#6679=CARTESIAN_POINT('',(-0.0011338,0.0488391,0.015));
#6680=VECTOR('',#8230,1.0);
#6681=CARTESIAN_POINT('',(-0.0005757,0.0486279,0.015));
#6682=CARTESIAN_POINT('',(-0.0010461,0.0488068,0.015));
#6683=CARTESIAN_POINT('',(-0.0008886,0.0487487,0.015));
#6684=CARTESIAN_POINT('',(-0.0007317,0.0486891,0.015));
#6685=CARTESIAN_POINT('',(-0.0005757,0.0486279,0.015));
#6686=CARTESIAN_POINT('',(-0.0004927,0.0485955,0.015));
#6687=CARTESIAN_POINT('',(-0.0005757,0.0486279,0.015));
#6688=VECTOR('',#8231,1.0);
#6689=CARTESIAN_POINT('',(1.00000000000007E-06,0.0483938,0.015));
#6690=CARTESIAN_POINT('',(-0.0004927,0.0485955,0.015));
#6691=CARTESIAN_POINT('',(-0.0003272,0.04853,0.015));
#6692=CARTESIAN_POINT('',(-0.0001627,0.0484627,0.015));
#6693=CARTESIAN_POINT('',(1.0E-06,0.0483938,0.015));
#6694=CARTESIAN_POINT('',(9.65999999999998E-05,0.0483531,0.015));
#6695=CARTESIAN_POINT('',(1.0E-06,0.0483938,0.015));
#6696=VECTOR('',#8232,1.0);
#6697=CARTESIAN_POINT('',(0.000535,0.0481613,0.015));
#6698=CARTESIAN_POINT('',(9.66E-05,0.0483531,0.015));
#6699=CARTESIAN_POINT('',(0.0002434,0.0482904,0.015));
#6700=CARTESIAN_POINT('',(0.0003896,0.0482265,0.015));
#6701=CARTESIAN_POINT('',(0.000535,0.0481613,0.015));
#6702=CARTESIAN_POINT('',(0.0006399,0.0481141,0.015));
#6703=CARTESIAN_POINT('',(0.000535,0.0481613,0.015));
#6704=VECTOR('',#8233,1.0);
#6705=CARTESIAN_POINT('',(0.0011152,0.0478922,0.015));
#6706=CARTESIAN_POINT('',(0.0006399,0.0481141,0.015));
#6707=CARTESIAN_POINT('',(0.0007992,0.0480417,0.015));
#6708=CARTESIAN_POINT('',(0.0009577,0.0479678,0.015));
#6709=CARTESIAN_POINT('',(0.0011152,0.0478922,0.015));
#6710=CARTESIAN_POINT('',(0.0012051,0.0478485,0.015));
#6711=CARTESIAN_POINT('',(0.0011152,0.0478922,0.015));
#6712=VECTOR('',#8234,1.0);
#6713=CARTESIAN_POINT('',(0.0016291,0.0476378,0.015));
#6714=CARTESIAN_POINT('',(0.0012051,0.0478485,0.015));
#6715=CARTESIAN_POINT('',(0.0013472,0.0477795,0.015));
#6716=CARTESIAN_POINT('',(0.0014886,0.0477093,0.015));
#6717=CARTESIAN_POINT('',(0.0016291,0.0476378,0.015));
#6718=CARTESIAN_POINT('',(0.0017394,0.0475815,0.015));
#6719=CARTESIAN_POINT('',(0.0016291,0.0476378,0.015));
#6720=VECTOR('',#8235,1.0);
#6721=CARTESIAN_POINT('',(0.0021764,0.0473509,0.015));
#6722=CARTESIAN_POINT('',(0.0017394,0.0475815,0.015));
#6723=CARTESIAN_POINT('',(0.0018859,0.0475061,0.015));
#6724=CARTESIAN_POINT('',(0.0020316,0.0474292,0.015));
#6725=CARTESIAN_POINT('',(0.0021764,0.0473509,0.015));
#6726=CARTESIAN_POINT('',(0.0022854,0.0472915,0.015));
#6727=CARTESIAN_POINT('',(0.0021764,0.0473509,0.015));
#6728=VECTOR('',#8236,1.0);
#6729=CARTESIAN_POINT('',(0.0026922,0.0470641,0.015));
#6730=CARTESIAN_POINT('',(0.0022854,0.0472915,0.015));
#6731=CARTESIAN_POINT('',(0.0024218,0.0472169,0.015));
#6732=CARTESIAN_POINT('',(0.0025574,0.0471411,0.015));
#6733=CARTESIAN_POINT('',(0.0026922,0.0470641,0.015));
#6734=CARTESIAN_POINT('',(0.0028122,0.0469951,0.015));
#6735=CARTESIAN_POINT('',(0.0026922,0.0470641,0.015));
#6736=VECTOR('',#8237,1.0);
#6737=CARTESIAN_POINT('',(0.0032021,0.0467646,0.015));
#6738=CARTESIAN_POINT('',(0.0028122,0.0469951,0.015));
#6739=CARTESIAN_POINT('',(0.0029429,0.0469194,0.015));
#6740=CARTESIAN_POINT('',(0.0030729,0.0468425,0.015));
#6741=CARTESIAN_POINT('',(0.0032021,0.0467646,0.015));
#6742=CARTESIAN_POINT('',(0.0033407,0.0466804,0.015));
#6743=CARTESIAN_POINT('',(0.0032021,0.0467646,0.015));
#6744=VECTOR('',#8238,1.0);
#6745=CARTESIAN_POINT('',(0.0037265,0.0464395,0.015));
#6746=CARTESIAN_POINT('',(0.0033407,0.0466804,0.015));
#6747=CARTESIAN_POINT('',(0.00347,0.0466012,0.015));
#6748=CARTESIAN_POINT('',(0.0035987,0.046521,0.015));
#6749=CARTESIAN_POINT('',(0.0037265,0.0464395,0.015));
#6750=CARTESIAN_POINT('',(0.0038474,0.0463619,0.015));
#6751=CARTESIAN_POINT('',(0.0037265,0.0464395,0.015));
#6752=VECTOR('',#8239,1.0);
#6753=CARTESIAN_POINT('',(0.0042133,0.046121,0.015));
#6754=CARTESIAN_POINT('',(0.0038474,0.0463619,0.015));
#6755=CARTESIAN_POINT('',(0.00397,0.0462826,0.015));
#6756=CARTESIAN_POINT('',(0.0040921,0.0462023,0.015));
#6757=CARTESIAN_POINT('',(0.0042133,0.046121,0.015));
#6758=CARTESIAN_POINT('',(0.004342,0.0460344,0.015));
#6759=CARTESIAN_POINT('',(0.0042133,0.046121,0.015));
#6760=VECTOR('',#8240,1.0);
#6761=CARTESIAN_POINT('',(0.0047324,0.0457638,0.015));
#6762=CARTESIAN_POINT('',(0.004342,0.0460344,0.015));
#6763=CARTESIAN_POINT('',(0.004473,0.0459454,0.015));
#6764=CARTESIAN_POINT('',(0.0046032,0.0458552,0.015));
#6765=CARTESIAN_POINT('',(0.0047324,0.0457638,0.015));
#6766=CARTESIAN_POINT('',(0.0048451,0.0456833,0.015));
#6767=CARTESIAN_POINT('',(0.0047324,0.0457638,0.015));
#6768=VECTOR('',#8241,1.0);
#6769=CARTESIAN_POINT('',(0.0051975,0.0454263,0.015));
#6770=CARTESIAN_POINT('',(0.0048451,0.0456833,0.015));
#6771=CARTESIAN_POINT('',(0.0049633,0.0455986,0.015));
#6772=CARTESIAN_POINT('',(0.0050808,0.045513,0.015));
#6773=CARTESIAN_POINT('',(0.0051975,0.0454263,0.015));
#6774=CARTESIAN_POINT('',(0.0053086,0.0453437,0.015));
#6775=CARTESIAN_POINT('',(0.0051975,0.0454263,0.015));
#6776=VECTOR('',#8242,1.0);
#6777=CARTESIAN_POINT('',(-0.0246914,0.0453437,0.015));
#6778=CARTESIAN_POINT('',(0.0053086,0.0453437,0.015));
#6779=CARTESIAN_POINT('',(0.0113806,0.0407826,0.015));
#6780=CARTESIAN_POINT('',(0.0153086,0.0335215,0.015));
#6781=CARTESIAN_POINT('',(0.0153086,0.0253426,0.015));
#6782=CARTESIAN_POINT('',(0.0153086,0.0115355,0.015));
#6783=CARTESIAN_POINT('',(0.0041157,0.0003426,0.015));
#6784=CARTESIAN_POINT('',(-0.0096914,0.0003426,0.015));
#6785=CARTESIAN_POINT('',(-0.0234985,0.0003426,0.015));
#6786=CARTESIAN_POINT('',(-0.0346914,0.0115355,0.015));
#6787=CARTESIAN_POINT('',(-0.0346914,0.0253426,0.015));
#6788=CARTESIAN_POINT('',(-0.0346914,0.0335216,0.015));
#6789=CARTESIAN_POINT('',(-0.0307637,0.0407829,0.015));
#6790=CARTESIAN_POINT('',(-0.0246914,0.0453437,0.015));
#6791=CARTESIAN_POINT('',(-0.0245803,0.0454263,0.015));
#6792=CARTESIAN_POINT('',(-0.0246914,0.0453437,0.015));
#6793=VECTOR('',#8243,1.0);
#6794=CARTESIAN_POINT('',(-0.0242279,0.0456833,0.015));
#6795=CARTESIAN_POINT('',(-0.0245803,0.0454263,0.015));
#6796=CARTESIAN_POINT('',(-0.0244636,0.045513,0.015));
#6797=CARTESIAN_POINT('',(-0.0243461,0.0455987,0.015));
#6798=CARTESIAN_POINT('',(-0.0242279,0.0456833,0.015));
#6799=CARTESIAN_POINT('',(-0.0241152,0.0457638,0.015));
#6800=CARTESIAN_POINT('',(-0.0242279,0.0456833,0.015));
#6801=VECTOR('',#8244,1.0);
#6802=CARTESIAN_POINT('',(-0.0237248,0.0460344,0.015));
#6803=CARTESIAN_POINT('',(-0.0241152,0.0457638,0.015));
#6804=CARTESIAN_POINT('',(-0.0239861,0.0458553,0.015));
#6805=CARTESIAN_POINT('',(-0.0238558,0.0459454,0.015));
#6806=CARTESIAN_POINT('',(-0.0237248,0.0460344,0.015));
#6807=CARTESIAN_POINT('',(-0.0235961,0.046121,0.015));
#6808=CARTESIAN_POINT('',(-0.0237248,0.0460344,0.015));
#6809=VECTOR('',#8245,1.0);
#6810=CARTESIAN_POINT('',(-0.0232302,0.0463619,0.015));
#6811=CARTESIAN_POINT('',(-0.0235961,0.046121,0.015));
#6812=CARTESIAN_POINT('',(-0.0234748,0.0462023,0.015));
#6813=CARTESIAN_POINT('',(-0.0233529,0.0462827,0.015));
#6814=CARTESIAN_POINT('',(-0.0232302,0.0463619,0.015));
#6815=CARTESIAN_POINT('',(-0.0231093,0.0464395,0.015));
#6816=CARTESIAN_POINT('',(-0.0232302,0.0463619,0.015));
#6817=VECTOR('',#8246,1.0);
#6818=CARTESIAN_POINT('',(-0.0227235,0.0466804,0.015));
#6819=CARTESIAN_POINT('',(-0.0231093,0.0464395,0.015));
#6820=CARTESIAN_POINT('',(-0.0229816,0.0465209,0.015));
#6821=CARTESIAN_POINT('',(-0.0228529,0.0466012,0.015));
#6822=CARTESIAN_POINT('',(-0.0227235,0.0466804,0.015));
#6823=CARTESIAN_POINT('',(-0.0225849,0.0467646,0.015));
#6824=CARTESIAN_POINT('',(-0.0227235,0.0466804,0.015));
#6825=VECTOR('',#8247,1.0);
#6826=CARTESIAN_POINT('',(-0.022195,0.0469951,0.015));
#6827=CARTESIAN_POINT('',(-0.0225849,0.0467646,0.015));
#6828=CARTESIAN_POINT('',(-0.0224557,0.0468425,0.015));
#6829=CARTESIAN_POINT('',(-0.0223257,0.0469194,0.015));
#6830=CARTESIAN_POINT('',(-0.022195,0.0469951,0.015));
#6831=CARTESIAN_POINT('',(-0.022075,0.0470641,0.015));
#6832=CARTESIAN_POINT('',(-0.022195,0.0469951,0.015));
#6833=VECTOR('',#8248,1.0);
#6834=CARTESIAN_POINT('',(-0.0216682,0.0472915,0.015));
#6835=CARTESIAN_POINT('',(-0.022075,0.0470641,0.015));
#6836=CARTESIAN_POINT('',(-0.0219402,0.0471411,0.015));
#6837=CARTESIAN_POINT('',(-0.0218046,0.0472169,0.015));
#6838=CARTESIAN_POINT('',(-0.0216682,0.0472915,0.015));
#6839=CARTESIAN_POINT('',(-0.0215592,0.0473509,0.015));
#6840=CARTESIAN_POINT('',(-0.0216682,0.0472915,0.015));
#6841=VECTOR('',#8249,1.0);
#6842=CARTESIAN_POINT('',(-0.0211222,0.0475815,0.015));
#6843=CARTESIAN_POINT('',(-0.0215592,0.0473509,0.015));
#6844=CARTESIAN_POINT('',(-0.0214144,0.0474291,0.015));
#6845=CARTESIAN_POINT('',(-0.0212687,0.0475061,0.015));
#6846=CARTESIAN_POINT('',(-0.0211222,0.0475815,0.015));
#6847=CARTESIAN_POINT('',(-0.0210119,0.0476378,0.015));
#6848=CARTESIAN_POINT('',(-0.0211222,0.0475815,0.015));
#6849=VECTOR('',#8250,1.0);
#6850=CARTESIAN_POINT('',(-0.0205879,0.0478485,0.015));
#6851=CARTESIAN_POINT('',(-0.0210119,0.0476378,0.015));
#6852=CARTESIAN_POINT('',(-0.0208713,0.0477092,0.015));
#6853=CARTESIAN_POINT('',(-0.02073,0.0477796,0.015));
#6854=CARTESIAN_POINT('',(-0.0205879,0.0478485,0.015));
#6855=CARTESIAN_POINT('',(-0.020498,0.0478922,0.015));
#6856=CARTESIAN_POINT('',(-0.0205879,0.0478485,0.015));
#6857=VECTOR('',#8251,1.0);
#6858=CARTESIAN_POINT('',(-0.0200227,0.0481141,0.015));
#6859=CARTESIAN_POINT('',(-0.020498,0.0478922,0.015));
#6860=CARTESIAN_POINT('',(-0.0203405,0.0479678,0.015));
#6861=CARTESIAN_POINT('',(-0.020182,0.0480417,0.015));
#6862=CARTESIAN_POINT('',(-0.0200227,0.0481141,0.015));
#6863=CARTESIAN_POINT('',(-0.0199178,0.0481613,0.015));
#6864=CARTESIAN_POINT('',(-0.0200227,0.0481141,0.015));
#6865=VECTOR('',#8252,1.0);
#6866=CARTESIAN_POINT('',(-0.0194794,0.0483531,0.015));
#6867=CARTESIAN_POINT('',(-0.0199178,0.0481613,0.015));
#6868=CARTESIAN_POINT('',(-0.0197723,0.0482266,0.015));
#6869=CARTESIAN_POINT('',(-0.0196263,0.0482905,0.015));
#6870=CARTESIAN_POINT('',(-0.0194794,0.0483531,0.015));
#6871=CARTESIAN_POINT('',(-0.0193838,0.0483938,0.015));
#6872=CARTESIAN_POINT('',(-0.0194794,0.0483531,0.015));
#6873=VECTOR('',#8253,1.0);
#6874=CARTESIAN_POINT('',(-0.0188901,0.0485955,0.015));
#6875=CARTESIAN_POINT('',(-0.0193838,0.0483938,0.015));
#6876=CARTESIAN_POINT('',(-0.0192202,0.0484628,0.015));
#6877=CARTESIAN_POINT('',(-0.0190555,0.04853,0.015));
#6878=CARTESIAN_POINT('',(-0.0188901,0.0485955,0.015));
#6879=CARTESIAN_POINT('',(-0.0188071,0.0486279,0.015));
#6880=CARTESIAN_POINT('',(-0.0188901,0.0485955,0.015));
#6881=VECTOR('',#8254,1.0);
#6882=CARTESIAN_POINT('',(-0.0183367,0.0488068,0.015));
#6883=CARTESIAN_POINT('',(-0.0188071,0.0486279,0.015));
#6884=CARTESIAN_POINT('',(-0.018651,0.048689,0.015));
#6885=CARTESIAN_POINT('',(-0.0184942,0.0487488,0.015));
#6886=CARTESIAN_POINT('',(-0.0183367,0.0488068,0.015));
#6887=CARTESIAN_POINT('',(-0.018249,0.0488391,0.015));
#6888=CARTESIAN_POINT('',(-0.0183367,0.0488068,0.015));
#6889=VECTOR('',#8255,1.0);
#6890=CARTESIAN_POINT('',(-0.0177306,0.0490216,0.015));
#6891=CARTESIAN_POINT('',(-0.018249,0.0488391,0.015));
#6892=CARTESIAN_POINT('',(-0.0180772,0.0489018,0.015));
#6893=CARTESIAN_POINT('',(-0.0179043,0.0489626,0.015));
#6894=CARTESIAN_POINT('',(-0.0177306,0.0490216,0.015));
#6895=CARTESIAN_POINT('',(-0.0176708,0.0490416,0.015));
#6896=CARTESIAN_POINT('',(-0.0177306,0.0490216,0.015));
#6897=VECTOR('',#8256,1.0);
#6898=CARTESIAN_POINT('',(-0.017164,0.0492061,0.015));
#6899=CARTESIAN_POINT('',(-0.0176708,0.0490416,0.015));
#6900=CARTESIAN_POINT('',(-0.0175027,0.0490981,0.015));
#6901=CARTESIAN_POINT('',(-0.0173337,0.049153,0.015));
#6902=CARTESIAN_POINT('',(-0.017164,0.0492061,0.015));
#6903=CARTESIAN_POINT('',(-0.0170906,0.049229,0.015));
#6904=CARTESIAN_POINT('',(-0.017164,0.0492061,0.015));
#6905=VECTOR('',#8257,1.0);
#6906=CARTESIAN_POINT('',(-0.0165627,0.0493861,0.015));
#6907=CARTESIAN_POINT('',(-0.0170906,0.049229,0.015));
#6908=CARTESIAN_POINT('',(-0.0169154,0.0492833,0.015));
#6909=CARTESIAN_POINT('',(-0.0167395,0.0493356,0.015));
#6910=CARTESIAN_POINT('',(-0.0165627,0.0493861,0.015));
#6911=CARTESIAN_POINT('',(-0.0165057,0.0494023,0.015));
#6912=CARTESIAN_POINT('',(-0.0165627,0.0493861,0.015));
#6913=VECTOR('',#8258,1.0);
#6914=CARTESIAN_POINT('',(-0.0159754,0.0495457,0.015));
#6915=CARTESIAN_POINT('',(-0.0165057,0.0494023,0.015));
#6916=CARTESIAN_POINT('',(-0.0163297,0.0494521,0.015));
#6917=CARTESIAN_POINT('',(-0.0161529,0.0494997,0.015));
#6918=CARTESIAN_POINT('',(-0.0159754,0.0495457,0.015));
#6919=CARTESIAN_POINT('',(-0.0159026,0.0495645,0.015));
#6920=CARTESIAN_POINT('',(-0.0159754,0.0495457,0.015));
#6921=VECTOR('',#8259,1.0);
#6922=CARTESIAN_POINT('',(-0.0153608,0.0496967,0.015));
#6923=CARTESIAN_POINT('',(-0.0159026,0.0495645,0.015));
#6924=CARTESIAN_POINT('',(-0.0157227,0.0496105,0.015));
#6925=CARTESIAN_POINT('',(-0.0155422,0.0496547,0.015));
#6926=CARTESIAN_POINT('',(-0.0153608,0.0496967,0.015));
#6927=CARTESIAN_POINT('',(-0.0153264,0.0497048,0.015));
#6928=CARTESIAN_POINT('',(-0.0153608,0.0496967,0.015));
#6929=VECTOR('',#8260,1.0);
#6930=CARTESIAN_POINT('',(-0.014758,0.0498286,0.015));
#6931=CARTESIAN_POINT('',(-0.0153264,0.0497048,0.015));
#6932=CARTESIAN_POINT('',(-0.0151377,0.0497482,0.015));
#6933=CARTESIAN_POINT('',(-0.0149482,0.0497895,0.015));
#6934=CARTESIAN_POINT('',(-0.014758,0.0498286,0.015));
#6935=CARTESIAN_POINT('',(-0.0146955,0.0498413,0.015));
#6936=CARTESIAN_POINT('',(-0.014758,0.0498286,0.015));
#6937=VECTOR('',#8261,1.0);
#6938=CARTESIAN_POINT('',(-0.0146051832515305,0.0498595435224074,0.015));
#6939=CARTESIAN_POINT('',(-0.0146955143767143,0.0498413707816421,0.015));
#6940=CARTESIAN_POINT('',(-0.0145104684369883,0.0498789561290164,0.015));
#6941=CARTESIAN_POINT('',(-0.0143275413000971,0.0499139159665336,0.015));
#6942=CARTESIAN_POINT('',(-0.0141459525999596,0.0499465572103477,0.015));
#6943=CARTESIAN_POINT('',(-0.0138825912002873,0.049993897400852,0.015));
#6944=CARTESIAN_POINT('',(-0.0136220427066963,0.0500363742693417,0.015));
#6945=CARTESIAN_POINT('',(-0.013361970580756,0.0500746512003466,0.015));
#6946=CARTESIAN_POINT('',(-0.0132091880171903,0.0500971374534321,0.015));
#6947=CARTESIAN_POINT('',(-0.0130565710202277,0.0501181678538934,0.015));
#6948=CARTESIAN_POINT('',(-0.0129036512040065,0.0501378260383711,0.015));
#6949=CARTESIAN_POINT('',(-0.0128878577199992,0.0501398563260725,0.015));
#6950=CARTESIAN_POINT('',(-0.0128720610063674,0.050141871945416,0.015));
#6951=CARTESIAN_POINT('',(-0.012856260535221,0.0501438728750881,0.015));
#6952=CARTESIAN_POINT('',(-0.0126358450141928,0.0501717857108591,0.015));
#6953=CARTESIAN_POINT('',(-0.0124147000627721,0.0501968529020018,0.015));
#6954=CARTESIAN_POINT('',(-0.0121913855515414,0.0502189335912834,0.015));
#6955=CARTESIAN_POINT('',(-0.0121914,0.0528017110777702,0.015));
#6956=CARTESIAN_POINT('',(-0.0121914,0.0528017110777702,0.015));
#6957=CARTESIAN_POINT('',(-0.0121913999999997,0.052411066604382,0.015));
#6958=CARTESIAN_POINT('',(-0.0122677015522937,0.0520241569050771,0.015));
#6959=CARTESIAN_POINT('',(-0.012564318190304,0.0513013630282285,0.015));
#6960=CARTESIAN_POINT('',(-0.0127817974592924,0.0509723891541006,0.015));
#6961=CARTESIAN_POINT('',(-0.013265672391185,0.0504821223199511,0.015));
#6962=CARTESIAN_POINT('',(-0.0135056157984005,0.0503023010565065,0.015));
#6963=CARTESIAN_POINT('',(-0.0140306099688614,0.0500193585960797,0.015));
#6964=CARTESIAN_POINT('',(-0.0143127390505229,0.0499178120218694,0.015));
#6965=CARTESIAN_POINT('',(-0.01460518325153,0.0498595435224051,0.015));
#6966=CARTESIAN_POINT('',(-0.0121914,0.0528017110777703,0.015));
#6967=CARTESIAN_POINT('',(-0.0121914,0.0586486740518469,0.015));
#6968=CARTESIAN_POINT('',(-0.0121914,0.0644956370259234,0.015));
#6969=CARTESIAN_POINT('',(-0.0121914,0.0703426,0.015));
#6970=AXIS2_PLACEMENT_3D('',#8262,#8263,#8264);
#6971=CARTESIAN_POINT('',(0.0053086,0.0533967,0.0));
#6972=CARTESIAN_POINT('',(0.0053086,0.0533967,0.0));
#6973=VECTOR('',#8265,1.0);
#6974=CARTESIAN_POINT('',(0.0053086,0.0533967,0.0));
#6975=CARTESIAN_POINT('',(0.0053086,0.0590453333333333,0.0));
#6976=CARTESIAN_POINT('',(0.0053086,0.0646939666666667,0.0));
#6977=CARTESIAN_POINT('',(0.0053086,0.0703426,0.0));
#6978=CARTESIAN_POINT('',(0.0053086,0.0703426,0.0));
#6979=VECTOR('',#8266,1.0);
#6980=AXIS2_PLACEMENT_3D('',#8267,#8268,#8269);
#6981=CARTESIAN_POINT('',(-0.0121914,0.0528017110422032,-1.71808618552137E-19));
#6982=CARTESIAN_POINT('',(-0.0121914,0.0528017110666742,4.42896587460329E-17));
#6983=CARTESIAN_POINT('',(-0.0121914,0.0528017097726824,0.000972188351100276));
#6984=CARTESIAN_POINT('',(-0.0121914,0.0528017085907679,0.00194437670220068));
#6985=CARTESIAN_POINT('',(-0.0121914,0.0528017069441153,0.00385675740139888));
#6986=CARTESIAN_POINT('',(-0.0121914,0.0528017063782402,0.00479694974949652));
#6987=CARTESIAN_POINT('',(-0.0121914,0.0528017058611205,0.00632476231515521));
#6988=CARTESIAN_POINT('',(-0.0121914,0.0528017057589655,0.00691238253271626));
#6989=CARTESIAN_POINT('',(-0.0121914,0.0528017057500679,0.00808762296783839));
#6990=CARTESIAN_POINT('',(-0.0121914,0.0528017058433254,0.00867524318539943));
#6991=CARTESIAN_POINT('',(-0.0121914,0.0528017063423472,0.0102030557510581));
#6992=CARTESIAN_POINT('',(-0.0121914,0.0528017069020439,0.0111432480991557));
#6993=CARTESIAN_POINT('',(-0.0121914,0.0528017085623468,0.0130556269648357));
#6994=CARTESIAN_POINT('',(-0.0121914,0.0528017097735737,0.0140278134824179));
#6995=CARTESIAN_POINT('',(-0.0121914,0.0528017111056198,0.015));
#6996=CARTESIAN_POINT('',(-0.0121914,0.0528017110422031,0.0));
#6997=CARTESIAN_POINT('',(-0.0121914,0.0586486740281354,0.0));
#6998=CARTESIAN_POINT('',(-0.0121914,0.0644956370140677,0.0));
#6999=CARTESIAN_POINT('',(-0.0121914,0.0703426,0.0));
#7000=CARTESIAN_POINT('',(-0.0121914,0.0703426,0.0));
#7001=VECTOR('',#8270,1.0);
#7002=CARTESIAN_POINT('',(-0.0071914,0.0703426,0.0));
#7003=VECTOR('',#8271,1.0);
#7004=CARTESIAN_POINT('',(-0.0071914,0.0528017209226523,-9.59410551649669E-19));
#7005=CARTESIAN_POINT('',(-0.0071914,0.0703426,0.0));
#7006=CARTESIAN_POINT('',(-0.0071914,0.0644956403075507,0.0));
#7007=CARTESIAN_POINT('',(-0.0071914,0.0586486806151015,0.0));
#7008=CARTESIAN_POINT('',(-0.0071914,0.0528017209226522,0.0));
#7009=CARTESIAN_POINT('',(-0.0071913999999988,0.0528017207761045,0.0149999999999976));
#7010=CARTESIAN_POINT('',(-0.00719139999999934,0.0528017194532049,0.0139286623551884));
#7011=CARTESIAN_POINT('',(-0.00719140000000003,0.0528017182496897,0.0128573247103793));
#7012=CARTESIAN_POINT('',(-0.00719140000000003,0.052801716527477,0.0106765831943138));
#7013=CARTESIAN_POINT('',(-0.00719139999999988,0.0528017159531936,0.00956717932305892));
#7014=CARTESIAN_POINT('',(-0.00719139999999988,0.0528017155643121,0.00776439803226948));
#7015=CARTESIAN_POINT('',(-0.00719140000000004,0.0528017155455908,0.00707102061273505));
#7016=CARTESIAN_POINT('',(-0.00719140000000004,0.052801715786017,0.00568426577366627));
#7017=CARTESIAN_POINT('',(-0.00719140000000006,0.0528017160451646,0.00499088835413188));
#7018=CARTESIAN_POINT('',(-0.00719140000000006,0.0528017171012045,0.00318810706334255));
#7019=CARTESIAN_POINT('',(-0.00719140000000009,0.0528017181274503,0.00207870319208764));
#7020=CARTESIAN_POINT('',(-0.00719140000000009,0.0528017199813444,0.000646199547222078));
#7021=CARTESIAN_POINT('',(-0.00719139999999907,0.0528017204214678,0.000323099773610885));
#7022=CARTESIAN_POINT('',(-0.0071913999999974,0.0528017208778851,-3.61906685175661E-16));
#7023=AXIS2_PLACEMENT_3D('',#8272,#8273,#8274);
#7024=CARTESIAN_POINT('',(-0.0047775741184714,0.0498595448737297,-9.72484499891414E-19));
#7025=CARTESIAN_POINT('',(-0.00719140000000003,0.0528017209226523,-1.91882089650419E-18));
#7026=CARTESIAN_POINT('',(-0.00719140000000003,0.0524110764492646,-1.91882089650419E-18));
#7027=CARTESIAN_POINT('',(-0.00711509844770602,0.0520241667499601,2.03906909774235E-18));
#7028=CARTESIAN_POINT('',(-0.00681848180969585,0.0513013728731124,2.03906925451122E-18));
#7029=CARTESIAN_POINT('',(-0.00660100254070767,0.0509723989989847,6.06109277633433E-19));
#7030=CARTESIAN_POINT('',(-0.00611712249171223,0.0504821269801361,6.06109415852919E-19));
#7031=CARTESIAN_POINT('',(-0.00587717250684985,0.050302302144537,7.24000987057815E-20));
#7032=CARTESIAN_POINT('',(-0.00535216346130347,0.0500193565755273,7.24000388707339E-20));
#7033=CARTESIAN_POINT('',(-0.00507002630793992,0.0499178105592314,-1.49712742554953E-18));
#7034=CARTESIAN_POINT('',(-0.0047775741184714,0.0498595448737297,-1.49712742554953E-18));
#7035=CARTESIAN_POINT('',(-0.00477757414297613,0.0498595448338438,1.61190400599625E-10));
#7036=CARTESIAN_POINT('',(-0.00477757429416921,0.0498595444075515,0.000323098565034509));
#7037=CARTESIAN_POINT('',(-0.00477757444229382,0.0498595439969414,0.000646197011269389));
#7038=CARTESIAN_POINT('',(-0.00477757508025585,0.0498595422701502,0.00207870010844461));
#7039=CARTESIAN_POINT('',(-0.00477757543374412,0.0498595413143301,0.00318810467442381));
#7040=CARTESIAN_POINT('',(-0.00477757579741653,0.0498595403307448,0.00499088704655338));
#7041=CARTESIAN_POINT('',(-0.00477757588663089,0.0498595400893714,0.00568426487054875));
#7042=CARTESIAN_POINT('',(-0.00477757596908042,0.0498595398653717,0.00707102049566371));
#7043=CARTESIAN_POINT('',(-0.0047775759623153,0.0498595398827454,0.00776439829678336));
#7044=CARTESIAN_POINT('',(-0.00477757582693111,0.0498595402446541,0.00956718054995896));
#7045=CARTESIAN_POINT('',(-0.00477757562762688,0.0498595407792297,0.0106765849841736));
#7046=CARTESIAN_POINT('',(-0.0047775750296644,0.0498595423823091,0.0128573262877414));
#7047=CARTESIAN_POINT('',(-0.00477757461623161,0.0498595435034556,0.0139286630954098));
#7048=CARTESIAN_POINT('',(-0.00477757417572294,0.0498595447385917,0.0149999997341823));
#7049=CARTESIAN_POINT('',(-0.0146051832243094,0.0498595434922689,5.65950689667037E-19));
#7050=CARTESIAN_POINT('',(-0.0146051831331379,0.0498595435738483,0.0149999997159238));
#7051=CARTESIAN_POINT('',(-0.0146051857490711,0.0498595417205875,0.0140278143020091));
#7052=CARTESIAN_POINT('',(-0.0146051880393204,0.04985954005304,0.0130556286641277));
#7053=CARTESIAN_POINT('',(-0.014605190861323,0.0498595378304693,0.0111432501182575));
#7054=CARTESIAN_POINT('',(-0.0146051916818658,0.0498595371072847,0.0102030572390349));
#7055=CARTESIAN_POINT('',(-0.0146051922414963,0.0498595364967598,0.00867524381701652));
#7056=CARTESIAN_POINT('',(-0.0146051922707403,0.0498595363976756,0.00808762327170128));
#7057=CARTESIAN_POINT('',(-0.014605192001506,0.0498595364602164,0.00691238218430352));
#7058=CARTESIAN_POINT('',(-0.0146051917030278,0.0498595366218413,0.00632476164222106));
#7059=CARTESIAN_POINT('',(-0.0146051905584909,0.0498595373670031,0.00479694823701242));
#7060=CARTESIAN_POINT('',(-0.0146051894913378,0.0498595381455023,0.00385675537640978));
#7061=CARTESIAN_POINT('',(-0.0146051867670733,0.0498595403349502,0.00194437500886955));
#7062=CARTESIAN_POINT('',(-0.0146051850379283,0.0498595418613941,0.000972187532757065));
#7063=CARTESIAN_POINT('',(-0.0146051831813435,0.0498595435253068,2.65972938714564E-10));
#7064=CARTESIAN_POINT('',(-0.0146051832243094,0.0498595434922688,-3.78119147249015E-19));
#7065=CARTESIAN_POINT('',(-0.014222069393256,0.0499358776068123,-3.78119147249015E-19));
#7066=CARTESIAN_POINT('',(-0.0138575280892292,0.050086312576005,-3.10734316368802E-21));
#7067=CARTESIAN_POINT('',(-0.0132066284090294,0.0505184491570373,-3.10726477842288E-21));
#7068=CARTESIAN_POINT('',(-0.0129264929885668,0.0507960193076298,-1.05530875368903E-19));
#7069=CARTESIAN_POINT('',(-0.012540229135231,0.0513663672256393,-1.05530875368903E-19));
#7070=CARTESIAN_POINT('',(-0.0124107606581241,0.0516368232036705,3.29255705265833E-20));
#7071=CARTESIAN_POINT('',(-0.0122358594129801,0.0522069853369985,3.29254508581507E-20));
#7072=CARTESIAN_POINT('',(-0.0121914000000005,0.0525035184434379,-3.43617177270059E-19));
#7073=CARTESIAN_POINT('',(-0.0121914,0.0528017110422032,-3.43617237104275E-19));
#7074=CARTESIAN_POINT('',(-0.0246914,0.0453437,0.0));
#7075=CARTESIAN_POINT('',(-0.0246914,0.0453437,0.0));
#7076=VECTOR('',#8275,1.0);
#7077=CARTESIAN_POINT('',(-0.0245803,0.0454263,0.0));
#7078=CARTESIAN_POINT('',(-0.0246914,0.0453437,0.0));
#7079=VECTOR('',#8276,1.0);
#7080=CARTESIAN_POINT('',(-0.0242279,0.0456833,0.0));
#7081=CARTESIAN_POINT('',(-0.0245803,0.0454263,0.0));
#7082=CARTESIAN_POINT('',(-0.0244636,0.045513,0.0));
#7083=CARTESIAN_POINT('',(-0.0243461,0.0455987,0.0));
#7084=CARTESIAN_POINT('',(-0.0242279,0.0456833,0.0));
#7085=CARTESIAN_POINT('',(-0.0241152,0.0457638,0.0));
#7086=CARTESIAN_POINT('',(-0.0242279,0.0456833,0.0));
#7087=VECTOR('',#8277,1.0);
#7088=CARTESIAN_POINT('',(-0.0237248,0.0460344,0.0));
#7089=CARTESIAN_POINT('',(-0.0241152,0.0457638,0.0));
#7090=CARTESIAN_POINT('',(-0.0239861,0.0458553,0.0));
#7091=CARTESIAN_POINT('',(-0.0238558,0.0459454,0.0));
#7092=CARTESIAN_POINT('',(-0.0237248,0.0460344,0.0));
#7093=CARTESIAN_POINT('',(-0.0235961,0.046121,0.0));
#7094=CARTESIAN_POINT('',(-0.0237248,0.0460344,0.0));
#7095=VECTOR('',#8278,1.0);
#7096=CARTESIAN_POINT('',(-0.0232302,0.0463619,0.0));
#7097=CARTESIAN_POINT('',(-0.0235961,0.046121,0.0));
#7098=CARTESIAN_POINT('',(-0.0234748,0.0462023,0.0));
#7099=CARTESIAN_POINT('',(-0.0233529,0.0462827,0.0));
#7100=CARTESIAN_POINT('',(-0.0232302,0.0463619,0.0));
#7101=CARTESIAN_POINT('',(-0.0231093,0.0464395,0.0));
#7102=CARTESIAN_POINT('',(-0.0232302,0.0463619,0.0));
#7103=VECTOR('',#8279,1.0);
#7104=CARTESIAN_POINT('',(-0.0227235,0.0466804,0.0));
#7105=CARTESIAN_POINT('',(-0.0231093,0.0464395,0.0));
#7106=CARTESIAN_POINT('',(-0.0229816,0.0465209,0.0));
#7107=CARTESIAN_POINT('',(-0.0228529,0.0466012,0.0));
#7108=CARTESIAN_POINT('',(-0.0227235,0.0466804,0.0));
#7109=CARTESIAN_POINT('',(-0.0225849,0.0467646,0.0));
#7110=CARTESIAN_POINT('',(-0.0227235,0.0466804,0.0));
#7111=VECTOR('',#8280,1.0);
#7112=CARTESIAN_POINT('',(-0.022195,0.0469951,0.0));
#7113=CARTESIAN_POINT('',(-0.0225849,0.0467646,0.0));
#7114=CARTESIAN_POINT('',(-0.0224557,0.0468425,0.0));
#7115=CARTESIAN_POINT('',(-0.0223257,0.0469194,0.0));
#7116=CARTESIAN_POINT('',(-0.022195,0.0469951,0.0));
#7117=CARTESIAN_POINT('',(-0.022075,0.0470641,0.0));
#7118=CARTESIAN_POINT('',(-0.022195,0.0469951,0.0));
#7119=VECTOR('',#8281,1.0);
#7120=CARTESIAN_POINT('',(-0.0216682,0.0472915,0.0));
#7121=CARTESIAN_POINT('',(-0.022075,0.0470641,0.0));
#7122=CARTESIAN_POINT('',(-0.0219402,0.0471411,0.0));
#7123=CARTESIAN_POINT('',(-0.0218046,0.0472169,0.0));
#7124=CARTESIAN_POINT('',(-0.0216682,0.0472915,0.0));
#7125=CARTESIAN_POINT('',(-0.0215592,0.0473509,0.0));
#7126=CARTESIAN_POINT('',(-0.0216682,0.0472915,0.0));
#7127=VECTOR('',#8282,1.0);
#7128=CARTESIAN_POINT('',(-0.0211222,0.0475815,0.0));
#7129=CARTESIAN_POINT('',(-0.0215592,0.0473509,0.0));
#7130=CARTESIAN_POINT('',(-0.0214144,0.0474291,0.0));
#7131=CARTESIAN_POINT('',(-0.0212687,0.0475061,0.0));
#7132=CARTESIAN_POINT('',(-0.0211222,0.0475815,0.0));
#7133=CARTESIAN_POINT('',(-0.0210119,0.0476378,0.0));
#7134=CARTESIAN_POINT('',(-0.0211222,0.0475815,0.0));
#7135=VECTOR('',#8283,1.0);
#7136=CARTESIAN_POINT('',(-0.0205879,0.0478485,0.0));
#7137=CARTESIAN_POINT('',(-0.0210119,0.0476378,0.0));
#7138=CARTESIAN_POINT('',(-0.0208713,0.0477092,0.0));
#7139=CARTESIAN_POINT('',(-0.02073,0.0477796,0.0));
#7140=CARTESIAN_POINT('',(-0.0205879,0.0478485,0.0));
#7141=CARTESIAN_POINT('',(-0.020498,0.0478922,0.0));
#7142=CARTESIAN_POINT('',(-0.0205879,0.0478485,0.0));
#7143=VECTOR('',#8284,1.0);
#7144=CARTESIAN_POINT('',(-0.0200227,0.0481141,0.0));
#7145=CARTESIAN_POINT('',(-0.020498,0.0478922,0.0));
#7146=CARTESIAN_POINT('',(-0.0203405,0.0479678,0.0));
#7147=CARTESIAN_POINT('',(-0.020182,0.0480417,0.0));
#7148=CARTESIAN_POINT('',(-0.0200227,0.0481141,0.0));
#7149=CARTESIAN_POINT('',(-0.0199178,0.0481613,0.0));
#7150=CARTESIAN_POINT('',(-0.0200227,0.0481141,0.0));
#7151=VECTOR('',#8285,1.0);
#7152=CARTESIAN_POINT('',(-0.0194794,0.0483531,0.0));
#7153=CARTESIAN_POINT('',(-0.0199178,0.0481613,0.0));
#7154=CARTESIAN_POINT('',(-0.0197723,0.0482266,0.0));
#7155=CARTESIAN_POINT('',(-0.0196263,0.0482905,0.0));
#7156=CARTESIAN_POINT('',(-0.0194794,0.0483531,0.0));
#7157=CARTESIAN_POINT('',(-0.0193838,0.0483938,0.0));
#7158=CARTESIAN_POINT('',(-0.0194794,0.0483531,0.0));
#7159=VECTOR('',#8286,1.0);
#7160=CARTESIAN_POINT('',(-0.0188901,0.0485955,0.0));
#7161=CARTESIAN_POINT('',(-0.0193838,0.0483938,0.0));
#7162=CARTESIAN_POINT('',(-0.0192202,0.0484628,0.0));
#7163=CARTESIAN_POINT('',(-0.0190555,0.04853,0.0));
#7164=CARTESIAN_POINT('',(-0.0188901,0.0485955,0.0));
#7165=CARTESIAN_POINT('',(-0.0188071,0.0486279,0.0));
#7166=CARTESIAN_POINT('',(-0.0188901,0.0485955,0.0));
#7167=VECTOR('',#8287,1.0);
#7168=CARTESIAN_POINT('',(-0.0183367,0.0488068,0.0));
#7169=CARTESIAN_POINT('',(-0.0188071,0.0486279,0.0));
#7170=CARTESIAN_POINT('',(-0.018651,0.048689,0.0));
#7171=CARTESIAN_POINT('',(-0.0184942,0.0487488,0.0));
#7172=CARTESIAN_POINT('',(-0.0183367,0.0488068,0.0));
#7173=CARTESIAN_POINT('',(-0.018249,0.0488391,0.0));
#7174=CARTESIAN_POINT('',(-0.0183367,0.0488068,0.0));
#7175=VECTOR('',#8288,1.0);
#7176=CARTESIAN_POINT('',(-0.0177306,0.0490216,0.0));
#7177=CARTESIAN_POINT('',(-0.018249,0.0488391,0.0));
#7178=CARTESIAN_POINT('',(-0.0180772,0.0489018,0.0));
#7179=CARTESIAN_POINT('',(-0.0179043,0.0489626,0.0));
#7180=CARTESIAN_POINT('',(-0.0177306,0.0490216,0.0));
#7181=CARTESIAN_POINT('',(-0.0176708,0.0490416,0.0));
#7182=CARTESIAN_POINT('',(-0.0177306,0.0490216,0.0));
#7183=VECTOR('',#8289,1.0);
#7184=CARTESIAN_POINT('',(-0.017164,0.0492061,0.0));
#7185=CARTESIAN_POINT('',(-0.0176708,0.0490416,0.0));
#7186=CARTESIAN_POINT('',(-0.0175027,0.0490981,0.0));
#7187=CARTESIAN_POINT('',(-0.0173337,0.049153,0.0));
#7188=CARTESIAN_POINT('',(-0.017164,0.0492061,0.0));
#7189=CARTESIAN_POINT('',(-0.0170906,0.049229,0.0));
#7190=CARTESIAN_POINT('',(-0.017164,0.0492061,0.0));
#7191=VECTOR('',#8290,1.0);
#7192=CARTESIAN_POINT('',(-0.0165627,0.0493861,0.0));
#7193=CARTESIAN_POINT('',(-0.0170906,0.049229,0.0));
#7194=CARTESIAN_POINT('',(-0.0169154,0.0492833,0.0));
#7195=CARTESIAN_POINT('',(-0.0167395,0.0493356,0.0));
#7196=CARTESIAN_POINT('',(-0.0165627,0.0493861,0.0));
#7197=CARTESIAN_POINT('',(-0.0165057,0.0494023,0.0));
#7198=CARTESIAN_POINT('',(-0.0165627,0.0493861,0.0));
#7199=VECTOR('',#8291,1.0);
#7200=CARTESIAN_POINT('',(-0.0159754,0.0495457,0.0));
#7201=CARTESIAN_POINT('',(-0.0165057,0.0494023,0.0));
#7202=CARTESIAN_POINT('',(-0.0163297,0.0494521,0.0));
#7203=CARTESIAN_POINT('',(-0.0161529,0.0494997,0.0));
#7204=CARTESIAN_POINT('',(-0.0159754,0.0495457,0.0));
#7205=CARTESIAN_POINT('',(-0.0159026,0.0495645,0.0));
#7206=CARTESIAN_POINT('',(-0.0159754,0.0495457,0.0));
#7207=VECTOR('',#8292,1.0);
#7208=CARTESIAN_POINT('',(-0.0153608,0.0496967,0.0));
#7209=CARTESIAN_POINT('',(-0.0159026,0.0495645,0.0));
#7210=CARTESIAN_POINT('',(-0.0157227,0.0496105,0.0));
#7211=CARTESIAN_POINT('',(-0.0155422,0.0496547,0.0));
#7212=CARTESIAN_POINT('',(-0.0153608,0.0496967,0.0));
#7213=CARTESIAN_POINT('',(-0.0153264,0.0497048,0.0));
#7214=CARTESIAN_POINT('',(-0.0153608,0.0496967,0.0));
#7215=VECTOR('',#8293,1.0);
#7216=CARTESIAN_POINT('',(-0.014758,0.0498286,0.0));
#7217=CARTESIAN_POINT('',(-0.0153264,0.0497048,0.0));
#7218=CARTESIAN_POINT('',(-0.0151377,0.0497482,0.0));
#7219=CARTESIAN_POINT('',(-0.0149482,0.0497895,0.0));
#7220=CARTESIAN_POINT('',(-0.014758,0.0498286,0.0));
#7221=CARTESIAN_POINT('',(-0.0146955,0.0498413,0.0));
#7222=CARTESIAN_POINT('',(-0.014758,0.0498286,0.0));
#7223=VECTOR('',#8294,1.0);
#7224=CARTESIAN_POINT('',(-0.0146955143695838,0.0498413707465319,-5.91821056149801E-19));
#7225=CARTESIAN_POINT('',(-0.014510467741623,0.0498789562358708,-5.91821055645136E-19));
#7226=CARTESIAN_POINT('',(-0.0143275405688077,0.0499139160641803,4.7468973059624E-19));
#7227=CARTESIAN_POINT('',(-0.0141459526234254,0.0499465571853163,4.7468973059624E-19));
#7228=CARTESIAN_POINT('',(-0.0137278714332089,0.050021708863176,4.7468973059624E-19));
#7229=CARTESIAN_POINT('',(-0.0133168714150821,0.0500847057500856,-7.56098166488413E-19));
#7230=CARTESIAN_POINT('',(-0.012903650979111,0.0501378265461778,-7.56098166488413E-19));
#7231=CARTESIAN_POINT('',(-0.0126675374580091,0.0501681796873035,-7.56098166488413E-19));
#7232=CARTESIAN_POINT('',(-0.0124307059541815,0.050195271328502,-5.65028981019726E-19));
#7233=CARTESIAN_POINT('',(-0.0121913847380648,0.0502189335525459,-5.65028981019726E-19));
#7234=CARTESIAN_POINT('',(-0.0046873,0.0498413,0.0));
#7235=CARTESIAN_POINT('',(-0.0071914,0.050218950909937,-7.10309192364116E-19));
#7236=CARTESIAN_POINT('',(-0.00716914875817201,0.0502167396936367,-7.10309194918621E-19));
#7237=CARTESIAN_POINT('',(-0.0071469191903703,0.0502145004038867,4.8066999850808E-19));
#7238=CARTESIAN_POINT('',(-0.00712470988779436,0.0502122330349302,4.80669995953575E-19));
#7239=CARTESIAN_POINT('',(-0.0067001200879487,0.0501688862558888,4.8066994711742E-19));
#7240=CARTESIAN_POINT('',(-0.00628293270259122,0.0501154445944735,6.53957789085374E-19));
#7241=CARTESIAN_POINT('',(-0.00586339003700294,0.0500509680248727,6.53957789085374E-19));
#7242=CARTESIAN_POINT('',(-0.00547597769824104,0.0499914293398396,6.53957789085374E-19));
#7243=CARTESIAN_POINT('',(-0.00508656936555318,0.0499224796076087,-2.38534255904237E-19));
#7244=CARTESIAN_POINT('',(-0.00468728350481904,0.0498413812132475,-2.38534255904237E-19));
#7245=CARTESIAN_POINT('',(-0.0046248,0.0498286,0.0));
#7246=CARTESIAN_POINT('',(-0.0046873,0.0498413,0.0));
#7247=VECTOR('',#8295,1.0);
#7248=CARTESIAN_POINT('',(-0.0040564,0.0497048,0.0));
#7249=CARTESIAN_POINT('',(-0.0046248,0.0498286,0.0));
#7250=CARTESIAN_POINT('',(-0.0044345,0.0497895,0.0));
#7251=CARTESIAN_POINT('',(-0.0042451,0.0497482,0.0));
#7252=CARTESIAN_POINT('',(-0.0040564,0.0497048,0.0));
#7253=CARTESIAN_POINT('',(-0.004022,0.0496967,0.0));
#7254=CARTESIAN_POINT('',(-0.0040564,0.0497048,0.0));
#7255=VECTOR('',#8296,1.0);
#7256=CARTESIAN_POINT('',(-0.0034802,0.0495645,0.0));
#7257=CARTESIAN_POINT('',(-0.004022,0.0496967,0.0));
#7258=CARTESIAN_POINT('',(-0.0038406,0.0496546,0.0));
#7259=CARTESIAN_POINT('',(-0.00366,0.0496105,0.0));
#7260=CARTESIAN_POINT('',(-0.0034802,0.0495645,0.0));
#7261=CARTESIAN_POINT('',(-0.0034074,0.0495457,0.0));
#7262=CARTESIAN_POINT('',(-0.0034802,0.0495645,0.0));
#7263=VECTOR('',#8297,1.0);
#7264=CARTESIAN_POINT('',(-0.0028771,0.0494023,0.0));
#7265=CARTESIAN_POINT('',(-0.0034074,0.0495457,0.0));
#7266=CARTESIAN_POINT('',(-0.0032299,0.0494997,0.0));
#7267=CARTESIAN_POINT('',(-0.003053,0.0494521,0.0));
#7268=CARTESIAN_POINT('',(-0.0028771,0.0494023,0.0));
#7269=CARTESIAN_POINT('',(-0.0028201,0.0493861,0.0));
#7270=CARTESIAN_POINT('',(-0.0028771,0.0494023,0.0));
#7271=VECTOR('',#8298,1.0);
#7272=CARTESIAN_POINT('',(-0.0022922,0.049229,0.0));
#7273=CARTESIAN_POINT('',(-0.0028201,0.0493861,0.0));
#7274=CARTESIAN_POINT('',(-0.0026433,0.0493357,0.0));
#7275=CARTESIAN_POINT('',(-0.0024674,0.0492832,0.0));
#7276=CARTESIAN_POINT('',(-0.0022922,0.049229,0.0));
#7277=CARTESIAN_POINT('',(-0.0022188,0.0492061,0.0));
#7278=CARTESIAN_POINT('',(-0.0022922,0.049229,0.0));
#7279=VECTOR('',#8299,1.0);
#7280=CARTESIAN_POINT('',(-0.001712,0.0490416,0.0));
#7281=CARTESIAN_POINT('',(-0.0022188,0.0492061,0.0));
#7282=CARTESIAN_POINT('',(-0.002049,0.049153,0.0));
#7283=CARTESIAN_POINT('',(-0.0018801,0.0490982,0.0));
#7284=CARTESIAN_POINT('',(-0.001712,0.0490416,0.0));
#7285=CARTESIAN_POINT('',(-0.0016522,0.0490216,0.0));
#7286=CARTESIAN_POINT('',(-0.001712,0.0490416,0.0));
#7287=VECTOR('',#8300,1.0);
#7288=CARTESIAN_POINT('',(-0.0011338,0.0488391,0.0));
#7289=CARTESIAN_POINT('',(-0.0016522,0.0490216,0.0));
#7290=CARTESIAN_POINT('',(-0.0014786,0.0489627,0.0));
#7291=CARTESIAN_POINT('',(-0.0013057,0.0489017,0.0));
#7292=CARTESIAN_POINT('',(-0.0011338,0.0488391,0.0));
#7293=CARTESIAN_POINT('',(-0.0010461,0.0488068,0.0));
#7294=CARTESIAN_POINT('',(-0.0011338,0.0488391,0.0));
#7295=VECTOR('',#8301,1.0);
#7296=CARTESIAN_POINT('',(-0.0005757,0.0486279,0.0));
#7297=CARTESIAN_POINT('',(-0.0010461,0.0488068,0.0));
#7298=CARTESIAN_POINT('',(-0.0008886,0.0487487,0.0));
#7299=CARTESIAN_POINT('',(-0.0007317,0.0486891,0.0));
#7300=CARTESIAN_POINT('',(-0.0005757,0.0486279,0.0));
#7301=CARTESIAN_POINT('',(-0.0004927,0.0485955,0.0));
#7302=CARTESIAN_POINT('',(-0.0005757,0.0486279,0.0));
#7303=VECTOR('',#8302,1.0);
#7304=CARTESIAN_POINT('',(1.0E-06,0.0483938,0.0));
#7305=CARTESIAN_POINT('',(-0.0004927,0.0485955,0.0));
#7306=CARTESIAN_POINT('',(-0.0003272,0.04853,0.0));
#7307=CARTESIAN_POINT('',(-0.0001627,0.0484627,0.0));
#7308=CARTESIAN_POINT('',(1.0E-06,0.0483938,0.0));
#7309=CARTESIAN_POINT('',(9.66E-05,0.0483531,0.0));
#7310=CARTESIAN_POINT('',(1.0E-06,0.0483938,0.0));
#7311=VECTOR('',#8303,1.0);
#7312=CARTESIAN_POINT('',(0.000535,0.0481613,0.0));
#7313=CARTESIAN_POINT('',(9.66E-05,0.0483531,0.0));
#7314=CARTESIAN_POINT('',(0.0002434,0.0482904,0.0));
#7315=CARTESIAN_POINT('',(0.0003896,0.0482265,0.0));
#7316=CARTESIAN_POINT('',(0.000535,0.0481613,0.0));
#7317=CARTESIAN_POINT('',(0.0006399,0.0481141,0.0));
#7318=CARTESIAN_POINT('',(0.000535,0.0481613,0.0));
#7319=VECTOR('',#8304,1.0);
#7320=CARTESIAN_POINT('',(0.0011152,0.0478922,0.0));
#7321=CARTESIAN_POINT('',(0.0006399,0.0481141,0.0));
#7322=CARTESIAN_POINT('',(0.0007992,0.0480417,0.0));
#7323=CARTESIAN_POINT('',(0.0009577,0.0479678,0.0));
#7324=CARTESIAN_POINT('',(0.0011152,0.0478922,0.0));
#7325=CARTESIAN_POINT('',(0.0012051,0.0478485,0.0));
#7326=CARTESIAN_POINT('',(0.0011152,0.0478922,0.0));
#7327=VECTOR('',#8305,1.0);
#7328=CARTESIAN_POINT('',(0.0016291,0.0476378,0.0));
#7329=CARTESIAN_POINT('',(0.0012051,0.0478485,0.0));
#7330=CARTESIAN_POINT('',(0.0013472,0.0477795,0.0));
#7331=CARTESIAN_POINT('',(0.0014886,0.0477093,0.0));
#7332=CARTESIAN_POINT('',(0.0016291,0.0476378,0.0));
#7333=CARTESIAN_POINT('',(0.0017394,0.0475815,0.0));
#7334=CARTESIAN_POINT('',(0.0016291,0.0476378,0.0));
#7335=VECTOR('',#8306,1.0);
#7336=CARTESIAN_POINT('',(0.0021764,0.0473509,0.0));
#7337=CARTESIAN_POINT('',(0.0017394,0.0475815,0.0));
#7338=CARTESIAN_POINT('',(0.0018859,0.0475061,0.0));
#7339=CARTESIAN_POINT('',(0.0020316,0.0474292,0.0));
#7340=CARTESIAN_POINT('',(0.0021764,0.0473509,0.0));
#7341=CARTESIAN_POINT('',(0.0022854,0.0472915,0.0));
#7342=CARTESIAN_POINT('',(0.0021764,0.0473509,0.0));
#7343=VECTOR('',#8307,1.0);
#7344=CARTESIAN_POINT('',(0.0026922,0.0470641,0.0));
#7345=CARTESIAN_POINT('',(0.0022854,0.0472915,0.0));
#7346=CARTESIAN_POINT('',(0.0024218,0.0472169,0.0));
#7347=CARTESIAN_POINT('',(0.0025574,0.0471411,0.0));
#7348=CARTESIAN_POINT('',(0.0026922,0.0470641,0.0));
#7349=CARTESIAN_POINT('',(0.0028122,0.0469951,0.0));
#7350=CARTESIAN_POINT('',(0.0026922,0.0470641,0.0));
#7351=VECTOR('',#8308,1.0);
#7352=CARTESIAN_POINT('',(0.0032021,0.0467646,0.0));
#7353=CARTESIAN_POINT('',(0.0028122,0.0469951,0.0));
#7354=CARTESIAN_POINT('',(0.0029429,0.0469194,0.0));
#7355=CARTESIAN_POINT('',(0.0030729,0.0468425,0.0));
#7356=CARTESIAN_POINT('',(0.0032021,0.0467646,0.0));
#7357=CARTESIAN_POINT('',(0.0033407,0.0466804,0.0));
#7358=CARTESIAN_POINT('',(0.0032021,0.0467646,0.0));
#7359=VECTOR('',#8309,1.0);
#7360=CARTESIAN_POINT('',(0.0037265,0.0464395,0.0));
#7361=CARTESIAN_POINT('',(0.0033407,0.0466804,0.0));
#7362=CARTESIAN_POINT('',(0.00347,0.0466012,0.0));
#7363=CARTESIAN_POINT('',(0.0035987,0.046521,0.0));
#7364=CARTESIAN_POINT('',(0.0037265,0.0464395,0.0));
#7365=CARTESIAN_POINT('',(0.0038474,0.0463619,0.0));
#7366=CARTESIAN_POINT('',(0.0037265,0.0464395,0.0));
#7367=VECTOR('',#8310,1.0);
#7368=CARTESIAN_POINT('',(0.0042133,0.046121,0.0));
#7369=CARTESIAN_POINT('',(0.0038474,0.0463619,0.0));
#7370=CARTESIAN_POINT('',(0.00397,0.0462826,0.0));
#7371=CARTESIAN_POINT('',(0.0040921,0.0462023,0.0));
#7372=CARTESIAN_POINT('',(0.0042133,0.046121,0.0));
#7373=CARTESIAN_POINT('',(0.004342,0.0460344,0.0));
#7374=CARTESIAN_POINT('',(0.0042133,0.046121,0.0));
#7375=VECTOR('',#8311,1.0);
#7376=CARTESIAN_POINT('',(0.0047324,0.0457638,0.0));
#7377=CARTESIAN_POINT('',(0.004342,0.0460344,0.0));
#7378=CARTESIAN_POINT('',(0.004473,0.0459454,0.0));
#7379=CARTESIAN_POINT('',(0.0046032,0.0458552,0.0));
#7380=CARTESIAN_POINT('',(0.0047324,0.0457638,0.0));
#7381=CARTESIAN_POINT('',(0.0048451,0.0456833,0.0));
#7382=CARTESIAN_POINT('',(0.0047324,0.0457638,0.0));
#7383=VECTOR('',#8312,1.0);
#7384=CARTESIAN_POINT('',(0.0051975,0.0454263,0.0));
#7385=CARTESIAN_POINT('',(0.0048451,0.0456833,0.0));
#7386=CARTESIAN_POINT('',(0.0049633,0.0455986,0.0));
#7387=CARTESIAN_POINT('',(0.0050808,0.045513,0.0));
#7388=CARTESIAN_POINT('',(0.0051975,0.0454263,0.0));
#7389=CARTESIAN_POINT('',(0.0053086,0.0453437,0.0));
#7390=CARTESIAN_POINT('',(0.0051975,0.0454263,0.0));
#7391=VECTOR('',#8313,1.0);
#7392=CARTESIAN_POINT('',(0.0053086,0.0453437,0.0));
#7393=VECTOR('',#8314,1.0);
#7394=CARTESIAN_POINT('',(-0.0187286950508358,0.0654843000000001,0.00749999999999995));
#7395=CARTESIAN_POINT('',(-0.0187285341043115,0.0654843347175285,0.0078420879920616));
#7396=CARTESIAN_POINT('',(-0.0187138381219166,0.0654303616579574,0.0081817585308992));
#7397=CARTESIAN_POINT('',(-0.0186538525738211,0.0651945301268022,0.00890533095751368));
#7398=CARTESIAN_POINT('',(-0.0186035295644698,0.0649894297204361,0.00927346790411564));
#7399=CARTESIAN_POINT('',(-0.0184932045458232,0.0644431088863029,0.0099229069986616));
#7400=CARTESIAN_POINT('',(-0.0184343010916219,0.0641011855080384,0.0101954151673536));
#7401=CARTESIAN_POINT('',(-0.0183488589775163,0.0633775099315627,0.0105658580659211));
#7402=CARTESIAN_POINT('',(-0.0183200035833115,0.0630115145389161,0.0106786598507647));
#7403=CARTESIAN_POINT('',(-0.0182993915406112,0.0623539036412282,0.0107599534083428));
#7404=CARTESIAN_POINT('',(-0.0182998760122238,0.0620716486300257,0.0107580868869434));
#7405=CARTESIAN_POINT('',(-0.0183191820638601,0.0615153745427036,0.0106818528051829));
#7406=CARTESIAN_POINT('',(-0.0183378494180492,0.0612444601994971,0.0106081635964115));
#7407=CARTESIAN_POINT('',(-0.0183997920025681,0.0606196068897208,0.0103483786052082));
#7408=CARTESIAN_POINT('',(-0.0184496504653931,0.0602846057216174,0.0101301529111399));
#7409=CARTESIAN_POINT('',(-0.0185578252004076,0.0596860083234731,0.00956231637773472));
#7410=CARTESIAN_POINT('',(-0.0186152272317699,0.0594354628548777,0.00920730820406857));
#7411=CARTESIAN_POINT('',(-0.0186988427286256,0.0590928539869012,0.00843148651203215));
#7412=CARTESIAN_POINT('',(-0.0187247791894635,0.0589990082492405,0.0080206474789313));
#7413=CARTESIAN_POINT('',(-0.0187285858894571,0.0589848296248083,0.00756778025136478));
#7414=CARTESIAN_POINT('',(-0.0187287281973817,0.0589842999999862,0.00753387543086227));
#7415=CARTESIAN_POINT('',(-0.018728728197378,0.0589843000000002,0.00749999999865595));
#7416=CARTESIAN_POINT('',(0.0069866,0.0502821,0.0));
#7417=CARTESIAN_POINT('',(0.0069866,0.0502821,0.0));
#7418=VECTOR('',#8315,1.0);
#7419=CARTESIAN_POINT('',(0.0069866,0.0502821,0.0));
#7420=CARTESIAN_POINT('',(0.0053278,0.051409,0.0));
#7421=CARTESIAN_POINT('',(0.0053553,0.0512972,0.0));
#7422=CARTESIAN_POINT('',(0.0053086,0.0533967,0.0));
#7423=CARTESIAN_POINT('',(-0.0246914,0.0513283,0.0));
#7424=CARTESIAN_POINT('',(-0.0246914,0.0513285,0.0));
#7425=VECTOR('',#8316,1.0);
#7426=CARTESIAN_POINT('',(-0.0246914,0.0513281,0.0));
#7427=CARTESIAN_POINT('',(-0.0336581,0.0461408,0.0));
#7428=CARTESIAN_POINT('',(-0.0396914,0.0364466,0.0));
#7429=CARTESIAN_POINT('',(-0.0396914,0.0253426,0.0));
#7430=CARTESIAN_POINT('',(-0.0396914,0.0087741,0.0));
#7431=CARTESIAN_POINT('',(-0.0262599,-0.0046574,0.0));
#7432=CARTESIAN_POINT('',(-0.0096914,-0.0046574,0.0));
#7433=CARTESIAN_POINT('',(0.0068771,-0.0046574,0.0));
#7434=CARTESIAN_POINT('',(0.0203086,0.0087741,0.0));
#7435=CARTESIAN_POINT('',(0.0203086,0.0253426,0.0));
#7436=CARTESIAN_POINT('',(0.0203086,0.0357389,0.0));
#7437=CARTESIAN_POINT('',(0.0150199,0.0448994,0.0));
#7438=CARTESIAN_POINT('',(0.0069866,0.0502821,0.0));
#7439=CARTESIAN_POINT('',(-0.021289,0.0703426,0.0));
#7440=VECTOR('',#8317,1.0);
#7441=CARTESIAN_POINT('',(-0.021289,0.0703426,0.0));
#7442=CARTESIAN_POINT('',(-0.0194265,0.0681599,0.0));
#7443=CARTESIAN_POINT('',(-0.0183019,0.0653286,0.0));
#7444=CARTESIAN_POINT('',(-0.0183019,0.0622343,0.0));
#7445=CARTESIAN_POINT('',(-0.0183019,0.0575505,0.0));
#7446=CARTESIAN_POINT('',(-0.0208788,0.0534694,0.0));
#7447=CARTESIAN_POINT('',(-0.0246914,0.0513285,0.0));
#7448=CARTESIAN_POINT('',(0.0053086,0.0453437,0.0));
#7449=CARTESIAN_POINT('',(0.0113806,0.0407826,0.0));
#7450=CARTESIAN_POINT('',(0.0153086,0.0335215,0.0));
#7451=CARTESIAN_POINT('',(0.0153086,0.0253426,0.0));
#7452=CARTESIAN_POINT('',(0.0153086,0.0115355,0.0));
#7453=CARTESIAN_POINT('',(0.0041157,0.0003426,0.0));
#7454=CARTESIAN_POINT('',(-0.0096914,0.0003426,0.0));
#7455=CARTESIAN_POINT('',(-0.0234985,0.0003426,0.0));
#7456=CARTESIAN_POINT('',(-0.0346914,0.0115355,0.0));
#7457=CARTESIAN_POINT('',(-0.0346914,0.0253426,0.0));
#7458=CARTESIAN_POINT('',(-0.0346914,0.0335216,0.0));
#7459=CARTESIAN_POINT('',(-0.0307637,0.0407829,0.0));
#7460=CARTESIAN_POINT('',(-0.0246914,0.0453437,0.0));
#7461=CARTESIAN_POINT('',(0.0078386,0.0540786097242769,0.0051052732668478));
#7462=CARTESIAN_POINT('',(0.0268386,0.0540786097242769,0.0051052732668478));
#7463=CARTESIAN_POINT('',(0.0078386,0.0540786097242769,0.0051052732668478));
#7464=VECTOR('',#8318,1.0);
#7465=CARTESIAN_POINT('',(0.0078386,0.0531687218232959,0.00327918345316162));
#7466=AXIS2_PLACEMENT_3D('',#8319,#8320,#8321);
#7467=CARTESIAN_POINT('',(0.0268386,0.0531687218232959,0.00327918345316162));
#7468=CARTESIAN_POINT('',(0.0078386,0.0531687218232959,0.00327918345316162));
#7469=VECTOR('',#8322,1.0);
#7470=AXIS2_PLACEMENT_3D('',#8323,#8324,#8325);
#7471=CARTESIAN_POINT('',(0.0078386,0.0566679837614652,0.00107612861798876));
#7472=CARTESIAN_POINT('',(0.0268386,0.0566679837614652,0.00107612861798876));
#7473=CARTESIAN_POINT('',(0.0078386,0.0566679837614652,0.00107612861798876));
#7474=VECTOR('',#8326,1.0);
#7475=CARTESIAN_POINT('',(0.0078386,0.0568897960399032,-0.000951998427621094));
#7476=AXIS2_PLACEMENT_3D('',#8327,#8328,#8329);
#7477=CARTESIAN_POINT('',(0.0268386,0.0568897960399032,-0.000951998427621094));
#7478=CARTESIAN_POINT('',(0.0078386,0.0568897960399032,-0.000951998427621094));
#7479=VECTOR('',#8330,1.0);
#7480=AXIS2_PLACEMENT_3D('',#8331,#8332,#8333);
#7481=CARTESIAN_POINT('',(0.0078386,0.0610246238746772,-0.000913482255987975));
#7482=CARTESIAN_POINT('',(0.0268386,0.0610246238746772,-0.000913482255987975));
#7483=CARTESIAN_POINT('',(0.0078386,0.0610246238746772,-0.000913482255987975));
#7484=VECTOR('',#8334,1.0);
#7485=CARTESIAN_POINT('',(0.0078386,0.0623077125013808,-0.00249973052660131));
#7486=AXIS2_PLACEMENT_3D('',#8335,#8336,#8337);
#7487=CARTESIAN_POINT('',(0.0268386,0.0623077125013808,-0.00249973052660131));
#7488=CARTESIAN_POINT('',(0.0078386,0.0623077125013808,-0.00249973052660131));
#7489=VECTOR('',#8338,1.0);
#7490=AXIS2_PLACEMENT_3D('',#8339,#8340,#8341);
#7491=CARTESIAN_POINT('',(0.0078386,0.0657653276105161,-0.00023187196051346));
#7492=CARTESIAN_POINT('',(0.0268386,0.0657653276105161,-0.000231871960513461));
#7493=CARTESIAN_POINT('',(0.0078386,0.0657653276105161,-0.00023187196051346));
#7494=VECTOR('',#8342,1.0);
#7495=CARTESIAN_POINT('',(0.0078386,0.067702321012378,-0.000872618838105237));
#7496=AXIS2_PLACEMENT_3D('',#8343,#8344,#8345);
#7497=CARTESIAN_POINT('',(0.0268386,0.067702321012378,-0.000872618838105237));
#7498=CARTESIAN_POINT('',(0.0078386,0.067702321012378,-0.000872618838105237));
#7499=VECTOR('',#8346,1.0);
#7500=CARTESIAN_POINT('',(0.0268386,0.066388450130019,-9.63199535452379E-05));
#7501=AXIS2_PLACEMENT_3D('',#8347,#8348,#8349);
#7502=AXIS2_PLACEMENT_3D('',#8350,#8351,#8352);
#7503=CARTESIAN_POINT('',(0.0078386,0.0693849550290652,0.00290455305162738));
#7504=CARTESIAN_POINT('',(0.0268386,0.0693849550290652,0.00290455305162738));
#7505=CARTESIAN_POINT('',(0.0078386,0.0693849550290652,0.00290455305162738));
#7506=VECTOR('',#8353,1.0);
#7507=CARTESIAN_POINT('',(0.0078386,0.0713608714871355,0.00341274017339143));
#7508=AXIS2_PLACEMENT_3D('',#8354,#8355,#8356);
#7509=CARTESIAN_POINT('',(0.0268386,0.0713608714871355,0.00341274017339143));
#7510=CARTESIAN_POINT('',(0.0078386,0.0713608714871355,0.00341274017339143));
#7511=VECTOR('',#8357,1.0);
#7512=CARTESIAN_POINT('',(0.0268386,0.0706468353283119,0.00359359182544398));
#7513=AXIS2_PLACEMENT_3D('',#8358,#8359,#8360);
#7514=AXIS2_PLACEMENT_3D('',#8361,#8362,#8363);
#7515=CARTESIAN_POINT('',(0.0078386,0.0707343000000001,0.00749999999999995));
#7516=CARTESIAN_POINT('',(0.0268386,0.0707343000000001,0.00749999999999995));
#7517=CARTESIAN_POINT('',(0.0173386,0.0707343000000001,0.00749999999999995));
#7518=VECTOR('',#8364,1.0);
#7519=CARTESIAN_POINT('',(0.0078386,0.0721218000000001,0.00899577530063838));
#7520=AXIS2_PLACEMENT_3D('',#8365,#8366,#8367);
#7521=CARTESIAN_POINT('',(0.0268386,0.0721218000000001,0.00899577530063838));
#7522=CARTESIAN_POINT('',(0.0078386,0.0721218000000001,0.00899577530063838));
#7523=VECTOR('',#8368,1.0);
#7524=AXIS2_PLACEMENT_3D('',#8369,#8370,#8371);
#7525=CARTESIAN_POINT('',(0.0078386,0.0693849550290652,0.0120954469483725));
#7526=CARTESIAN_POINT('',(0.0268386,0.0693849550290652,0.0120954469483725));
#7527=CARTESIAN_POINT('',(0.0078386,0.0693849550290652,0.0120954469483725));
#7528=VECTOR('',#8372,1.0);
#7529=CARTESIAN_POINT('',(0.0078386,0.0697435171246014,0.0141039123385759));
#7530=AXIS2_PLACEMENT_3D('',#8373,#8374,#8375);
#7531=CARTESIAN_POINT('',(0.0268386,0.0697435171246014,0.0141039123385759));
#7532=CARTESIAN_POINT('',(0.0078386,0.0697435171246014,0.0141039123385759));
#7533=VECTOR('',#8376,1.0);
#7534=AXIS2_PLACEMENT_3D('',#8377,#8378,#8379);
#7535=CARTESIAN_POINT('',(0.0078386,0.0657653276105161,0.0152318719605134));
#7536=CARTESIAN_POINT('',(0.0268386,0.0657653276105161,0.0152318719605134));
#7537=CARTESIAN_POINT('',(0.0078386,0.0657653276105161,0.0152318719605134));
#7538=VECTOR('',#8380,1.0);
#7539=CARTESIAN_POINT('',(0.0078386,0.0649811108697345,0.0171153538700304));
#7540=AXIS2_PLACEMENT_3D('',#8381,#8382,#8383);
#7541=CARTESIAN_POINT('',(0.0268386,0.0649811108697345,0.0171153538700304));
#7542=CARTESIAN_POINT('',(0.0078386,0.0649811108697345,0.0171153538700304));
#7543=VECTOR('',#8384,1.0);
#7544=AXIS2_PLACEMENT_3D('',#8385,#8386,#8387);
#7545=CARTESIAN_POINT('',(0.0078386,0.0610246238746772,0.0159134822559879));
#7546=CARTESIAN_POINT('',(0.0268386,0.0610246238746772,0.0159134822559879));
#7547=CARTESIAN_POINT('',(0.0078386,0.0610246238746772,0.0159134822559879));
#7548=VECTOR('',#8388,1.0);
#7549=CARTESIAN_POINT('',(0.0078386,0.0593466115717652,0.0170739884865941));
#7550=AXIS2_PLACEMENT_3D('',#8389,#8390,#8391);
#7551=CARTESIAN_POINT('',(0.0268386,0.0593466115717652,0.0170739884865941));
#7552=CARTESIAN_POINT('',(0.0078386,0.0593466115717652,0.0170739884865941));
#7553=VECTOR('',#8392,1.0);
#7554=CARTESIAN_POINT('',(0.0268386,0.0608111516172673,0.0158982144188093));
#7555=AXIS2_PLACEMENT_3D('',#8393,#8394,#8395);
#7556=AXIS2_PLACEMENT_3D('',#8396,#8397,#8398);
#7557=CARTESIAN_POINT('',(0.0078386,0.0566679837614652,0.0139238713820111));
#7558=CARTESIAN_POINT('',(0.0268386,0.0566679837614652,0.0139238713820111));
#7559=CARTESIAN_POINT('',(0.0078386,0.0566679837614652,0.0139238713820111));
#7560=VECTOR('',#8399,1.0);
#7561=CARTESIAN_POINT('',(0.0078386,0.054628932946329,0.0139929494052344));
#7562=AXIS2_PLACEMENT_3D('',#8400,#8401,#8402);
#7563=CARTESIAN_POINT('',(0.0268386,0.054628932946329,0.0139929494052344));
#7564=CARTESIAN_POINT('',(0.0078386,0.054628932946329,0.0139929494052344));
#7565=VECTOR('',#8403,1.0);
#7566=CARTESIAN_POINT('',(0.0268386,0.0556856926605473,0.0135574957435425));
#7567=AXIS2_PLACEMENT_3D('',#8404,#8405,#8406);
#7568=AXIS2_PLACEMENT_3D('',#8407,#8408,#8409);
#7569=CARTESIAN_POINT('',(0.0078386,0.0540786097242769,0.0098947267331521));
#7570=CARTESIAN_POINT('',(0.0268386,0.0540786097242769,0.0098947267331521));
#7571=CARTESIAN_POINT('',(0.0078386,0.0540786097242769,0.0098947267331521));
#7572=VECTOR('',#8410,1.0);
#7573=CARTESIAN_POINT('',(0.0078386,0.0523259046234777,0.0088504447647009));
#7574=AXIS2_PLACEMENT_3D('',#8411,#8412,#8413);
#7575=CARTESIAN_POINT('',(0.0268386,0.0523259046234777,0.0088504447647009));
#7576=CARTESIAN_POINT('',(0.0078386,0.0523259046234777,0.0088504447647009));
#7577=VECTOR('',#8414,1.0);
#7578=CARTESIAN_POINT('',(0.0268386,0.0526393702638552,0.00881732556841424));
#7579=AXIS2_PLACEMENT_3D('',#8415,#8416,#8417);
#7580=AXIS2_PLACEMENT_3D('',#8418,#8419,#8420);
#7581=CARTESIAN_POINT('',(0.0278386,0.0706468353283119,0.0104064081745559));
#7582=CARTESIAN_POINT('',(0.0268386,0.0706468353283119,0.0114064081745559));
#7583=AXIS2_PLACEMENT_3D('',#8421,#8422,#8423);
#7584=CARTESIAN_POINT('',(0.0278386,0.0707513466108115,0.0104085936514517));
#7585=AXIS2_PLACEMENT_3D('',#8424,#8425,#8426);
#7586=CARTESIAN_POINT('',(0.0268386,0.0713608714871355,0.0115872598266085));
#7587=CARTESIAN_POINT('',(0.0268386,0.0713608714871355,0.0115872598266085));
#7588=CARTESIAN_POINT('',(0.026928715219593,0.0713608714871355,0.0115872598266085));
#7589=CARTESIAN_POINT('',(0.027016495141124,0.0713552208057713,0.0115702616021377));
#7590=CARTESIAN_POINT('',(0.0271963906926106,0.0713315010640265,0.0115034028803524));
#7591=CARTESIAN_POINT('',(0.0272866634749341,0.0713117328411359,0.0114493654256347));
#7592=CARTESIAN_POINT('',(0.0274726974436555,0.0712502886884797,0.0112975632942385));
#7593=CARTESIAN_POINT('',(0.0275654754833581,0.0712034197600613,0.0111904345122604));
#7594=CARTESIAN_POINT('',(0.0277031834060579,0.0710928436022148,0.0109689193459313));
#7595=CARTESIAN_POINT('',(0.0277530443312703,0.0710338772367417,0.0108598676739277));
#7596=CARTESIAN_POINT('',(0.0278206029857917,0.0709012782701556,0.0106355552593551));
#7597=CARTESIAN_POINT('',(0.0278381144939204,0.0708295904737315,0.0105231806096151));
#7598=CARTESIAN_POINT('',(0.0278385966847963,0.0707534416383969,0.0104116576902331));
#7599=CARTESIAN_POINT('',(0.0278386,0.0707523944507596,0.0104101254476958));
#7600=CARTESIAN_POINT('',(0.0278386,0.0707513466108115,0.0104085936514517));
#7601=AXIS2_PLACEMENT_3D('',#8427,#8428,#8429);
#7602=CARTESIAN_POINT('',(0.0278386,0.066388450130019,0.0140963199535451));
#7603=CARTESIAN_POINT('',(0.0268386,0.066388450130019,0.0150963199535451));
#7604=AXIS2_PLACEMENT_3D('',#8430,#8431,#8432);
#7605=CARTESIAN_POINT('',(0.0278386,0.067826791101266,0.0145515277268306));
#7606=AXIS2_PLACEMENT_3D('',#8433,#8434,#8435);
#7607=CARTESIAN_POINT('',(0.0268386,0.067702321012378,0.0158726188381051));
#7608=CARTESIAN_POINT('',(0.0278386,0.067826791101266,0.0145515277268306));
#7609=CARTESIAN_POINT('',(0.0278386,0.067826842661361,0.0145533207052345));
#7610=CARTESIAN_POINT('',(0.0278385969032241,0.0678268934834686,0.0145551137050206));
#7611=CARTESIAN_POINT('',(0.0278381199302114,0.0678307524022499,0.0146932675287651));
#7612=CARTESIAN_POINT('',(0.0278197770820318,0.0678301910776961,0.0148298046536856));
#7613=CARTESIAN_POINT('',(0.0277494680791256,0.0678198786162514,0.0150943427302625));
#7614=CARTESIAN_POINT('',(0.0276981625491806,0.0678101791180186,0.0152188246846577));
#7615=CARTESIAN_POINT('',(0.0275589611814267,0.0677831233474914,0.0154623005559053));
#7616=CARTESIAN_POINT('',(0.0274669394841582,0.0677648744033931,0.015575110146186));
#7617=CARTESIAN_POINT('',(0.0272830109262568,0.0677350207156379,0.0157323742884356));
#7618=CARTESIAN_POINT('',(0.027193985654399,0.0677227031036059,0.015787263450591));
#7619=CARTESIAN_POINT('',(0.0270157953429202,0.0677067210307865,0.0158554032839574));
#7620=CARTESIAN_POINT('',(0.0269283525587515,0.067702321012378,0.0158726188381051));
#7621=CARTESIAN_POINT('',(0.0268386,0.067702321012378,0.0158726188381051));
#7622=AXIS2_PLACEMENT_3D('',#8436,#8437,#8438);
#7623=CARTESIAN_POINT('',(0.0278386,0.0608111516172673,0.0148982144188093));
#7624=AXIS2_PLACEMENT_3D('',#8439,#8440,#8441);
#7625=CARTESIAN_POINT('',(0.0278386,0.0631266591817225,0.0164556515726548));
#7626=AXIS2_PLACEMENT_3D('',#8442,#8443,#8444);
#7627=CARTESIAN_POINT('',(0.0268386,0.0623077125013808,0.0174997305266012));
#7628=CARTESIAN_POINT('',(0.0278386,0.0631266591817225,0.0164556515726548));
#7629=CARTESIAN_POINT('',(0.0278386,0.0631257331995245,0.0164571877975634));
#7630=CARTESIAN_POINT('',(0.0278385969032241,0.0631248065849322,0.0164587236414733));
#7631=CARTESIAN_POINT('',(0.0278381199302114,0.0630533613177861,0.0165770323227772));
#7632=CARTESIAN_POINT('',(0.0278197770820318,0.0629790715586919,0.0166915911865135));
#7633=CARTESIAN_POINT('',(0.0277494680791256,0.0628273760821006,0.0169085594404168));
#7634=CARTESIAN_POINT('',(0.0276981625491806,0.0627519163193629,0.017008036379672));
#7635=CARTESIAN_POINT('',(0.0275589611814267,0.0625975225627615,0.0171982338626234));
#7636=CARTESIAN_POINT('',(0.0274669394841582,0.0625211811049622,0.0172832692049293));
#7637=CARTESIAN_POINT('',(0.027283010926256,0.0624110431702472,0.0173994280980329));
#7638=CARTESIAN_POINT('',(0.027193985654398,0.0623710056141124,0.0174389443957719));
#7639=CARTESIAN_POINT('',(0.0270157953429203,0.0623207214636789,0.0174876267104039));
#7640=CARTESIAN_POINT('',(0.0269283525587515,0.0623077125013808,0.0174997305266012));
#7641=CARTESIAN_POINT('',(0.0268386,0.0623077125013808,0.0174997305266012));
#7642=AXIS2_PLACEMENT_3D('',#8445,#8446,#8447);
#7643=CARTESIAN_POINT('',(0.0278386,0.0556856926605473,0.0125574957435425));
#7644=AXIS2_PLACEMENT_3D('',#8448,#8449,#8450);
#7645=CARTESIAN_POINT('',(0.0278386,0.0581432095270907,0.0155164193217714));
#7646=AXIS2_PLACEMENT_3D('',#8451,#8452,#8453);
#7647=CARTESIAN_POINT('',(0.0268386,0.0568897960399032,0.015951998427621));
#7648=CARTESIAN_POINT('',(0.0278386,0.0581432095270907,0.0155164193217714));
#7649=CARTESIAN_POINT('',(0.0278386,0.0581415999954052,0.0155172110526304));
#7650=CARTESIAN_POINT('',(0.0278385969032241,0.0581399901376985,0.015518002121075));
#7651=CARTESIAN_POINT('',(0.0278381199302114,0.0580159240521393,0.0155789034895513));
#7652=CARTESIAN_POINT('',(0.0278197770820328,0.057891492332111,0.0156351124623017));
#7653=CARTESIAN_POINT('',(0.0277494680791254,0.0576465760823576,0.0157356250059433));
#7654=CARTESIAN_POINT('',(0.0276981625491802,0.057529313996611,0.0157785137047153));
#7655=CARTESIAN_POINT('',(0.027558961181427,0.0572966011807633,0.0158550464424044));
#7656=CARTESIAN_POINT('',(0.0274669394841586,0.0571864050827111,0.0158853094163845));
#7657=CARTESIAN_POINT('',(0.0272830109262559,0.0570309509171107,0.0159234834325205));
#7658=CARTESIAN_POINT('',(0.0271939856543979,0.056975905058054,0.0159350807205202));
#7659=CARTESIAN_POINT('',(0.0270157953429203,0.0569072836924781,0.0159488492254954));
#7660=CARTESIAN_POINT('',(0.0269283525587515,0.0568897960399032,0.015951998427621));
#7661=CARTESIAN_POINT('',(0.0268386,0.0568897960399032,0.015951998427621));
#7662=AXIS2_PLACEMENT_3D('',#8454,#8455,#8456);
#7663=CARTESIAN_POINT('',(0.0276045893014016,0.0526393702638654,0.00846017888771681));
#7664=AXIS2_PLACEMENT_3D('',#8457,#8458,#8459);
#7665=CARTESIAN_POINT('',(0.0278386,0.0532428080947431,0.00789124585326612));
#7666=CARTESIAN_POINT('',(0.0278386,0.0532428080947431,0.00789124585326612));
#7667=CARTESIAN_POINT('',(0.0278386,0.0532413711428025,0.0078924203903721));
#7668=CARTESIAN_POINT('',(0.0278385966847963,0.0532399346910159,0.00789359553946904));
#7669=CARTESIAN_POINT('',(0.0278381144939203,0.0531354507813306,0.00797914739094093));
#7670=CARTESIAN_POINT('',(0.027820602985789,0.0530350072469731,0.00806677329159826));
#7671=CARTESIAN_POINT('',(0.0277530443312703,0.0528445833601441,0.00824464203137713));
#7672=CARTESIAN_POINT('',(0.027703183406058,0.0527572821404116,0.00833266359951313));
#7673=CARTESIAN_POINT('',(0.0275654754833582,0.0525887770597197,0.00851405294147914));
#7674=CARTESIAN_POINT('',(0.0274726974436556,0.0525136249865633,0.00860363775201923));
#7675=CARTESIAN_POINT('',(0.0272866634749342,0.0524119021512077,0.0087319800122429));
#7676=CARTESIAN_POINT('',(0.0271963906926107,0.0523777105699604,0.00877825921837735));
#7677=CARTESIAN_POINT('',(0.027016495141124,0.0523361153657846,0.00883572706866585));
#7678=CARTESIAN_POINT('',(0.026928715219593,0.0523259046234776,0.00885044476470089));
#7679=CARTESIAN_POINT('',(0.0268386,0.0523259046234776,0.00885044476470089));
#7680=CARTESIAN_POINT('',(0.0278386,0.0544586521913438,0.0120320305775378));
#7681=AXIS2_PLACEMENT_3D('',#8460,#8461,#8462);
#7682=CARTESIAN_POINT('',(0.0268386,0.0531687218232959,0.0117208165468383));
#7683=CARTESIAN_POINT('',(0.0278386,0.0544586521913438,0.0120320305775378));
#7684=CARTESIAN_POINT('',(0.0278386,0.0544568701251087,0.0120318264453938));
#7685=CARTESIAN_POINT('',(0.0278385969032241,0.0544550881427341,0.012031621579731));
#7686=CARTESIAN_POINT('',(0.0278381199302114,0.0543177913443271,0.0120157798812021));
#7687=CARTESIAN_POINT('',(0.0278197770820356,0.0541827238552802,0.0119957930112722));
#7688=CARTESIAN_POINT('',(0.0277494680791256,0.0539223460111588,0.0119479378222278));
#7689=CARTESIAN_POINT('',(0.0276981625491805,0.0538005114860936,0.0119206214216938));
#7690=CARTESIAN_POINT('',(0.0275589611814269,0.0535633642857596,0.0118591908106595));
#7691=CARTESIAN_POINT('',(0.0274669394841585,0.0534543000299778,0.0118250731359029));
#7692=CARTESIAN_POINT('',(0.0272830109262561,0.0533028852326841,0.0117731422946728));
#7693=CARTESIAN_POINT('',(0.0271939856543982,0.0532503077420204,0.0117531385159357));
#7694=CARTESIAN_POINT('',(0.0270157953429203,0.053185135960017,0.011727621808208));
#7695=CARTESIAN_POINT('',(0.0269283525587515,0.0531687218232959,0.0117208165468383));
#7696=CARTESIAN_POINT('',(0.0268386,0.0531687218232959,0.0117208165468383));
#7697=AXIS2_PLACEMENT_3D('',#8463,#8464,#8465);
#7698=CARTESIAN_POINT('',(0.0268386,0.0526393702638552,0.00618267443158565));
#7699=CARTESIAN_POINT('',(0.0276045893013913,0.0526393702638598,0.00653982111227079));
#7700=AXIS2_PLACEMENT_3D('',#8466,#8467,#8468);
#7701=AXIS2_PLACEMENT_3D('',#8469,#8470,#8471);
#7702=CARTESIAN_POINT('',(0.0278386,0.0544586521913438,0.00296796942246214));
#7703=CARTESIAN_POINT('',(0.0278386,0.0544586521913438,0.00296796942246214));
#7704=CARTESIAN_POINT('',(0.0278386,0.0544568083477464,0.00296818063108011));
#7705=CARTESIAN_POINT('',(0.0278385966847963,0.0544549645940371,0.00296839262494146));
#7706=CARTESIAN_POINT('',(0.0278381144939204,0.0543208143129814,0.00298387515588857));
#7707=CARTESIAN_POINT('',(0.0278206029857903,0.0541889416962912,0.00300328687986057));
#7708=CARTESIAN_POINT('',(0.0277530443312704,0.0539325838278824,0.0030499686597423));
#7709=CARTESIAN_POINT('',(0.0277031834060582,0.0538115533158112,0.00307681851210104));
#7710=CARTESIAN_POINT('',(0.027565475483358,0.0535717313392599,0.00313831221227736));
#7711=CARTESIAN_POINT('',(0.0274726974436552,0.0534600761870157,0.00317304547236746));
#7712=CARTESIAN_POINT('',(0.0272866634749343,0.0533051144279222,0.0032260183353315));
#7713=CARTESIAN_POINT('',(0.0271963906926108,0.0532513302115691,0.00324646551655311));
#7714=CARTESIAN_POINT('',(0.027016495141124,0.0531852686335499,0.00327232248344466));
#7715=CARTESIAN_POINT('',(0.026928715219593,0.0531687218232959,0.00327918345316163));
#7716=CARTESIAN_POINT('',(0.0268386,0.0531687218232959,0.00327918345316163));
#7717=CARTESIAN_POINT('',(0.0278386,0.0532428080947431,0.00710875414673378));
#7718=AXIS2_PLACEMENT_3D('',#8472,#8473,#8474);
#7719=CARTESIAN_POINT('',(0.0278386,0.0532428080947431,0.00710875414673378));
#7720=CARTESIAN_POINT('',(0.0278386,0.0532414192873955,0.00710761896209976));
#7721=CARTESIAN_POINT('',(0.0278385969032241,0.0532400309471685,0.00710648320573082));
#7722=CARTESIAN_POINT('',(0.0278381199302113,0.0531330941992852,0.00701892806753589));
#7723=CARTESIAN_POINT('',(0.0278197770820294,0.053030273914653,0.0069290910449073));
#7724=CARTESIAN_POINT('',(0.0277494680791255,0.0528371026019562,0.00674806180758209));
#7725=CARTESIAN_POINT('',(0.0276981625491804,0.0527493772384389,0.00665921307190303));
#7726=CARTESIAN_POINT('',(0.0275589611814266,0.052583088214123,0.00647932289710021));
#7727=CARTESIAN_POINT('',(0.027466939484158,0.0525097829312112,0.00639165669427826));
#7728=CARTESIAN_POINT('',(0.0272830109262566,0.0524104806305193,0.00626610867084743));
#7729=CARTESIAN_POINT('',(0.0271939856543987,0.0523770644900395,0.00622085488378255));
#7730=CARTESIAN_POINT('',(0.0270157953429203,0.0523360338719127,0.00616415433776282));
#7731=CARTESIAN_POINT('',(0.0269283525587515,0.0523259046234777,0.006149555235299));
#7732=CARTESIAN_POINT('',(0.0268386,0.0523259046234777,0.006149555235299));
#7733=CARTESIAN_POINT('',(0.0268386,0.0556856926605473,0.00144250425645737));
#7734=CARTESIAN_POINT('',(0.0278386,0.0556856926605473,0.00244250425645737));
#7735=AXIS2_PLACEMENT_3D('',#8475,#8476,#8477);
#7736=AXIS2_PLACEMENT_3D('',#8478,#8479,#8480);
#7737=CARTESIAN_POINT('',(0.0278386,0.0581432095270907,-0.000516419321771473));
#7738=CARTESIAN_POINT('',(0.0278386,0.0581432095270907,-0.000516419321771473));
#7739=CARTESIAN_POINT('',(0.0278386,0.0581415441991506,-0.000517238498885187));
#7740=CARTESIAN_POINT('',(0.0278385966847963,0.0581398785222945,-0.000518056966812927));
#7741=CARTESIAN_POINT('',(0.0278381144939204,0.0580186536362395,-0.000577559350568036));
#7742=CARTESIAN_POINT('',(0.0278206029857906,0.0578972205612485,-0.000632524888485705));
#7743=CARTESIAN_POINT('',(0.0277530443312703,0.0576563205231437,-0.000731851203779595));
#7744=CARTESIAN_POINT('',(0.027703183406058,0.0575399870511557,-0.000774697705609992));
#7745=CARTESIAN_POINT('',(0.0275654754833581,0.0573049899618005,-0.000852623462536023));
#7746=CARTESIAN_POINT('',(0.0274726974436555,0.0571922814523881,-0.000883769317560978));
#7747=CARTESIAN_POINT('',(0.0272866634749346,0.0570332800331612,-0.00092298436155895));
#7748=CARTESIAN_POINT('',(0.0271963906926111,0.0569769792903731,-0.000934861040815224));
#7749=CARTESIAN_POINT('',(0.027016495141124,0.0569074254227628,-0.000948824361612147));
#7750=CARTESIAN_POINT('',(0.026928715219593,0.0568897960399032,-0.000951998427621099));
#7751=CARTESIAN_POINT('',(0.0268386,0.0568897960399032,-0.000951998427621099));
#7752=AXIS2_PLACEMENT_3D('',#8481,#8482,#8483);
#7753=CARTESIAN_POINT('',(0.0268386,0.0608111516172673,-0.000898214418809375));
#7754=CARTESIAN_POINT('',(0.0278386,0.0608111516172673,0.000101785581190625));
#7755=AXIS2_PLACEMENT_3D('',#8484,#8485,#8486);
#7756=AXIS2_PLACEMENT_3D('',#8487,#8488,#8489);
#7757=CARTESIAN_POINT('',(0.0278386,0.0631266591817225,-0.00145565157265493));
#7758=CARTESIAN_POINT('',(0.0278386,0.0631266591817225,-0.00145565157265493));
#7759=CARTESIAN_POINT('',(0.0278386,0.0631257010992939,-0.00145724105255478));
#7760=CARTESIAN_POINT('',(0.0278385966847963,0.0631247423399237,-0.00145883012448752));
#7761=CARTESIAN_POINT('',(0.0278381144939203,0.0630549308936557,-0.00157442583652782));
#7762=CARTESIAN_POINT('',(0.0278206029857901,0.0629824915036687,-0.00168631746641414));
#7763=CARTESIAN_POINT('',(0.0277530443312704,0.0628335333558506,-0.0019001164735823));
#7764=CARTESIAN_POINT('',(0.0277031834060582,0.0627588319793288,-0.0019990558680097));
#7765=CARTESIAN_POINT('',(0.0275654754833578,0.0626032696926284,-0.00219166020481176));
#7766=CARTESIAN_POINT('',(0.0274726974436551,0.0625252919814263,-0.00227879658604731));
#7767=CARTESIAN_POINT('',(0.027286663474934,0.0624127327292199,-0.00239774903761833));
#7768=CARTESIAN_POINT('',(0.0271963906926104,0.0623717905480304,-0.00243817881560506));
#7769=CARTESIAN_POINT('',(0.027016495141124,0.0623208272523513,-0.00248752916839741));
#7770=CARTESIAN_POINT('',(0.026928715219593,0.0623077125013808,-0.00249973052660131));
#7771=CARTESIAN_POINT('',(0.0268386,0.0623077125013808,-0.00249973052660131));
#7772=AXIS2_PLACEMENT_3D('',#8490,#8491,#8492);
#7773=CARTESIAN_POINT('',(0.0278386,0.066388450130019,0.000903680046454762));
#7774=AXIS2_PLACEMENT_3D('',#8493,#8494,#8495);
#7775=CARTESIAN_POINT('',(0.0278386,0.067826791101266,0.000448472273169282));
#7776=CARTESIAN_POINT('',(0.0278386,0.067826791101266,0.000448472273169282));
#7777=CARTESIAN_POINT('',(0.0278386,0.0678268444487506,0.000446617139120068));
#7778=CARTESIAN_POINT('',(0.0278385966847963,0.067826897006192,0.00044476198229453));
#7779=CARTESIAN_POINT('',(0.0278381144939203,0.067830663640639,0.00030977376376748));
#7780=CARTESIAN_POINT('',(0.0278206029857866,0.0678302169301438,0.000176480843813563));
#7781=CARTESIAN_POINT('',(0.0277530443312705,0.0678204938320549,-8.39111810720219E-05));
#7782=CARTESIAN_POINT('',(0.0277031834060583,0.0678111417102305,-0.000207530909438031));
#7783=CARTESIAN_POINT('',(0.0275654754833579,0.0677844041530626,-0.000453663310058257));
#7784=CARTESIAN_POINT('',(0.0274726974436552,0.067765914612413,-0.000569125032138468));
#7785=CARTESIAN_POINT('',(0.027286663474935,0.0677355342944974,-0.000730048328385725));
#7786=CARTESIAN_POINT('',(0.0271963906926116,0.0677229495281502,-0.000786195036255832));
#7787=CARTESIAN_POINT('',(0.027016495141124,0.0677067572906907,-0.000855264032725456));
#7788=CARTESIAN_POINT('',(0.026928715219593,0.067702321012378,-0.000872618838105236));
#7789=CARTESIAN_POINT('',(0.0268386,0.067702321012378,-0.000872618838105236));
#7790=AXIS2_PLACEMENT_3D('',#8496,#8497,#8498);
#7791=CARTESIAN_POINT('',(0.0278386,0.0706468353283119,0.00459359182544398));
#7792=AXIS2_PLACEMENT_3D('',#8499,#8500,#8501);
#7793=CARTESIAN_POINT('',(0.0278386,0.0707513466108115,0.00459140634854819));
#7794=CARTESIAN_POINT('',(0.0278386,0.0707513466108115,0.00459140634854819));
#7795=CARTESIAN_POINT('',(0.0278386,0.07075239445076,0.00458987455230351));
#7796=CARTESIAN_POINT('',(0.0278385966847963,0.0707534416383965,0.00458834230976731));
#7797=CARTESIAN_POINT('',(0.0278381144939203,0.0708295904737376,0.00447681939037592));
#7798=CARTESIAN_POINT('',(0.027820602985789,0.0709012782701609,0.00436444474063583));
#7799=CARTESIAN_POINT('',(0.0277530443312704,0.0710338772367415,0.00414013232607264));
#7800=CARTESIAN_POINT('',(0.0277031834060582,0.0710928436022146,0.004031080654069));
#7801=CARTESIAN_POINT('',(0.027565475483358,0.0712034197600613,0.00380956548773928));
#7802=CARTESIAN_POINT('',(0.0274726974436553,0.0712502886884798,0.00370243670576132));
#7803=CARTESIAN_POINT('',(0.0272866634749342,0.0713117328411358,0.0035506345743653));
#7804=CARTESIAN_POINT('',(0.0271963906926107,0.0713315010640265,0.00349659711964759));
#7805=CARTESIAN_POINT('',(0.027016495141124,0.0713552208057713,0.00342973839786224));
#7806=CARTESIAN_POINT('',(0.026928715219593,0.0713608714871355,0.00341274017339144));
#7807=CARTESIAN_POINT('',(0.0268386,0.0713608714871355,0.00341274017339144));
#7808=AXIS2_PLACEMENT_3D('',#8502,#8503,#8504);
#7809=CARTESIAN_POINT('',(0.0208386,0.0682343000000001,0.00749999999999995));
#7810=CARTESIAN_POINT('',(0.0270386,0.0682343000000001,0.00749999999999995));
#7811=CARTESIAN_POINT('',(0.0239386,0.0682343000000001,0.00749999999999995));
#7812=VECTOR('',#8505,1.0);
#7813=CARTESIAN_POINT('',(0.0208386,0.0562343000000001,0.00749999999999995));
#7814=AXIS2_PLACEMENT_3D('',#8506,#8507,#8508);
#7815=CARTESIAN_POINT('',(0.0270386,0.0562343000000001,0.00749999999999995));
#7816=CARTESIAN_POINT('',(0.0239386,0.0562343000000001,0.00749999999999995));
#7817=VECTOR('',#8509,1.0);
#7818=CARTESIAN_POINT('',(0.0270386,0.0622343000000001,0.00149999999999995));
#7819=AXIS2_PLACEMENT_3D('',#8510,#8511,#8512);
#7820=AXIS2_PLACEMENT_3D('',#8513,#8514,#8515);
#7821=CARTESIAN_POINT('',(0.0278386,0.0622343000000001,0.000699999999999952));
#7822=AXIS2_PLACEMENT_3D('',#8516,#8517,#8518);
#7823=CARTESIAN_POINT('',(0.0278386,0.0622343000000001,0.0142999999999999));
#7824=AXIS2_PLACEMENT_3D('',#8519,#8520,#8521);
#7825=CARTESIAN_POINT('',(0.0270386,0.0622343000000001,0.0134999999999999));
#7826=AXIS2_PLACEMENT_3D('',#8522,#8523,#8524);
#7827=AXIS2_PLACEMENT_3D('',#8525,#8526,#8527);
#7828=CARTESIAN_POINT('',(0.0208386,0.0654843000000001,0.00749999999999995));
#7829=CARTESIAN_POINT('',(0.0130386,0.0654843000000001,0.00749999999999995));
#7830=CARTESIAN_POINT('',(0.0169386,0.0654843000000001,0.00749999999999995));
#7831=VECTOR('',#8528,1.0);
#7832=CARTESIAN_POINT('',(0.0208386,0.0589843000000001,0.00749999999999995));
#7833=AXIS2_PLACEMENT_3D('',#8529,#8530,#8531);
#7834=CARTESIAN_POINT('',(0.0130386,0.0589843000000001,0.00749999999999995));
#7835=CARTESIAN_POINT('',(0.0169386,0.0589843000000001,0.00749999999999995));
#7836=VECTOR('',#8532,1.0);
#7837=AXIS2_PLACEMENT_3D('',#8533,#8534,#8535);
#7838=AXIS2_PLACEMENT_3D('',#8536,#8537,#8538);
#7839=AXIS2_PLACEMENT_3D('',#8539,#8540,#8541);
#7840=CARTESIAN_POINT('',(0.0130386,0.0621318242389175,0.0133312377188152));
#7841=CARTESIAN_POINT('',(0.0130386,0.0671818242389175,0.0104156188594076));
#7842=CARTESIAN_POINT('',(0.0130386,0.0646952526493235,0.0118512416360189));
#7843=VECTOR('',#8542,1.0);
#7844=CARTESIAN_POINT('',(0.0078386,0.0621318242389175,0.0133312377188152));
#7845=CARTESIAN_POINT('',(0.0078386,0.0621318242389175,0.0133312377188152));
#7846=VECTOR('',#8543,1.0);
#7847=CARTESIAN_POINT('',(0.0078386,0.0671818242389175,0.0104156188594076));
#7848=CARTESIAN_POINT('',(0.0078386,0.0621318242389175,0.0133312377188152));
#7849=VECTOR('',#8544,1.0);
#7850=CARTESIAN_POINT('',(0.0078386,0.0671818242389175,0.0104156188594076));
#7851=VECTOR('',#8545,1.0);
#7852=CARTESIAN_POINT('',(0.0130386,0.0570818242389175,0.0104156188594076));
#7853=CARTESIAN_POINT('',(0.0130386,0.0596452526493235,0.0118956149422038));
#7854=VECTOR('',#8546,1.0);
#7855=CARTESIAN_POINT('',(0.0078386,0.0570818242389175,0.0104156188594076));
#7856=CARTESIAN_POINT('',(0.0078386,0.0570818242389175,0.0104156188594076));
#7857=VECTOR('',#8547,1.0);
#7858=CARTESIAN_POINT('',(0.0078386,0.0570818242389175,0.0104156188594076));
#7859=VECTOR('',#8548,1.0);
#7860=CARTESIAN_POINT('',(0.0130386,0.0570818242389175,0.00458438114059234));
#7861=CARTESIAN_POINT('',(0.0130386,0.0570818242389175,0.00749999999999995));
#7862=VECTOR('',#8549,1.0);
#7863=CARTESIAN_POINT('',(0.0078386,0.0570818242389175,0.00458438114059234));
#7864=CARTESIAN_POINT('',(0.0078386,0.0570818242389175,0.00458438114059234));
#7865=VECTOR('',#8550,1.0);
#7866=CARTESIAN_POINT('',(0.0078386,0.0570818242389175,0.00458438114059234));
#7867=VECTOR('',#8551,1.0);
#7868=CARTESIAN_POINT('',(0.0130386,0.0621318242389175,0.00166876228118473));
#7869=CARTESIAN_POINT('',(0.0130386,0.0596452526493235,0.0031043850577961));
#7870=VECTOR('',#8552,1.0);
#7871=CARTESIAN_POINT('',(0.0078386,0.0621318242389175,0.00166876228118473));
#7872=CARTESIAN_POINT('',(0.0078386,0.0621318242389175,0.00166876228118473));
#7873=VECTOR('',#8553,1.0);
#7874=CARTESIAN_POINT('',(0.0078386,0.0621318242389175,0.00166876228118473));
#7875=VECTOR('',#8554,1.0);
#7876=CARTESIAN_POINT('',(0.0130386,0.0671818242389175,0.00458438114059234));
#7877=CARTESIAN_POINT('',(0.0130386,0.0646952526493235,0.00314875836398097));
#7878=VECTOR('',#8555,1.0);
#7879=CARTESIAN_POINT('',(0.0078386,0.0671818242389175,0.00458438114059234));
#7880=CARTESIAN_POINT('',(0.0078386,0.0671818242389175,0.00458438114059234));
#7881=VECTOR('',#8556,1.0);
#7882=CARTESIAN_POINT('',(0.0078386,0.0671818242389175,0.00458438114059234));
#7883=VECTOR('',#8557,1.0);
#7884=CARTESIAN_POINT('',(0.0130386,0.0671818242389175,0.00749999999999995));
#7885=VECTOR('',#8558,1.0);
#7886=CARTESIAN_POINT('',(0.0078386,0.0671818242389175,0.0104156188594076));
#7887=VECTOR('',#8559,1.0);
#7888=CARTESIAN_POINT('',(0.0078386,0.0721218000000001,0.00600422469936152));
#7889=AXIS2_PLACEMENT_3D('',#8560,#8561,#8562);
#7890=AXIS2_PLACEMENT_3D('',#8563,#8564,#8565);
#7891=CARTESIAN_POINT('',(0.0078386,0.0697435171246014,0.000896087661424023));
#7892=AXIS2_PLACEMENT_3D('',#8566,#8567,#8568);
#7893=AXIS2_PLACEMENT_3D('',#8569,#8570,#8571);
#7894=CARTESIAN_POINT('',(0.0078386,0.0649811108697345,-0.00211535387003047));
#7895=AXIS2_PLACEMENT_3D('',#8572,#8573,#8574);
#7896=AXIS2_PLACEMENT_3D('',#8575,#8576,#8577);
#7897=CARTESIAN_POINT('',(0.0078386,0.0593466115717652,-0.00207398848659424));
#7898=AXIS2_PLACEMENT_3D('',#8578,#8579,#8580);
#7899=AXIS2_PLACEMENT_3D('',#8581,#8582,#8583);
#7900=CARTESIAN_POINT('',(0.0078386,0.054628932946329,0.00100705059476553));
#7901=AXIS2_PLACEMENT_3D('',#8584,#8585,#8586);
#7902=AXIS2_PLACEMENT_3D('',#8587,#8588,#8589);
#7903=CARTESIAN_POINT('',(0.0078386,0.0523259046234777,0.006149555235299));
#7904=AXIS2_PLACEMENT_3D('',#8590,#8591,#8592);
#7905=AXIS2_PLACEMENT_3D('',#8593,#8594,#8595);
#7906=CARTESIAN_POINT('',(0.0078386,0.0531687218232959,0.0117208165468383));
#7907=AXIS2_PLACEMENT_3D('',#8596,#8597,#8598);
#7908=AXIS2_PLACEMENT_3D('',#8599,#8600,#8601);
#7909=CARTESIAN_POINT('',(0.0078386,0.0568897960399032,0.015951998427621));
#7910=AXIS2_PLACEMENT_3D('',#8602,#8603,#8604);
#7911=AXIS2_PLACEMENT_3D('',#8605,#8606,#8607);
#7912=CARTESIAN_POINT('',(0.0078386,0.0623077125013808,0.0174997305266012));
#7913=AXIS2_PLACEMENT_3D('',#8608,#8609,#8610);
#7914=AXIS2_PLACEMENT_3D('',#8611,#8612,#8613);
#7915=CARTESIAN_POINT('',(0.0078386,0.067702321012378,0.0158726188381051));
#7916=AXIS2_PLACEMENT_3D('',#8614,#8615,#8616);
#7917=AXIS2_PLACEMENT_3D('',#8617,#8618,#8619);
#7918=CARTESIAN_POINT('',(0.0078386,0.0713608714871355,0.0115872598266085));
#7919=AXIS2_PLACEMENT_3D('',#8620,#8621,#8622);
#7920=AXIS2_PLACEMENT_3D('',#8623,#8624,#8625);
#7921=AXIS2_PLACEMENT_3D('',#8626,#8627,#8628);
#7922=CARTESIAN_POINT('',(0.0278386,0.0554343000000001,0.00749999999999995));
#7923=AXIS2_PLACEMENT_3D('',#8629,#8630,#8631);
#7924=AXIS2_PLACEMENT_3D('',#8632,#8633,#8634);
#7925=AXIS2_PLACEMENT_3D('',#8635,#8636,#8637);
#7926=CARTESIAN_POINT('',(0.0278386,0.0709718000000001,0.00965779835712232));
#7927=AXIS2_PLACEMENT_3D('',#8638,#8639,#8640);
#7928=CARTESIAN_POINT('',(0.0278386,0.0684181588754136,0.0140391046335847));
#7929=AXIS2_PLACEMENT_3D('',#8641,#8642,#8643);
#7930=AXIS2_PLACEMENT_3D('',#8644,#8645,#8646);
#7931=CARTESIAN_POINT('',(0.0278386,0.0639011862509422,0.0163442913919895));
#7932=AXIS2_PLACEMENT_3D('',#8647,#8648,#8649);
#7933=AXIS2_PLACEMENT_3D('',#8650,#8651,#8652);
#7934=CARTESIAN_POINT('',(0.0278386,0.0588549890194521,0.0158414781242144));
#7935=AXIS2_PLACEMENT_3D('',#8653,#8654,#8655);
#7936=AXIS2_PLACEMENT_3D('',#8656,#8657,#8658);
#7937=CARTESIAN_POINT('',(0.0278386,0.0548816991472156,0.0126903044900692));
#7938=AXIS2_PLACEMENT_3D('',#8659,#8660,#8661);
#7939=AXIS2_PLACEMENT_3D('',#8662,#8663,#8664);
#7940=AXIS2_PLACEMENT_3D('',#8665,#8666,#8667);
#7941=CARTESIAN_POINT('',(0.0278386,0.0548816991472156,0.0023096955099307));
#7942=AXIS2_PLACEMENT_3D('',#8668,#8669,#8670);
#7943=AXIS2_PLACEMENT_3D('',#8671,#8672,#8673);
#7944=CARTESIAN_POINT('',(0.0278386,0.0588549890194521,-0.000841478124214471));
#7945=AXIS2_PLACEMENT_3D('',#8674,#8675,#8676);
#7946=AXIS2_PLACEMENT_3D('',#8677,#8678,#8679);
#7947=CARTESIAN_POINT('',(0.0278386,0.0639011862509422,-0.00134429139198959));
#7948=AXIS2_PLACEMENT_3D('',#8680,#8681,#8682);
#7949=AXIS2_PLACEMENT_3D('',#8683,#8684,#8685);
#7950=CARTESIAN_POINT('',(0.0278386,0.0684181588754136,0.000960895366415157));
#7951=AXIS2_PLACEMENT_3D('',#8686,#8687,#8688);
#7952=AXIS2_PLACEMENT_3D('',#8689,#8690,#8691);
#7953=CARTESIAN_POINT('',(0.0278386,0.0709718000000001,0.00534220164287758));
#7954=AXIS2_PLACEMENT_3D('',#8692,#8693,#8694);
#7955=AXIS2_PLACEMENT_3D('',#8695,#8696,#8697);
#7956=CARTESIAN_POINT('',(0.0278386,0.0709718000000001,0.00965779835712232));
#7957=CARTESIAN_POINT('',(0.0278386,0.070973292896634,0.0096571677859384));
#7958=CARTESIAN_POINT('',(0.0278385974721287,0.070974785558761,0.00965653665958731));
#7959=CARTESIAN_POINT('',(0.0278381433544344,0.0711089010126028,0.00959977115881252));
#7960=CARTESIAN_POINT('',(0.0278177750052636,0.0712396970279853,0.00953910415206731));
#7961=CARTESIAN_POINT('',(0.0277406663694558,0.0714846629202509,0.0094142926899715));
#7962=CARTESIAN_POINT('',(0.0276856182239495,0.0715956882787808,0.00935194696476449));
#7963=CARTESIAN_POINT('',(0.0275426585580247,0.0717999591302299,0.00922808365198281));
#7964=CARTESIAN_POINT('',(0.0274524383245355,0.0718895187164019,0.00916776583373386));
#7965=CARTESIAN_POINT('',(0.0272735863613129,0.0720126608045595,0.00908012549311167));
#7966=CARTESIAN_POINT('',(0.027187630154621,0.0720549297406193,0.00904800277572328));
#7967=CARTESIAN_POINT('',(0.0270137608097093,0.072108289812175,0.00900666745737879));
#7968=CARTESIAN_POINT('',(0.0269272986649504,0.0721218000000001,0.00899577530063838));
#7969=CARTESIAN_POINT('',(0.0268386,0.0721218000000001,0.00899577530063838));
#7970=AXIS2_PLACEMENT_3D('',#8698,#8699,#8700);
#7971=CARTESIAN_POINT('',(0.0268386,0.0721218000000001,0.00600422469936152));
#7972=CARTESIAN_POINT('',(0.0278386,0.0709718000000001,0.00534220164287758));
#7973=CARTESIAN_POINT('',(0.0278386,0.0709732928966342,0.00534283221406157));
#7974=CARTESIAN_POINT('',(0.0278385974721287,0.0709747855587608,0.00534346334041252));
#7975=CARTESIAN_POINT('',(0.0278381433544344,0.0711089010126058,0.00540022884118864));
#7976=CARTESIAN_POINT('',(0.0278177750052627,0.0712396970279881,0.005460895847934));
#7977=CARTESIAN_POINT('',(0.0277406663694556,0.0714846629202513,0.00558570731002861));
#7978=CARTESIAN_POINT('',(0.0276856182239493,0.0715956882787811,0.00564805303523563));
#7979=CARTESIAN_POINT('',(0.0275426585580248,0.0717999591302298,0.005771916348017));
#7980=CARTESIAN_POINT('',(0.0274524383245356,0.0718895187164018,0.00583223416626597));
#7981=CARTESIAN_POINT('',(0.0272735863613128,0.0720126608045596,0.00591987450688828));
#7982=CARTESIAN_POINT('',(0.0271876301546209,0.0720549297406193,0.00595199722427665));
#7983=CARTESIAN_POINT('',(0.0270137608097093,0.072108289812175,0.00599333254262111));
#7984=CARTESIAN_POINT('',(0.0269272986649504,0.0721218000000001,0.00600422469936152));
#7985=CARTESIAN_POINT('',(0.0268386,0.0721218000000001,0.00600422469936152));
#7986=AXIS2_PLACEMENT_3D('',#8701,#8702,#8703);
#7987=AXIS2_PLACEMENT_3D('',#8704,#8705,#8706);
#7988=CARTESIAN_POINT('',(0.0268386,0.0697435171246014,0.000896087661424023));
#7989=CARTESIAN_POINT('',(0.0278386,0.0684181588754136,0.000960895366415157));
#7990=CARTESIAN_POINT('',(0.0278386,0.0684199262661159,0.00096058916369603));
#7991=CARTESIAN_POINT('',(0.0278385969032241,0.0684216937830095,0.000960283688409589));
#7992=CARTESIAN_POINT('',(0.0278381199302114,0.0685578922186222,0.000936802708775341));
#7993=CARTESIAN_POINT('',(0.0278197770820332,0.0686931194772944,0.00091792706100277));
#7994=CARTESIAN_POINT('',(0.0277494680791252,0.0689564325539738,0.000890486862873403));
#7995=CARTESIAN_POINT('',(0.0276981625491798,0.0690810278440835,0.000882372004992152));
#7996=CARTESIAN_POINT('',(0.0275589611814269,0.06932587591963,0.00087450215754662));
#7997=CARTESIAN_POINT('',(0.0274669394841585,0.0694401343664678,0.000876510875110236));
#7998=CARTESIAN_POINT('',(0.0272830109262552,0.0696000464092519,0.000883679674399278));
#7999=CARTESIAN_POINT('',(0.0271939856543972,0.0696561298578437,0.000888060368666222));
#8000=CARTESIAN_POINT('',(0.0270157953429203,0.0697258506120638,0.000894182457662989));
#8001=CARTESIAN_POINT('',(0.0269283525587515,0.0697435171246014,0.000896087661424033));
#8002=CARTESIAN_POINT('',(0.0268386,0.0697435171246014,0.000896087661424033));
#8003=AXIS2_PLACEMENT_3D('',#8707,#8708,#8709);
#8004=AXIS2_PLACEMENT_3D('',#8710,#8711,#8712);
#8005=CARTESIAN_POINT('',(0.0268386,0.0649811108697345,-0.00211535387003047));
#8006=CARTESIAN_POINT('',(0.0278386,0.0639011862509422,-0.00134429139198959));
#8007=CARTESIAN_POINT('',(0.0278386,0.0639025075289257,-0.00134550450966254));
#8008=CARTESIAN_POINT('',(0.0278385969032241,0.063903829306349,-0.00134671708360539));
#8009=CARTESIAN_POINT('',(0.0278381199302114,0.0640057119454433,-0.00144010497423682));
#8010=CARTESIAN_POINT('',(0.0278197770820353,0.0641092674088947,-0.00152909355528141));
#8011=CARTESIAN_POINT('',(0.0277494680791254,0.0643159451737496,-0.00169453551592645));
#8012=CARTESIAN_POINT('',(0.0276981625491803,0.0644163741783301,-0.00176872346828365));
#8013=CARTESIAN_POINT('',(0.0275589611814268,0.0646180987261353,-0.00190771886896659));
#8014=CARTESIAN_POINT('',(0.0274669394841583,0.064715305042899,-0.00196780180831929));
#8015=CARTESIAN_POINT('',(0.0272830109262562,0.0648537073593402,-0.00204822600812248));
#8016=CARTESIAN_POINT('',(0.0271939856543982,0.0649032561407313,-0.00207486173508678));
#8017=CARTESIAN_POINT('',(0.0270157953429203,0.0649652188227307,-0.00210740539164534));
#8018=CARTESIAN_POINT('',(0.0269283525587515,0.0649811108697345,-0.00211535387003046));
#8019=CARTESIAN_POINT('',(0.0268386,0.0649811108697345,-0.00211535387003046));
#8020=AXIS2_PLACEMENT_3D('',#8713,#8714,#8715);
#8021=AXIS2_PLACEMENT_3D('',#8716,#8717,#8718);
#8022=CARTESIAN_POINT('',(0.0268386,0.0593466115717652,-0.00207398848659424));
#8023=CARTESIAN_POINT('',(0.0278386,0.0588549890194521,-0.000841478124214471));
#8024=CARTESIAN_POINT('',(0.0278386,0.0588554446882933,-0.000843213000552117));
#8025=CARTESIAN_POINT('',(0.0278385969032241,0.0588559010712523,-0.000844947689491048));
#8026=CARTESIAN_POINT('',(0.0278381199302114,0.058891120895795,-0.000978592495699749));
#8027=CARTESIAN_POINT('',(0.0278197770820336,0.0589301264360676,-0.00110944076429711));
#8028=CARTESIAN_POINT('',(0.0277494680791258,0.0590145501590624,-0.00136035783390198));
#8029=CARTESIAN_POINT('',(0.0276981625491809,0.0590589273787567,-0.00147706473004888));
#8030=CARTESIAN_POINT('',(0.0275589611814266,0.0591534822802093,-0.00170305562634824));
#8031=CARTESIAN_POINT('',(0.0274669394841581,0.0592027741481535,-0.00180615431389848));
#8032=CARTESIAN_POINT('',(0.0272830109262553,0.0592757249806872,-0.00194863739760708));
#8033=CARTESIAN_POINT('',(0.0271939856543973,0.0593030077068802,-0.00199783289069019));
#8034=CARTESIAN_POINT('',(0.0270157953429203,0.059337539602931,-0.00205870991178894));
#8035=CARTESIAN_POINT('',(0.0269283525587515,0.0593466115717652,-0.00207398848659424));
#8036=CARTESIAN_POINT('',(0.0268386,0.0593466115717652,-0.00207398848659424));
#8037=AXIS2_PLACEMENT_3D('',#8719,#8720,#8721);
#8038=AXIS2_PLACEMENT_3D('',#8722,#8723,#8724);
#8039=CARTESIAN_POINT('',(0.0268386,0.054628932946329,0.00100705059476553));
#8040=CARTESIAN_POINT('',(0.0278386,0.0548816991472156,0.0023096955099307));
#8041=CARTESIAN_POINT('',(0.0278386,0.0548811445352766,0.00230798968590756));
#8042=CARTESIAN_POINT('',(0.0278385969032241,0.0548805906254074,0.00230628363345383));
#8043=CARTESIAN_POINT('',(0.0278381199302114,0.0548379655899502,0.00217481319334796));
#8044=CARTESIAN_POINT('',(0.0278197770820319,0.0548000372236078,0.00204364863794757));
#8045=CARTESIAN_POINT('',(0.0277494680791257,0.0547354029692087,0.00178692085608821));
#8046=CARTESIAN_POINT('',(0.0276981625491807,0.0547096389503182,0.00166474863106698));
#8047=CARTESIAN_POINT('',(0.0275589611814267,0.054667003692299,0.0014235127519521));
#8048=CARTESIAN_POINT('',(0.0274669394841582,0.0546527312916311,0.00131013142104094));
#8049=CARTESIAN_POINT('',(0.0272830109262558,0.0546370692663733,0.00115082682576769));
#8050=CARTESIAN_POINT('',(0.0271939856543979,0.0546334238645728,0.00109469078802051));
#8051=CARTESIAN_POINT('',(0.0270157953429203,0.0546295613416698,0.00102480842644356));
#8052=CARTESIAN_POINT('',(0.0269283525587515,0.054628932946329,0.00100705059476553));
#8053=CARTESIAN_POINT('',(0.0268386,0.054628932946329,0.00100705059476553));
#8054=AXIS2_PLACEMENT_3D('',#8725,#8726,#8727);
#8055=AXIS2_PLACEMENT_3D('',#8728,#8729,#8730);
#8056=CARTESIAN_POINT('',(0.0268386,0.0523259046234777,0.006149555235299));
#8057=CARTESIAN_POINT('',(0.0278386,0.0532428080947431,0.00710875414673378));
#8058=CARTESIAN_POINT('',(0.0278386,0.0532414192873955,0.00710761896209976));
#8059=CARTESIAN_POINT('',(0.0278385969032241,0.0532400309471685,0.00710648320573082));
#8060=CARTESIAN_POINT('',(0.0278381199302113,0.0531330941992852,0.00701892806753589));
#8061=CARTESIAN_POINT('',(0.0278197770820294,0.053030273914653,0.0069290910449073));
#8062=CARTESIAN_POINT('',(0.0277494680791255,0.0528371026019562,0.00674806180758209));
#8063=CARTESIAN_POINT('',(0.0276981625491804,0.0527493772384389,0.00665921307190303));
#8064=CARTESIAN_POINT('',(0.0275589611814266,0.052583088214123,0.00647932289710021));
#8065=CARTESIAN_POINT('',(0.027466939484158,0.0525097829312112,0.00639165669427826));
#8066=CARTESIAN_POINT('',(0.0272830109262566,0.0524104806305193,0.00626610867084743));
#8067=CARTESIAN_POINT('',(0.0271939856543987,0.0523770644900395,0.00622085488378255));
#8068=CARTESIAN_POINT('',(0.0270157953429203,0.0523360338719127,0.00616415433776282));
#8069=CARTESIAN_POINT('',(0.0269283525587515,0.0523259046234777,0.006149555235299));
#8070=CARTESIAN_POINT('',(0.0268386,0.0523259046234777,0.006149555235299));
#8071=AXIS2_PLACEMENT_3D('',#8731,#8732,#8733);
#8072=AXIS2_PLACEMENT_3D('',#8734,#8735,#8736);
#8073=CARTESIAN_POINT('',(0.0278386,0.0532428080947431,0.00789124585326612));
#8074=CARTESIAN_POINT('',(0.0278386,0.0532413711428025,0.0078924203903721));
#8075=CARTESIAN_POINT('',(0.0278385966847963,0.0532399346910159,0.00789359553946904));
#8076=CARTESIAN_POINT('',(0.0278381144939203,0.0531354507813306,0.00797914739094093));
#8077=CARTESIAN_POINT('',(0.027820602985789,0.0530350072469731,0.00806677329159826));
#8078=CARTESIAN_POINT('',(0.0277530443312703,0.0528445833601441,0.00824464203137713));
#8079=CARTESIAN_POINT('',(0.027703183406058,0.0527572821404116,0.00833266359951313));
#8080=CARTESIAN_POINT('',(0.0275654754833582,0.0525887770597197,0.00851405294147914));
#8081=CARTESIAN_POINT('',(0.0274726974436556,0.0525136249865633,0.00860363775201923));
#8082=CARTESIAN_POINT('',(0.0272866634749342,0.0524119021512077,0.0087319800122429));
#8083=CARTESIAN_POINT('',(0.0271963906926107,0.0523777105699604,0.00877825921837735));
#8084=CARTESIAN_POINT('',(0.027016495141124,0.0523361153657846,0.00883572706866585));
#8085=CARTESIAN_POINT('',(0.026928715219593,0.0523259046234776,0.00885044476470089));
#8086=CARTESIAN_POINT('',(0.0268386,0.0523259046234776,0.00885044476470089));
#8087=AXIS2_PLACEMENT_3D('',#8737,#8738,#8739);
#8088=CARTESIAN_POINT('',(0.0278386,0.0548816991472156,0.0126903044900692));
#8089=CARTESIAN_POINT('',(0.0278386,0.0548811253090203,0.0126920694484304));
#8090=CARTESIAN_POINT('',(0.0278385966847963,0.0548805522224482,0.0126938346512289));
#8091=CARTESIAN_POINT('',(0.0278381144939204,0.0548389075872183,0.0128222937148561));
#8092=CARTESIAN_POINT('',(0.0278206029857907,0.0548017832476511,0.012950313187875));
#8093=CARTESIAN_POINT('',(0.0277530443312704,0.0547377515809931,0.0132028968194384));
#8094=CARTESIAN_POINT('',(0.0277031834060582,0.0547118971740235,0.0133241438773992));
#8095=CARTESIAN_POINT('',(0.027565475483358,0.0546682081617095,0.0135678390267175));
#8096=CARTESIAN_POINT('',(0.0274726974436553,0.0546534194198691,0.013683832843337));
#8097=CARTESIAN_POINT('',(0.0272866634749338,0.0546372317897381,0.0138467967400224));
#8098=CARTESIAN_POINT('',(0.0271963906926102,0.0546334884290565,0.013904214650115));
#8099=CARTESIAN_POINT('',(0.0270164951411241,0.0546295657821521,0.0139750477473821));
#8100=CARTESIAN_POINT('',(0.026928715219593,0.054628932946329,0.0139929494052344));
#8101=CARTESIAN_POINT('',(0.0268386,0.054628932946329,0.0139929494052344));
#8102=AXIS2_PLACEMENT_3D('',#8740,#8741,#8742);
#8103=CARTESIAN_POINT('',(0.0278386,0.0588549890194521,0.0158414781242144));
#8104=CARTESIAN_POINT('',(0.0278386,0.0588554604845744,0.0158432731420227));
#8105=CARTESIAN_POINT('',(0.0278385966847963,0.0588559327141546,0.0158450679591046));
#8106=CARTESIAN_POINT('',(0.0278381144939203,0.0588903492308162,0.0159756493898501));
#8107=CARTESIAN_POINT('',(0.0278206029857879,0.0589283308015448,0.0161034171570887));
#8108=CARTESIAN_POINT('',(0.0277530443312703,0.0590110209567967,0.016350522162072));
#8109=CARTESIAN_POINT('',(0.027703183406058,0.0590548219541243,0.0164664996256458));
#8110=CARTESIAN_POINT('',(0.027565475483358,0.0591498199629065,0.0166951290942745));
#8111=CARTESIAN_POINT('',(0.0274726974436554,0.0592000898734241,0.01680070469977));
#8112=CARTESIAN_POINT('',(0.0272866634749343,0.0592745769067077,0.0169465503471668));
#8113=CARTESIAN_POINT('',(0.0271963906926108,0.0593024702571589,0.0169968771804592));
#8114=CARTESIAN_POINT('',(0.027016495141124,0.059337465580202,0.0170585865168057));
#8115=CARTESIAN_POINT('',(0.026928715219593,0.0593466115717652,0.0170739884865941));
#8116=CARTESIAN_POINT('',(0.0268386,0.0593466115717652,0.0170739884865941));
#8117=AXIS2_PLACEMENT_3D('',#8743,#8744,#8745);
#8118=CARTESIAN_POINT('',(0.0278386,0.0639011862509422,0.0163442913919895));
#8119=CARTESIAN_POINT('',(0.0278386,0.0639025533325374,0.0163455465637734));
#8120=CARTESIAN_POINT('',(0.0278385966847963,0.0639039209487139,0.0163468011533976));
#8121=CARTESIAN_POINT('',(0.0278381144939203,0.0640034716164146,0.0164380462696402));
#8122=CARTESIAN_POINT('',(0.0278206029857851,0.0641045002170968,0.0165249969677639));
#8123=CARTESIAN_POINT('',(0.0277530443312703,0.0643076586542162,0.0166881692530488));
#8124=CARTESIAN_POINT('',(0.027703183406058,0.0644072085486725,0.0167620550970085));
#8125=CARTESIAN_POINT('',(0.0275654754833581,0.0646107323819861,0.0169030306440769));
#8126=CARTESIAN_POINT('',(0.0274726974436555,0.0647101006034626,0.0169646685296651));
#8127=CARTESIAN_POINT('',(0.0272866634749349,0.0648516131933931,0.0170470909652212));
#8128=CARTESIAN_POINT('',(0.0271963906926114,0.064902287313294,0.0170743483077353));
#8129=CARTESIAN_POINT('',(0.027016495141124,0.0649650898384839,0.0171073416048884));
#8130=CARTESIAN_POINT('',(0.026928715219593,0.0649811108697345,0.0171153538700304));
#8131=CARTESIAN_POINT('',(0.0268386,0.0649811108697345,0.0171153538700304));
#8132=AXIS2_PLACEMENT_3D('',#8746,#8747,#8748);
#8133=AXIS2_PLACEMENT_3D('',#8749,#8750,#8751);
#8134=CARTESIAN_POINT('',(0.0278386,0.0684181588754136,0.0140391046335847));
#8135=CARTESIAN_POINT('',(0.0278386,0.068419987534734,0.014039421451171));
#8136=CARTESIAN_POINT('',(0.0278385966847963,0.068421816329035,0.0140397374899972));
#8137=CARTESIAN_POINT('',(0.0278381144939203,0.0685548945141542,0.0140626766120237));
#8138=CARTESIAN_POINT('',(0.0278206029857885,0.0686868942779077,0.0140812040087439));
#8139=CARTESIAN_POINT('',(0.0277530443312705,0.0689460196285733,0.014108637526684));
#8140=CARTESIAN_POINT('',(0.0277031834060584,0.0690697120320545,0.0141169735176249));
#8141=CARTESIAN_POINT('',(0.0275654754833578,0.0693171443108546,0.0141255364030247));
#8142=CARTESIAN_POINT('',(0.0274726974436551,0.0694340621350733,0.0141236669755438));
#8143=CARTESIAN_POINT('',(0.0272866634749345,0.0695976710342282,0.0141164976583396));
#8144=CARTESIAN_POINT('',(0.027196390692611,0.0696550372485562,0.0141120314964182));
#8145=CARTESIAN_POINT('',(0.027016495141124,0.0697257076178862,0.0141058336156511));
#8146=CARTESIAN_POINT('',(0.026928715219593,0.0697435171246014,0.0141039123385759));
#8147=CARTESIAN_POINT('',(0.0268386,0.0697435171246014,0.0141039123385759));
#8148=AXIS2_PLACEMENT_3D('',#8752,#8753,#8754);
#8149=CARTESIAN_POINT('',(0.0078386,0.0523259046234777,0.006149555235299));
#8150=VECTOR('',#8755,1.0);
#8151=CARTESIAN_POINT('',(0.0078386,0.0531687218232959,0.0117208165468383));
#8152=VECTOR('',#8756,1.0);
#8153=CARTESIAN_POINT('',(0.0078386,0.0568897960399032,0.015951998427621));
#8154=VECTOR('',#8757,1.0);
#8155=CARTESIAN_POINT('',(0.0078386,0.0623077125013808,0.0174997305266012));
#8156=VECTOR('',#8758,1.0);
#8157=CARTESIAN_POINT('',(0.0078386,0.067702321012378,0.0158726188381051));
#8158=VECTOR('',#8759,1.0);
#8159=CARTESIAN_POINT('',(0.0078386,0.0713608714871355,0.0115872598266085));
#8160=VECTOR('',#8760,1.0);
#8161=CARTESIAN_POINT('',(0.0078386,0.0721218000000001,0.00600422469936152));
#8162=VECTOR('',#8761,1.0);
#8163=CARTESIAN_POINT('',(0.0078386,0.0697435171246014,0.000896087661424023));
#8164=VECTOR('',#8762,1.0);
#8165=CARTESIAN_POINT('',(0.0078386,0.0649811108697345,-0.00211535387003047));
#8166=VECTOR('',#8763,1.0);
#8167=CARTESIAN_POINT('',(0.0078386,0.0593466115717652,-0.00207398848659424));
#8168=VECTOR('',#8764,1.0);
#8169=CARTESIAN_POINT('',(0.0078386,0.054628932946329,0.00100705059476553));
#8170=VECTOR('',#8765,1.0);
#8171=DIRECTION('',(-0.0,-0.0,-1.0));
#8172=DIRECTION('',(-0.0,-0.0,-1.0));
#8173=DIRECTION('',(-0.0,-0.0,-1.0));
#8174=DIRECTION('',(-1.0,-0.0,-0.0));
#8175=DIRECTION('',(1.0,0.0,0.0));
#8176=DIRECTION('',(-1.0,-0.0,-0.0));
#8177=DIRECTION('',(1.0,0.0,0.0));
#8178=DIRECTION('',(-1.0,0.0,0.0));
#8179=DIRECTION('',(-1.0,0.0,0.0));
#8180=DIRECTION('',(1.0,-0.0,0.0));
#8181=DIRECTION('',(1.0,-0.0,-0.0));
#8182=DIRECTION('',(-1.0,-0.0,0.0));
#8183=DIRECTION('',(-0.0,-0.0,1.0));
#8184=DIRECTION('',(-0.0,-0.0,1.0));
#8185=DIRECTION('',(1.0,-0.0,-0.0));
#8186=DIRECTION('',(-0.0,-0.0,1.0));
#8187=DIRECTION('',(-0.0,-0.0,1.0));
#8188=DIRECTION('',(1.0,0.0,0.0));
#8189=DIRECTION('',(1.0,0.0,0.0));
#8190=DIRECTION('',(-0.0,-0.0,1.0));
#8191=DIRECTION('',(-0.0,-0.0,1.0));
#8192=DIRECTION('',(-0.0,-0.0,1.0));
#8193=DIRECTION('',(-0.0,-0.0,1.0));
#8194=DIRECTION('',(-0.0,-0.0,1.0));
#8195=DIRECTION('',(-0.0,-0.0,1.0));
#8196=DIRECTION('',(-0.0,-0.0,1.0));
#8197=DIRECTION('',(-0.0,-0.0,1.0));
#8198=DIRECTION('',(-0.0,-0.0,1.0));
#8199=DIRECTION('',(-0.0,-0.0,1.0));
#8200=DIRECTION('',(-0.0,-0.0,1.0));
#8201=DIRECTION('',(-0.0,-0.0,1.0));
#8202=DIRECTION('',(-0.0,-0.0,1.0));
#8203=DIRECTION('',(-0.0,-0.0,1.0));
#8204=DIRECTION('',(-0.0,-0.0,1.0));
#8205=DIRECTION('',(1.0,0.0,0.0));
#8206=DIRECTION('',(-1.0,-0.0,-0.0));
#8207=DIRECTION('',(-0.0,-0.0,1.0));
#8208=DIRECTION('',(-0.0,-0.0,1.0));
#8209=DIRECTION('',(-0.0,-0.0,1.0));
#8210=DIRECTION('',(-0.0,-0.0,1.0));
#8211=DIRECTION('',(1.0,0.0,0.0));
#8212=CARTESIAN_POINT('',(-0.0071914,0.0622343000000001,0.00749999999999995));
#8213=DIRECTION('',(1.0,0.0,0.0));
#8214=DIRECTION('',(0.0,1.0,0.0));
#8215=DIRECTION('',(-1.0,-0.0,-0.0));
#8216=CARTESIAN_POINT('',(0.0053086,0.0622343000000001,0.00749999999999995));
#8217=DIRECTION('',(-1.0,0.0,0.0));
#8218=DIRECTION('',(0.0,1.0,0.0));
#8219=DIRECTION('',(1.0,0.0,0.0));
#8220=DIRECTION('',(-1.0,-0.0,-0.0));
#8221=CARTESIAN_POINT('',(-0.0121914,0.0622343000000001,0.00749999999999995));
#8222=DIRECTION('',(-1.0,0.0,0.0));
#8223=DIRECTION('',(0.0,1.0,0.0));
#8224=DIRECTION('',(0.979972979334534,-0.19913050940074,0.0));
#8225=DIRECTION('',(0.973380046138482,-0.229197045747642,0.0));
#8226=DIRECTION('',(0.968235788570753,-0.25003891243319,0.0));
#8227=DIRECTION('',(0.961905105094968,-0.273383556184785,0.0));
#8228=DIRECTION('',(0.95461872555586,-0.297830637809653,0.0));
#8229=DIRECTION('',(0.948365641705904,-0.317179144383342,0.0));
#8230=DIRECTION('',(0.938379647758994,-0.345606187259004,0.0));
#8231=DIRECTION('',(0.931540531710686,-0.363637508764115,0.0));
#8232=DIRECTION('',(0.920088222103364,-0.391711199159113,0.0));
#8233=DIRECTION('',(0.911937770697686,-0.410328529808658,0.0));
#8234=DIRECTION('',(0.899373317406163,-0.437181467971634,0.0));
#8235=DIRECTION('',(0.890681798872282,-0.45462724638723,0.0));
#8236=DIRECTION('',(0.878080226162306,-0.47851344434901,0.0));
#8237=DIRECTION('',(0.866906303057536,-0.498471124258081,0.0));
#8238=DIRECTION('',(0.854650711815447,-0.51920339058345,0.0));
#8239=DIRECTION('',(0.841562741084258,-0.540159377238561,0.0));
#8240=DIRECTION('',(0.829662394057718,-0.558265449303838,0.0));
#8241=DIRECTION('',(0.813733471206721,-0.581238193719115,0.0));
#8242=DIRECTION('',(0.802506681488934,-0.59664313133197,0.0));
#8243=DIRECTION('',(0.802506681488932,0.596643131331973,0.0));
#8244=DIRECTION('',(0.813733471206721,0.581238193719115,0.0));
#8245=DIRECTION('',(0.829662394057711,0.558265449303849,0.0));
#8246=DIRECTION('',(0.841562741084252,0.54015937723857,0.0));
#8247=DIRECTION('',(0.854650711815445,0.519203390583452,0.0));
#8248=DIRECTION('',(0.866906303057534,0.498471124258085,0.0));
#8249=DIRECTION('',(0.878080226162303,0.478513444349016,0.0));
#8250=DIRECTION('',(0.890681798872284,0.454627246387228,0.0));
#8251=DIRECTION('',(0.899373317406164,0.437181467971633,0.0));
#8252=DIRECTION('',(0.911937770697688,0.410328529808653,0.0));
#8253=DIRECTION('',(0.920088222103361,0.391711199159121,0.0));
#8254=DIRECTION('',(0.931540531710686,0.363637508764116,0.0));
#8255=DIRECTION('',(0.938379647758999,0.345606187258993,0.0));
#8256=DIRECTION('',(0.948365641705902,0.317179144383349,0.0));
#8257=DIRECTION('',(0.954618725555866,0.297830637809636,0.0));
#8258=DIRECTION('',(0.961905105094965,0.273383556184793,0.0));
#8259=DIRECTION('',(0.968235788570754,0.250038912433186,0.0));
#8260=DIRECTION('',(0.973380046138481,0.229197045747648,0.0));
#8261=DIRECTION('',(0.979972979334534,0.199130509400737,0.0));
#8262=CARTESIAN_POINT('',(0.0053086,0.0622343000000001,0.00749999999999995));
#8263=DIRECTION('',(-1.0,0.0,0.0));
#8264=DIRECTION('',(0.0,1.0,0.0));
#8265=DIRECTION('',(-0.0,-0.0,1.0));
#8266=DIRECTION('',(-0.0,-0.0,1.0));
#8267=CARTESIAN_POINT('',(-0.0121914,0.0622343000000001,0.00749999999999995));
#8268=DIRECTION('',(-1.0,0.0,0.0));
#8269=DIRECTION('',(0.0,1.0,0.0));
#8270=DIRECTION('',(-0.0,-0.0,1.0));
#8271=DIRECTION('',(-0.0,-0.0,1.0));
#8272=CARTESIAN_POINT('',(-0.0071914,0.0622343000000001,0.00749999999999995));
#8273=DIRECTION('',(1.0,0.0,0.0));
#8274=DIRECTION('',(0.0,1.0,0.0));
#8275=DIRECTION('',(-0.0,-0.0,1.0));
#8276=DIRECTION('',(0.802506681488932,0.596643131331973,0.0));
#8277=DIRECTION('',(0.813733471206721,0.581238193719115,0.0));
#8278=DIRECTION('',(0.829662394057711,0.558265449303849,0.0));
#8279=DIRECTION('',(0.841562741084252,0.54015937723857,0.0));
#8280=DIRECTION('',(0.854650711815445,0.519203390583452,0.0));
#8281=DIRECTION('',(0.866906303057534,0.498471124258085,0.0));
#8282=DIRECTION('',(0.878080226162303,0.478513444349016,0.0));
#8283=DIRECTION('',(0.890681798872284,0.454627246387228,0.0));
#8284=DIRECTION('',(0.899373317406164,0.437181467971633,0.0));
#8285=DIRECTION('',(0.911937770697688,0.410328529808653,0.0));
#8286=DIRECTION('',(0.920088222103361,0.391711199159121,0.0));
#8287=DIRECTION('',(0.931540531710686,0.363637508764116,0.0));
#8288=DIRECTION('',(0.938379647758999,0.345606187258993,0.0));
#8289=DIRECTION('',(0.948365641705902,0.317179144383349,0.0));
#8290=DIRECTION('',(0.954618725555866,0.297830637809636,0.0));
#8291=DIRECTION('',(0.961905105094965,0.273383556184793,0.0));
#8292=DIRECTION('',(0.968235788570754,0.250038912433186,0.0));
#8293=DIRECTION('',(0.973380046138481,0.229197045747648,0.0));
#8294=DIRECTION('',(0.979972979334534,0.199130509400737,0.0));
#8295=DIRECTION('',(0.979972979334534,-0.19913050940074,0.0));
#8296=DIRECTION('',(0.973380046138482,-0.229197045747642,0.0));
#8297=DIRECTION('',(0.968235788570753,-0.25003891243319,0.0));
#8298=DIRECTION('',(0.961905105094968,-0.273383556184785,0.0));
#8299=DIRECTION('',(0.95461872555586,-0.297830637809653,0.0));
#8300=DIRECTION('',(0.948365641705904,-0.317179144383342,0.0));
#8301=DIRECTION('',(0.938379647758994,-0.345606187259004,0.0));
#8302=DIRECTION('',(0.931540531710686,-0.363637508764115,0.0));
#8303=DIRECTION('',(0.920088222103364,-0.391711199159113,0.0));
#8304=DIRECTION('',(0.911937770697686,-0.410328529808658,0.0));
#8305=DIRECTION('',(0.899373317406163,-0.437181467971634,0.0));
#8306=DIRECTION('',(0.890681798872282,-0.45462724638723,0.0));
#8307=DIRECTION('',(0.878080226162306,-0.47851344434901,0.0));
#8308=DIRECTION('',(0.866906303057536,-0.498471124258081,0.0));
#8309=DIRECTION('',(0.854650711815447,-0.51920339058345,0.0));
#8310=DIRECTION('',(0.841562741084258,-0.540159377238561,0.0));
#8311=DIRECTION('',(0.829662394057718,-0.558265449303838,0.0));
#8312=DIRECTION('',(0.813733471206721,-0.581238193719115,0.0));
#8313=DIRECTION('',(0.802506681488934,-0.59664313133197,0.0));
#8314=DIRECTION('',(-0.0,-0.0,1.0));
#8315=DIRECTION('',(-0.0,-0.0,1.0));
#8316=DIRECTION('',(-0.0,-0.0,1.0));
#8317=DIRECTION('',(-0.0,-0.0,1.0));
#8318=DIRECTION('',(1.0,-0.0,-0.0));
#8319=CARTESIAN_POINT('',(0.0078386,0.0526393702638552,0.00468267443158565));
#8320=DIRECTION('',(1.0,0.0,-0.0));
#8321=DIRECTION('',(0.0,0.959492973614497,0.28173255684143));
#8322=DIRECTION('',(1.0,0.0,0.0));
#8323=CARTESIAN_POINT('',(0.0268386,0.0526393702638552,0.00468267443158565));
#8324=DIRECTION('',(-1.0,0.0,0.0));
#8325=DIRECTION('',(0.0,0.959492973614497,0.281732556841432));
#8326=DIRECTION('',(1.0,-0.0,-0.0));
#8327=CARTESIAN_POINT('',(0.0078386,0.0556856926605473,-5.74957435426279E-05));
#8328=DIRECTION('',(1.0,0.0,-0.0));
#8329=DIRECTION('',(0.0,0.654860733945285,0.755749574354258));
#8330=DIRECTION('',(1.0,0.0,0.0));
#8331=CARTESIAN_POINT('',(0.0268386,0.0556856926605473,-5.74957435426279E-05));
#8332=DIRECTION('',(-1.0,0.0,0.0));
#8333=DIRECTION('',(0.0,0.654860733945283,0.755749574354259));
#8334=DIRECTION('',(1.0,-0.0,-0.0));
#8335=CARTESIAN_POINT('',(0.0078386,0.0608111516172673,-0.00239821441880937));
#8336=DIRECTION('',(1.0,0.0,-0.0));
#8337=DIRECTION('',(0.0,0.142314838273285,0.989821441880933));
#8338=DIRECTION('',(1.0,0.0,0.0));
#8339=CARTESIAN_POINT('',(0.0268386,0.0608111516172673,-0.00239821441880937));
#8340=DIRECTION('',(-1.0,0.0,0.0));
#8341=DIRECTION('',(0.0,0.142314838273284,0.989821441880933));
#8342=DIRECTION('',(1.0,0.0,-0.0));
#8343=CARTESIAN_POINT('',(0.0078386,0.066388450130019,-0.00159631995354523));
#8344=DIRECTION('',(1.0,0.0,0.0));
#8345=DIRECTION('',(0.0,-0.415415013001886,0.909631995354518));
#8346=DIRECTION('',(1.0,0.0,0.0));
#8347=CARTESIAN_POINT('',(0.0268386,0.066388450130019,-0.00159631995354523));
#8348=DIRECTION('',(-1.0,0.0,0.0));
#8349=DIRECTION('',(0.0,-0.415415013001889,0.909631995354517));
#8350=CARTESIAN_POINT('',(0.0268386,0.066388450130019,-0.00159631995354523));
#8351=DIRECTION('',(-1.0,0.0,0.0));
#8352=DIRECTION('',(0.0,-0.415415013001889,0.909631995354517));
#8353=DIRECTION('',(1.0,0.0,-0.0));
#8354=CARTESIAN_POINT('',(0.0078386,0.0706468353283119,0.00209359182544398));
#8355=DIRECTION('',(1.0,0.0,0.0));
#8356=DIRECTION('',(0.0,-0.841253532831181,0.540640817455598));
#8357=DIRECTION('',(1.0,0.0,0.0));
#8358=CARTESIAN_POINT('',(0.0268386,0.0706468353283119,0.00209359182544398));
#8359=DIRECTION('',(-1.0,0.0,0.0));
#8360=DIRECTION('',(0.0,-0.841253532831183,0.540640817455595));
#8361=CARTESIAN_POINT('',(0.0268386,0.0706468353283119,0.00209359182544398));
#8362=DIRECTION('',(-1.0,0.0,0.0));
#8363=DIRECTION('',(0.0,-0.841253532831183,0.540640817455595));
#8364=DIRECTION('',(1.0,-0.0,-0.0));
#8365=CARTESIAN_POINT('',(0.0078386,0.0722343000000001,0.00749999999999995));
#8366=DIRECTION('',(1.0,0.0,0.0));
#8367=DIRECTION('',(-0.0,-1.0,0.0));
#8368=DIRECTION('',(1.0,-0.0,-0.0));
#8369=CARTESIAN_POINT('',(0.0268386,0.0722343000000001,0.00749999999999995));
#8370=DIRECTION('',(-1.0,0.0,0.0));
#8371=DIRECTION('',(0.0,-1.0,0.0));
#8372=DIRECTION('',(1.0,0.0,0.0));
#8373=CARTESIAN_POINT('',(0.0078386,0.0706468353283119,0.0129064081745559));
#8374=DIRECTION('',(1.0,0.0,0.0));
#8375=DIRECTION('',(0.0,-0.841253532831181,-0.540640817455597));
#8376=DIRECTION('',(1.0,0.0,0.0));
#8377=CARTESIAN_POINT('',(0.0268386,0.0706468353283119,0.0129064081745559));
#8378=DIRECTION('',(-1.0,-0.0,0.0));
#8379=DIRECTION('',(0.0,-0.841253532831183,-0.540640817455595));
#8380=DIRECTION('',(1.0,0.0,0.0));
#8381=CARTESIAN_POINT('',(0.0078386,0.066388450130019,0.0165963199535451));
#8382=DIRECTION('',(1.0,0.0,0.0));
#8383=DIRECTION('',(0.0,-0.415415013001886,-0.909631995354519));
#8384=DIRECTION('',(1.0,0.0,0.0));
#8385=CARTESIAN_POINT('',(0.0268386,0.066388450130019,0.0165963199535451));
#8386=DIRECTION('',(-1.0,-0.0,0.0));
#8387=DIRECTION('',(0.0,-0.415415013001889,-0.909631995354517));
#8388=DIRECTION('',(1.0,-0.0,0.0));
#8389=CARTESIAN_POINT('',(0.0078386,0.0608111516172673,0.0173982144188093));
#8390=DIRECTION('',(1.0,0.0,0.0));
#8391=DIRECTION('',(0.0,0.142314838273285,-0.989821441880933));
#8392=DIRECTION('',(1.0,0.0,0.0));
#8393=CARTESIAN_POINT('',(0.0268386,0.0608111516172673,0.0173982144188093));
#8394=DIRECTION('',(-1.0,0.0,0.0));
#8395=DIRECTION('',(0.0,0.142314838273284,-0.989821441880933));
#8396=CARTESIAN_POINT('',(0.0268386,0.0608111516172673,0.0173982144188093));
#8397=DIRECTION('',(-1.0,0.0,0.0));
#8398=DIRECTION('',(0.0,0.142314838273284,-0.989821441880933));
#8399=DIRECTION('',(1.0,-0.0,0.0));
#8400=CARTESIAN_POINT('',(0.0078386,0.0556856926605473,0.0150574957435425));
#8401=DIRECTION('',(1.0,0.0,0.0));
#8402=DIRECTION('',(0.0,0.654860733945285,-0.755749574354258));
#8403=DIRECTION('',(1.0,0.0,0.0));
#8404=CARTESIAN_POINT('',(0.0268386,0.0556856926605473,0.0150574957435425));
#8405=DIRECTION('',(-1.0,0.0,0.0));
#8406=DIRECTION('',(0.0,0.654860733945284,-0.755749574354259));
#8407=CARTESIAN_POINT('',(0.0268386,0.0556856926605473,0.0150574957435425));
#8408=DIRECTION('',(-1.0,0.0,0.0));
#8409=DIRECTION('',(0.0,0.654860733945284,-0.755749574354259));
#8410=DIRECTION('',(1.0,-0.0,0.0));
#8411=CARTESIAN_POINT('',(0.0078386,0.0526393702638552,0.0103173255684142));
#8412=DIRECTION('',(1.0,0.0,0.0));
#8413=DIRECTION('',(0.0,0.959492973614497,-0.281732556841429));
#8414=DIRECTION('',(1.0,0.0,0.0));
#8415=CARTESIAN_POINT('',(0.0268386,0.0526393702638552,0.0103173255684142));
#8416=DIRECTION('',(-1.0,0.0,0.0));
#8417=DIRECTION('',(0.0,0.959492973614499,-0.281732556841425));
#8418=CARTESIAN_POINT('',(0.0268386,0.0526393702638552,0.0103173255684142));
#8419=DIRECTION('',(-1.0,0.0,0.0));
#8420=DIRECTION('',(0.0,0.959492973614499,-0.281732556841425));
#8421=CARTESIAN_POINT('',(0.0268386,0.0706468353283119,0.0104064081745559));
#8422=DIRECTION('',(0.0,-1.0,0.0));
#8423=DIRECTION('',(0.0,0.0,-1.0));
#8424=CARTESIAN_POINT('',(0.0278386,0.0706468353283119,0.0129064081745559));
#8425=DIRECTION('',(1.0,0.0,0.0));
#8426=DIRECTION('',(0.0,-0.841253532831183,-0.540640817455595));
#8427=CARTESIAN_POINT('',(0.0268386,0.0706468353283119,0.0129064081745559));
#8428=DIRECTION('',(-1.0,-0.0,0.0));
#8429=DIRECTION('',(0.0,-0.841253532831183,-0.540640817455595));
#8430=CARTESIAN_POINT('',(0.0268386,0.066388450130019,0.0140963199535451));
#8431=DIRECTION('',(0.0,-1.0,0.0));
#8432=DIRECTION('',(0.0,0.0,-1.0));
#8433=CARTESIAN_POINT('',(0.0278386,0.066388450130019,0.0165963199535451));
#8434=DIRECTION('',(1.0,0.0,0.0));
#8435=DIRECTION('',(0.0,-0.415415013001889,-0.909631995354517));
#8436=CARTESIAN_POINT('',(0.0268386,0.066388450130019,0.0165963199535451));
#8437=DIRECTION('',(-1.0,-0.0,0.0));
#8438=DIRECTION('',(0.0,-0.415415013001889,-0.909631995354517));
#8439=CARTESIAN_POINT('',(0.0268386,0.0608111516172673,0.0148982144188093));
#8440=DIRECTION('',(0.0,-1.0,0.0));
#8441=DIRECTION('',(0.0,0.0,-1.0));
#8442=CARTESIAN_POINT('',(0.0278386,0.0608111516172673,0.0173982144188093));
#8443=DIRECTION('',(1.0,-0.0,0.0));
#8444=DIRECTION('',(0.0,0.142314838273284,-0.989821441880933));
#8445=CARTESIAN_POINT('',(0.0268386,0.0608111516172673,0.0173982144188093));
#8446=DIRECTION('',(-1.0,0.0,0.0));
#8447=DIRECTION('',(0.0,0.142314838273284,-0.989821441880933));
#8448=CARTESIAN_POINT('',(0.0268386,0.0556856926605473,0.0125574957435425));
#8449=DIRECTION('',(0.0,-1.0,0.0));
#8450=DIRECTION('',(0.0,0.0,-1.0));
#8451=CARTESIAN_POINT('',(0.0278386,0.0556856926605473,0.0150574957435425));
#8452=DIRECTION('',(1.0,-0.0,0.0));
#8453=DIRECTION('',(0.0,0.654860733945284,-0.755749574354259));
#8454=CARTESIAN_POINT('',(0.0268386,0.0556856926605473,0.0150574957435425));
#8455=DIRECTION('',(-1.0,0.0,0.0));
#8456=DIRECTION('',(0.0,0.654860733945284,-0.755749574354259));
#8457=CARTESIAN_POINT('',(0.0268386,0.0526393702638552,0.00781732556841424));
#8458=DIRECTION('',(0.0,-1.0,0.0));
#8459=DIRECTION('',(0.0,0.0,-1.0));
#8460=CARTESIAN_POINT('',(0.0278386,0.0526393702638552,0.0103173255684142));
#8461=DIRECTION('',(1.0,-0.0,0.0));
#8462=DIRECTION('',(0.0,0.959492973614499,-0.281732556841425));
#8463=CARTESIAN_POINT('',(0.0268386,0.0526393702638552,0.0103173255684142));
#8464=DIRECTION('',(-1.0,0.0,0.0));
#8465=DIRECTION('',(0.0,0.959492973614499,-0.281732556841425));
#8466=CARTESIAN_POINT('',(0.0268386,0.0526393702638552,0.00718267443158565));
#8467=DIRECTION('',(0.0,-1.0,0.0));
#8468=DIRECTION('',(0.0,0.0,1.0));
#8469=CARTESIAN_POINT('',(0.0268386,0.0526393702638552,0.00468267443158565));
#8470=DIRECTION('',(-1.0,0.0,0.0));
#8471=DIRECTION('',(0.0,0.959492973614497,0.281732556841432));
#8472=CARTESIAN_POINT('',(0.0278386,0.0526393702638552,0.00468267443158565));
#8473=DIRECTION('',(1.0,0.0,-0.0));
#8474=DIRECTION('',(0.0,0.959492973614497,0.281732556841432));
#8475=CARTESIAN_POINT('',(0.0268386,0.0556856926605473,0.00244250425645737));
#8476=DIRECTION('',(0.0,-1.0,0.0));
#8477=DIRECTION('',(0.0,0.0,1.0));
#8478=CARTESIAN_POINT('',(0.0268386,0.0556856926605473,-5.74957435426279E-05));
#8479=DIRECTION('',(-1.0,0.0,0.0));
#8480=DIRECTION('',(0.0,0.654860733945283,0.755749574354259));
#8481=CARTESIAN_POINT('',(0.0278386,0.0556856926605473,-5.74957435426279E-05));
#8482=DIRECTION('',(1.0,0.0,-0.0));
#8483=DIRECTION('',(0.0,0.654860733945284,0.755749574354259));
#8484=CARTESIAN_POINT('',(0.0268386,0.0608111516172673,0.000101785581190625));
#8485=DIRECTION('',(0.0,-1.0,0.0));
#8486=DIRECTION('',(0.0,0.0,1.0));
#8487=CARTESIAN_POINT('',(0.0268386,0.0608111516172673,-0.00239821441880937));
#8488=DIRECTION('',(-1.0,0.0,0.0));
#8489=DIRECTION('',(0.0,0.142314838273284,0.989821441880933));
#8490=CARTESIAN_POINT('',(0.0278386,0.0608111516172673,-0.00239821441880937));
#8491=DIRECTION('',(1.0,0.0,-0.0));
#8492=DIRECTION('',(0.0,0.142314838273284,0.989821441880933));
#8493=CARTESIAN_POINT('',(0.0268386,0.066388450130019,0.000903680046454762));
#8494=DIRECTION('',(0.0,-1.0,0.0));
#8495=DIRECTION('',(0.0,0.0,1.0));
#8496=CARTESIAN_POINT('',(0.0278386,0.066388450130019,-0.00159631995354523));
#8497=DIRECTION('',(1.0,0.0,-0.0));
#8498=DIRECTION('',(0.0,-0.415415013001889,0.909631995354517));
#8499=CARTESIAN_POINT('',(0.0268386,0.0706468353283119,0.00459359182544398));
#8500=DIRECTION('',(0.0,-1.0,0.0));
#8501=DIRECTION('',(0.0,0.0,1.0));
#8502=CARTESIAN_POINT('',(0.0278386,0.0706468353283119,0.00209359182544398));
#8503=DIRECTION('',(1.0,0.0,-0.0));
#8504=DIRECTION('',(0.0,-0.841253532831183,0.540640817455595));
#8505=DIRECTION('',(1.0,-0.0,-0.0));
#8506=CARTESIAN_POINT('',(0.0208386,0.0622343000000001,0.00749999999999995));
#8507=DIRECTION('',(-1.0,0.0,0.0));
#8508=DIRECTION('',(0.0,1.0,0.0));
#8509=DIRECTION('',(-1.0,-0.0,-0.0));
#8510=CARTESIAN_POINT('',(0.0270386,0.0622343000000001,0.00749999999999995));
#8511=DIRECTION('',(-1.0,0.0,0.0));
#8512=DIRECTION('',(0.0,1.0,0.0));
#8513=CARTESIAN_POINT('',(0.0270386,0.0622343000000001,0.00749999999999995));
#8514=DIRECTION('',(-1.0,0.0,0.0));
#8515=DIRECTION('',(0.0,1.0,0.0));
#8516=CARTESIAN_POINT('',(0.0270386,0.0622343000000001,0.000699999999999952));
#8517=DIRECTION('',(0.0,-1.0,0.0));
#8518=DIRECTION('',(0.0,0.0,-1.0));
#8519=CARTESIAN_POINT('',(0.0278386,0.0622343000000001,0.00749999999999995));
#8520=DIRECTION('',(1.0,0.0,-0.0));
#8521=DIRECTION('',(0.0,1.0,0.0));
#8522=CARTESIAN_POINT('',(0.0270386,0.0622343000000001,0.0142999999999999));
#8523=DIRECTION('',(0.0,-1.0,0.0));
#8524=DIRECTION('',(0.0,0.0,1.0));
#8525=CARTESIAN_POINT('',(0.0270386,0.0622343000000001,0.00749999999999995));
#8526=DIRECTION('',(-1.0,0.0,0.0));
#8527=DIRECTION('',(0.0,1.0,0.0));
#8528=DIRECTION('',(-1.0,0.0,0.0));
#8529=CARTESIAN_POINT('',(0.0208386,0.0622343000000001,0.00749999999999995));
#8530=DIRECTION('',(-1.0,0.0,0.0));
#8531=DIRECTION('',(0.0,1.0,0.0));
#8532=DIRECTION('',(1.0,-0.0,-0.0));
#8533=CARTESIAN_POINT('',(0.0130386,0.0622343000000001,0.00749999999999995));
#8534=DIRECTION('',(-1.0,0.0,0.0));
#8535=DIRECTION('',(0.0,1.0,0.0));
#8536=CARTESIAN_POINT('',(0.0130386,0.0622343000000001,0.00749999999999995));
#8537=DIRECTION('',(-1.0,0.0,0.0));
#8538=DIRECTION('',(0.0,1.0,0.0));
#8539=CARTESIAN_POINT('',(0.0208386,0.0622343000000001,0.00749999999999995));
#8540=DIRECTION('',(-1.0,0.0,0.0));
#8541=DIRECTION('',(0.0,1.0,0.0));
#8542=DIRECTION('',(0.0,-0.866025403784439,0.499999999999999));
#8543=DIRECTION('',(1.0,0.0,0.0));
#8544=DIRECTION('',(0.0,0.866025403784439,-0.499999999999999));
#8545=DIRECTION('',(1.0,0.0,0.0));
#8546=DIRECTION('',(-0.0,-0.866025403784438,-0.500000000000001));
#8547=DIRECTION('',(1.0,0.0,0.0));
#8548=DIRECTION('',(0.0,0.866025403784438,0.500000000000001));
#8549=DIRECTION('',(-0.0,0.0,-1.0));
#8550=DIRECTION('',(1.0,0.0,0.0));
#8551=DIRECTION('',(0.0,0.0,1.0));
#8552=DIRECTION('',(0.0,0.866025403784439,-0.5));
#8553=DIRECTION('',(1.0,0.0,0.0));
#8554=DIRECTION('',(0.0,-0.866025403784439,0.5));
#8555=DIRECTION('',(0.0,0.866025403784439,0.5));
#8556=DIRECTION('',(1.0,0.0,0.0));
#8557=DIRECTION('',(0.0,-0.866025403784439,-0.5));
#8558=DIRECTION('',(0.0,-0.0,1.0));
#8559=DIRECTION('',(0.0,0.0,-1.0));
#8560=CARTESIAN_POINT('',(0.0078386,0.0722343000000001,0.00749999999999995));
#8561=DIRECTION('',(1.0,0.0,0.0));
#8562=DIRECTION('',(-0.0,-1.0,0.0));
#8563=CARTESIAN_POINT('',(0.0078386,0.0622343000000001,0.00749999999999995));
#8564=DIRECTION('',(1.0,0.0,0.0));
#8565=DIRECTION('',(0.0,-0.841253532831181,0.540640817455598));
#8566=CARTESIAN_POINT('',(0.0078386,0.0706468353283119,0.00209359182544398));
#8567=DIRECTION('',(1.0,0.0,0.0));
#8568=DIRECTION('',(0.0,-0.841253532831181,0.540640817455598));
#8569=CARTESIAN_POINT('',(0.0078386,0.0622343000000001,0.00749999999999995));
#8570=DIRECTION('',(1.0,0.0,0.0));
#8571=DIRECTION('',(0.0,-0.415415013001886,0.909631995354518));
#8572=CARTESIAN_POINT('',(0.0078386,0.066388450130019,-0.00159631995354523));
#8573=DIRECTION('',(1.0,0.0,0.0));
#8574=DIRECTION('',(0.0,-0.415415013001886,0.909631995354518));
#8575=CARTESIAN_POINT('',(0.0078386,0.0622343000000001,0.00749999999999995));
#8576=DIRECTION('',(1.0,0.0,-0.0));
#8577=DIRECTION('',(0.0,0.142314838273285,0.989821441880933));
#8578=CARTESIAN_POINT('',(0.0078386,0.0608111516172673,-0.00239821441880937));
#8579=DIRECTION('',(1.0,0.0,-0.0));
#8580=DIRECTION('',(0.0,0.142314838273285,0.989821441880933));
#8581=CARTESIAN_POINT('',(0.0078386,0.0622343000000001,0.00749999999999995));
#8582=DIRECTION('',(1.0,0.0,-0.0));
#8583=DIRECTION('',(0.0,0.654860733945285,0.755749574354258));
#8584=CARTESIAN_POINT('',(0.0078386,0.0556856926605473,-5.74957435426279E-05));
#8585=DIRECTION('',(1.0,0.0,-0.0));
#8586=DIRECTION('',(0.0,0.654860733945285,0.755749574354258));
#8587=CARTESIAN_POINT('',(0.0078386,0.0622343000000001,0.00749999999999995));
#8588=DIRECTION('',(1.0,0.0,-0.0));
#8589=DIRECTION('',(0.0,0.959492973614497,0.28173255684143));
#8590=CARTESIAN_POINT('',(0.0078386,0.0526393702638552,0.00468267443158565));
#8591=DIRECTION('',(1.0,0.0,-0.0));
#8592=DIRECTION('',(0.0,0.959492973614497,0.28173255684143));
#8593=CARTESIAN_POINT('',(0.0078386,0.0622343000000001,0.00749999999999995));
#8594=DIRECTION('',(1.0,0.0,0.0));
#8595=DIRECTION('',(0.0,0.959492973614497,-0.281732556841429));
#8596=CARTESIAN_POINT('',(0.0078386,0.0526393702638552,0.0103173255684142));
#8597=DIRECTION('',(1.0,0.0,0.0));
#8598=DIRECTION('',(0.0,0.959492973614497,-0.281732556841429));
#8599=CARTESIAN_POINT('',(0.0078386,0.0622343000000001,0.00749999999999995));
#8600=DIRECTION('',(1.0,0.0,0.0));
#8601=DIRECTION('',(0.0,0.654860733945285,-0.755749574354258));
#8602=CARTESIAN_POINT('',(0.0078386,0.0556856926605473,0.0150574957435425));
#8603=DIRECTION('',(1.0,0.0,0.0));
#8604=DIRECTION('',(0.0,0.654860733945285,-0.755749574354258));
#8605=CARTESIAN_POINT('',(0.0078386,0.0622343000000001,0.00749999999999995));
#8606=DIRECTION('',(1.0,0.0,0.0));
#8607=DIRECTION('',(0.0,0.142314838273285,-0.989821441880933));
#8608=CARTESIAN_POINT('',(0.0078386,0.0608111516172673,0.0173982144188093));
#8609=DIRECTION('',(1.0,0.0,0.0));
#8610=DIRECTION('',(0.0,0.142314838273285,-0.989821441880933));
#8611=CARTESIAN_POINT('',(0.0078386,0.0622343000000001,0.00749999999999995));
#8612=DIRECTION('',(1.0,0.0,0.0));
#8613=DIRECTION('',(0.0,-0.415415013001886,-0.909631995354519));
#8614=CARTESIAN_POINT('',(0.0078386,0.066388450130019,0.0165963199535451));
#8615=DIRECTION('',(1.0,0.0,0.0));
#8616=DIRECTION('',(0.0,-0.415415013001886,-0.909631995354519));
#8617=CARTESIAN_POINT('',(0.0078386,0.0622343000000001,0.00749999999999995));
#8618=DIRECTION('',(1.0,0.0,0.0));
#8619=DIRECTION('',(0.0,-0.841253532831181,-0.540640817455597));
#8620=CARTESIAN_POINT('',(0.0078386,0.0706468353283119,0.0129064081745559));
#8621=DIRECTION('',(1.0,0.0,0.0));
#8622=DIRECTION('',(0.0,-0.841253532831181,-0.540640817455597));
#8623=CARTESIAN_POINT('',(0.0078386,0.0622343000000001,0.00749999999999995));
#8624=DIRECTION('',(1.0,0.0,0.0));
#8625=DIRECTION('',(-0.0,-1.0,0.0));
#8626=CARTESIAN_POINT('',(0.0270386,0.0622343000000001,0.00749999999999995));
#8627=DIRECTION('',(-1.0,0.0,0.0));
#8628=DIRECTION('',(0.0,1.0,0.0));
#8629=CARTESIAN_POINT('',(0.0278386,0.0622343000000001,0.00749999999999995));
#8630=DIRECTION('',(1.0,0.0,-0.0));
#8631=DIRECTION('',(0.0,1.0,0.0));
#8632=CARTESIAN_POINT('',(0.0278386,0.0622343000000001,0.00749999999999995));
#8633=DIRECTION('',(1.0,0.0,-0.0));
#8634=DIRECTION('',(0.0,1.0,0.0));
#8635=CARTESIAN_POINT('',(0.0208386,0.0622343000000001,0.00749999999999995));
#8636=DIRECTION('',(-1.0,0.0,0.0));
#8637=DIRECTION('',(0.0,1.0,0.0));
#8638=CARTESIAN_POINT('',(0.0278386,0.0622343000000001,0.00749999999999995));
#8639=DIRECTION('',(-1.0,0.0,0.0));
#8640=DIRECTION('',(0.0,0.959492973614497,0.28173255684143));
#8641=CARTESIAN_POINT('',(0.0278386,0.0706468353283119,0.0129064081745559));
#8642=DIRECTION('',(1.0,0.0,0.0));
#8643=DIRECTION('',(0.0,-0.841253532831183,-0.540640817455595));
#8644=CARTESIAN_POINT('',(0.0278386,0.0622343000000001,0.00749999999999995));
#8645=DIRECTION('',(-1.0,0.0,0.0));
#8646=DIRECTION('',(0.0,0.654860733945284,0.755749574354259));
#8647=CARTESIAN_POINT('',(0.0278386,0.066388450130019,0.0165963199535451));
#8648=DIRECTION('',(1.0,0.0,0.0));
#8649=DIRECTION('',(0.0,-0.415415013001889,-0.909631995354517));
#8650=CARTESIAN_POINT('',(0.0278386,0.0622343000000001,0.00749999999999995));
#8651=DIRECTION('',(-1.0,0.0,0.0));
#8652=DIRECTION('',(0.0,0.142314838273284,0.989821441880933));
#8653=CARTESIAN_POINT('',(0.0278386,0.0608111516172673,0.0173982144188093));
#8654=DIRECTION('',(1.0,-0.0,0.0));
#8655=DIRECTION('',(0.0,0.142314838273284,-0.989821441880933));
#8656=CARTESIAN_POINT('',(0.0278386,0.0622343000000001,0.00749999999999995));
#8657=DIRECTION('',(-1.0,0.0,0.0));
#8658=DIRECTION('',(0.0,-0.415415013001887,0.909631995354518));
#8659=CARTESIAN_POINT('',(0.0278386,0.0556856926605473,0.0150574957435425));
#8660=DIRECTION('',(1.0,-0.0,0.0));
#8661=DIRECTION('',(0.0,0.654860733945284,-0.755749574354259));
#8662=CARTESIAN_POINT('',(0.0278386,0.0622343000000001,0.00749999999999995));
#8663=DIRECTION('',(-1.0,0.0,0.0));
#8664=DIRECTION('',(0.0,-0.841253532831181,0.540640817455598));
#8665=CARTESIAN_POINT('',(0.0278386,0.0622343000000001,0.00749999999999995));
#8666=DIRECTION('',(-1.0,-0.0,0.0));
#8667=DIRECTION('',(0.0,-1.0,-6.93889390390723E-16));
#8668=CARTESIAN_POINT('',(0.0278386,0.0622343000000001,0.00749999999999995));
#8669=DIRECTION('',(-1.0,-0.0,0.0));
#8670=DIRECTION('',(0.0,-0.841253532831181,-0.540640817455598));
#8671=CARTESIAN_POINT('',(0.0278386,0.0556856926605473,-5.74957435426279E-05));
#8672=DIRECTION('',(1.0,0.0,-0.0));
#8673=DIRECTION('',(0.0,0.654860733945284,0.755749574354259));
#8674=CARTESIAN_POINT('',(0.0278386,0.0622343000000001,0.00749999999999995));
#8675=DIRECTION('',(-1.0,-0.0,0.0));
#8676=DIRECTION('',(0.0,-0.415415013001886,-0.909631995354519));
#8677=CARTESIAN_POINT('',(0.0278386,0.0608111516172673,-0.00239821441880937));
#8678=DIRECTION('',(1.0,0.0,-0.0));
#8679=DIRECTION('',(0.0,0.142314838273284,0.989821441880933));
#8680=CARTESIAN_POINT('',(0.0278386,0.0622343000000001,0.00749999999999995));
#8681=DIRECTION('',(-1.0,0.0,0.0));
#8682=DIRECTION('',(0.0,0.142314838273286,-0.989821441880932));
#8683=CARTESIAN_POINT('',(0.0278386,0.066388450130019,-0.00159631995354523));
#8684=DIRECTION('',(1.0,0.0,-0.0));
#8685=DIRECTION('',(0.0,-0.415415013001889,0.909631995354517));
#8686=CARTESIAN_POINT('',(0.0278386,0.0622343000000001,0.00749999999999995));
#8687=DIRECTION('',(-1.0,0.0,0.0));
#8688=DIRECTION('',(0.0,0.654860733945285,-0.755749574354258));
#8689=CARTESIAN_POINT('',(0.0278386,0.0706468353283119,0.00209359182544398));
#8690=DIRECTION('',(1.0,0.0,-0.0));
#8691=DIRECTION('',(0.0,-0.841253532831183,0.540640817455595));
#8692=CARTESIAN_POINT('',(0.0278386,0.0622343000000001,0.00749999999999995));
#8693=DIRECTION('',(-1.0,0.0,0.0));
#8694=DIRECTION('',(0.0,0.959492973614497,-0.28173255684143));
#8695=CARTESIAN_POINT('',(0.0278386,0.0722343000000001,0.00749999999999995));
#8696=DIRECTION('',(1.0,0.0,-0.0));
#8697=DIRECTION('',(0.0,-1.0,0.0));
#8698=CARTESIAN_POINT('',(0.0268386,0.0622343000000001,0.00749999999999995));
#8699=DIRECTION('',(1.0,0.0,-0.0));
#8700=DIRECTION('',(0.0,0.959492973614497,0.28173255684143));
#8701=CARTESIAN_POINT('',(0.0268386,0.0722343000000001,0.00749999999999995));
#8702=DIRECTION('',(-1.0,0.0,0.0));
#8703=DIRECTION('',(0.0,-1.0,0.0));
#8704=CARTESIAN_POINT('',(0.0268386,0.0622343000000001,0.00749999999999995));
#8705=DIRECTION('',(1.0,-0.0,0.0));
#8706=DIRECTION('',(0.0,0.959492973614497,-0.28173255684143));
#8707=CARTESIAN_POINT('',(0.0268386,0.0706468353283119,0.00209359182544398));
#8708=DIRECTION('',(-1.0,0.0,0.0));
#8709=DIRECTION('',(0.0,-0.841253532831183,0.540640817455595));
#8710=CARTESIAN_POINT('',(0.0268386,0.0622343000000001,0.00749999999999995));
#8711=DIRECTION('',(1.0,-0.0,0.0));
#8712=DIRECTION('',(0.0,0.654860733945285,-0.755749574354258));
#8713=CARTESIAN_POINT('',(0.0268386,0.066388450130019,-0.00159631995354523));
#8714=DIRECTION('',(-1.0,0.0,0.0));
#8715=DIRECTION('',(0.0,-0.415415013001889,0.909631995354517));
#8716=CARTESIAN_POINT('',(0.0268386,0.0622343000000001,0.00749999999999995));
#8717=DIRECTION('',(1.0,-0.0,0.0));
#8718=DIRECTION('',(0.0,0.142314838273286,-0.989821441880933));
#8719=CARTESIAN_POINT('',(0.0268386,0.0608111516172673,-0.00239821441880937));
#8720=DIRECTION('',(-1.0,0.0,0.0));
#8721=DIRECTION('',(0.0,0.142314838273284,0.989821441880933));
#8722=CARTESIAN_POINT('',(0.0268386,0.0622343000000001,0.00749999999999995));
#8723=DIRECTION('',(1.0,0.0,0.0));
#8724=DIRECTION('',(0.0,-0.415415013001886,-0.909631995354519));
#8725=CARTESIAN_POINT('',(0.0268386,0.0556856926605473,-5.74957435426279E-05));
#8726=DIRECTION('',(-1.0,0.0,0.0));
#8727=DIRECTION('',(0.0,0.654860733945283,0.755749574354259));
#8728=CARTESIAN_POINT('',(0.0268386,0.0622343000000001,0.00749999999999995));
#8729=DIRECTION('',(1.0,0.0,0.0));
#8730=DIRECTION('',(0.0,-0.841253532831181,-0.540640817455598));
#8731=CARTESIAN_POINT('',(0.0268386,0.0526393702638552,0.00468267443158565));
#8732=DIRECTION('',(-1.0,0.0,0.0));
#8733=DIRECTION('',(0.0,0.959492973614497,0.281732556841432));
#8734=CARTESIAN_POINT('',(0.0268386,0.0622343000000001,0.00749999999999995));
#8735=DIRECTION('',(1.0,0.0,0.0));
#8736=DIRECTION('',(0.0,-1.0,-6.93889390390723E-16));
#8737=CARTESIAN_POINT('',(0.0268386,0.0622343000000001,0.00749999999999995));
#8738=DIRECTION('',(1.0,0.0,-0.0));
#8739=DIRECTION('',(0.0,-0.841253532831181,0.540640817455598));
#8740=CARTESIAN_POINT('',(0.0268386,0.0622343000000001,0.00749999999999995));
#8741=DIRECTION('',(1.0,0.0,-0.0));
#8742=DIRECTION('',(0.0,-0.415415013001887,0.909631995354518));
#8743=CARTESIAN_POINT('',(0.0268386,0.0622343000000001,0.00749999999999995));
#8744=DIRECTION('',(1.0,0.0,-0.0));
#8745=DIRECTION('',(0.0,0.142314838273284,0.989821441880933));
#8746=CARTESIAN_POINT('',(0.0268386,0.066388450130019,0.0165963199535451));
#8747=DIRECTION('',(-1.0,-0.0,0.0));
#8748=DIRECTION('',(0.0,-0.415415013001889,-0.909631995354517));
#8749=CARTESIAN_POINT('',(0.0268386,0.0622343000000001,0.00749999999999995));
#8750=DIRECTION('',(1.0,0.0,-0.0));
#8751=DIRECTION('',(0.0,0.654860733945284,0.755749574354259));
#8752=CARTESIAN_POINT('',(0.0268386,0.0706468353283119,0.0129064081745559));
#8753=DIRECTION('',(-1.0,-0.0,0.0));
#8754=DIRECTION('',(0.0,-0.841253532831183,-0.540640817455595));
#8755=DIRECTION('',(1.0,0.0,0.0));
#8756=DIRECTION('',(1.0,0.0,0.0));
#8757=DIRECTION('',(1.0,0.0,0.0));
#8758=DIRECTION('',(1.0,0.0,0.0));
#8759=DIRECTION('',(1.0,0.0,0.0));
#8760=DIRECTION('',(1.0,0.0,0.0));
#8761=DIRECTION('',(1.0,-0.0,-0.0));
#8762=DIRECTION('',(1.0,0.0,0.0));
#8763=DIRECTION('',(1.0,0.0,0.0));
#8764=DIRECTION('',(1.0,0.0,0.0));
#8765=DIRECTION('',(1.0,0.0,0.0));
#8766=PRESENTATION_LAYER_ASSIGNMENT('9','Layer0',(#40));
#8767=PRESENTATION_LAYER_ASSIGNMENT('31','Layer 1',(#34,#36,#38));
ENDSEC;
END-ISO-10303-21;
